{
  "type": "FeatureCollection",
  "features": [
    {
      "type": "Feature",
      "geometry": {
        "type": "Polygon",
        "coordinates": [
          [
            [
              79.05252062753158,
              46.46401942517042
            ],
            [
              79.02573349196263,
              46.43369992007587
            ],
            [
              78.99217598146959,
              46.407207148634
            ],
            [
              78.95302555256109,
              46.385129839099136
            ],
            [
              78.90857656936419,
              46.368351083852616
            ],
            [
              78.88414434681226,
              46.365113078454186
            ],
            [
              78.79465765216423,
              46.37777073592085
            ],
            [
              78.73107500070381,
              46.39631567593014
            ],
            [
              78.711352604186,
              46.39454949116734
            ],
            [
              78.67544018067593,
              46.37983128481076
            ],
            [
              78.65512905590384,
              46.37482709464953
            ],
            [
              78.63893902891158,
              46.37364963814099
            ],
            [
              78.62274900191937,
              46.37453273052239
            ],
            [
              78.60773643143563,
              46.377476371793705
            ],
            [
              78.59390131746045,
              46.38218619782782
            ],
            [
              78.5468030571194,
              46.406029692125486
            ],
            [
              78.52531447583874,
              46.409267697523916
            ],
            [
              78.47203456882795,
              46.406912784506886
            ],
            [
              78.4561389059628,
              46.40249732259991
            ],
            [
              78.440831971352,
              46.3951382194216
            ],
            [
              78.42611376499542,
              46.383363654336335
            ],
            [
              78.4178715694357,
              46.367467991471244
            ],
            [
              78.42169830308842,
              46.34803995908055
            ],
            [
              78.43435596055508,
              46.33803157875806
            ],
            [
              78.46761910692095,
              46.32920065494412
            ],
            [
              78.47703875898918,
              46.32007536700303
            ],
            [
              78.47115147644655,
              46.29446568794259
            ],
            [
              78.440831971352,
              46.28740094889142
            ],
            [
              78.40462518371476,
              46.29505441619685
            ],
            [
              78.38019296116283,
              46.313304992079
            ],
            [
              78.38784642846827,
              46.313304992079
            ],
            [
              78.36694657544194,
              46.33979776352086
            ],
            [
              78.33809889098302,
              46.356576518767355
            ],
            [
              78.30689629350707,
              46.36216943718287
            ],
            [
              78.27893170142954,
              46.3542216057503
            ],
            [
              78.29217808715049,
              46.34803995908055
            ],
            [
              78.26185858205594,
              46.33096683970692
            ],
            [
              78.14793966485598,
              46.34597941019061
            ],
            [
              78.1073174153118,
              46.34126958415652
            ],
            [
              78.1073174153118,
              46.33361611685109
            ],
            [
              78.11703143150714,
              46.332438660342575
            ],
            [
              78.1261567194482,
              46.33302738859683
            ],
            [
              78.13498764326215,
              46.33597102986815
            ],
            [
              78.14264111056758,
              46.34126958415652
            ],
            [
              78.15058894200013,
              46.33391048097823
            ],
            [
              78.16030295819547,
              46.32949501907126
            ],
            [
              78.1706057026451,
              46.327434470181316
            ],
            [
              78.18238026773037,
              46.327434470181316
            ],
            [
              78.16442405597536,
              46.3124218996976
            ],
            [
              78.13204400199083,
              46.311538807316225
            ],
            [
              78.04285167146998,
              46.324785193037144
            ],
            [
              78.02047999780797,
              46.33685412224955
            ],
            [
              77.97691410699247,
              46.368351083852616
            ],
            [
              77.87123738535217,
              46.42575208864329
            ],
            [
              77.81148146754447,
              46.4387041102371
            ],
            [
              77.75761283227939,
              46.42310281149912
            ],
            [
              77.75761283227939,
              46.41544934419369
            ],
            [
              77.7773352287972,
              46.42163099086346
            ],
            [
              77.79911817420492,
              46.42398590388052
            ],
            [
              77.82060675548553,
              46.42221971911772
            ],
            [
              77.83915169549482,
              46.41544934419369
            ],
            [
              77.8226673043755,
              46.40956206165106
            ],
            [
              77.80088435896772,
              46.40544096387123
            ],
            [
              77.76143956593211,
              46.40249732259991
            ],
            [
              77.74377771830416,
              46.396021311803
            ],
            [
              77.72876514782047,
              46.38365801846348
            ],
            [
              77.71375257733678,
              46.37541582290379
            ],
            [
              77.6955020014546,
              46.38218619782782
            ],
            [
              77.70521601764995,
              46.390722757514624
            ],
            [
              77.7373017075073,
              46.409267697523916
            ],
            [
              77.59512383410271,
              46.41957044197355
            ],
            [
              77.48503165055547,
              46.46048705564485
            ],
            [
              77.45147414006243,
              46.48815728359523
            ],
            [
              77.43322356418025,
              46.49934312042623
            ],
            [
              77.41173498289965,
              46.506113495350235
            ],
            [
              77.38730276034772,
              46.50640785947738
            ],
            [
              77.36434235843149,
              46.49904875629909
            ],
            [
              77.31606664158187,
              46.47579399025568
            ],
            [
              77.28309785934312,
              46.467846158823136
            ],
            [
              77.26455291933382,
              46.45401104484793
            ],
            [
              77.25366144662996,
              46.451067403576616
            ],
            [
              77.24394743043462,
              46.453422316593674
            ],
            [
              77.23688269138347,
              46.45872087088205
            ],
            [
              77.23070104471367,
              46.46549124580608
            ],
            [
              77.22275321328112,
              46.47078980009445
            ],
            [
              77.20332518089043,
              46.47814890327274
            ],
            [
              77.17977605071991,
              46.483741821688255
            ],
            [
              77.1565212846765,
              46.483741821688255
            ],
            [
              77.1376819805401,
              46.47461653374717
            ],
            [
              77.1182539481494,
              46.45960396326345
            ],
            [
              77.09705973099591,
              46.451950495958016
            ],
            [
              77.07321623669824,
              46.44959558294096
            ],
            [
              77.04466291636646,
              46.451067403576616
            ],
            [
              76.92897781440374,
              46.47844326739988
            ],
            [
              76.9278003578952,
              46.45724905024639
            ],
            [
              76.91249342328436,
              46.45783777850065
            ],
            [
              76.79209849528749,
              46.51935988107118
            ],
            [
              76.75206497399759,
              46.5326062667921
            ],
            [
              76.39735620080393,
              46.54084846235179
            ],
            [
              76.37939998904889,
              46.54526392425876
            ],
            [
              76.30404277250318,
              46.575583429353316
            ],
            [
              76.28108237058692,
              46.57911579887892
            ],
            [
              76.26312615883188,
              46.57381724459054
            ],
            [
              76.27755000106134,
              46.56763559792077
            ],
            [
              76.28432037598537,
              46.566458141412255
            ],
            [
              76.28432037598537,
              46.56027649474248
            ],
            [
              76.26400925121328,
              46.5632201360138
            ],
            [
              76.25694451216214,
              46.566458141412255
            ],
            [
              76.25782760454351,
              46.54526392425876
            ],
            [
              76.24634740358539,
              46.54438083187736
            ],
            [
              76.22809682770321,
              46.55115120680139
            ],
            [
              76.2083744311854,
              46.55350611981845
            ],
            [
              76.21455607785515,
              46.53231190266496
            ],
            [
              76.19924914324432,
              46.52730771250373
            ],
            [
              76.12418629082575,
              46.53525554393627
            ],
            [
              76.0847414977901,
              46.54496956013162
            ],
            [
              76.06178109587381,
              46.54732447314868
            ],
            [
              76.05736563396684,
              46.542909011241704
            ],
            [
              76.06178109587381,
              46.53319499504636
            ],
            [
              76.06943456317924,
              46.523775342978155
            ],
            [
              76.07561620984902,
              46.51935988107118
            ],
            [
              76.07973730762885,
              46.51729933218124
            ],
            [
              76.07826548699319,
              46.512883870274266
            ],
            [
              76.07385002508622,
              46.50817404424018
            ],
            [
              76.06855147079784,
              46.50640785947738
            ],
            [
              76.06207546000095,
              46.50729095185878
            ],
            [
              76.0494178025343,
              46.51141204963861
            ],
            [
              76.04470797650018,
              46.51229514202001
            ],
            [
              75.94168053200411,
              46.50640785947738
            ],
            [
              75.94168053200411,
              46.51229514202001
            ],
            [
              75.94933399930952,
              46.51317823440141
            ],
            [
              75.9693507599545,
              46.51935988107118
            ],
            [
              75.96081420026766,
              46.531428810283586
            ],
            [
              75.95198327645372,
              46.53496117980916
            ],
            [
              75.92460741263048,
              46.532900630919244
            ],
            [
              75.89222735864598,
              46.54496956013162
            ],
            [
              75.87397678276383,
              46.54761883727582
            ],
            [
              75.85955294053437,
              46.52613025599521
            ],
            [
              75.8439516417964,
              46.521126065833954
            ],
            [
              75.80803921828632,
              46.51935988107118
            ],
            [
              75.80097447923518,
              46.51729933218124
            ],
            [
              75.78390135986152,
              46.507879680113035
            ],
            [
              75.77713098493751,
              46.50640785947738
            ],
            [
              75.77124370239486,
              46.509645864875836
            ],
            [
              75.76741696874217,
              46.51641623979987
            ],
            [
              75.76270714270805,
              46.52259788646961
            ],
            [
              75.7529931265127,
              46.52554152774093
            ],
            [
              75.72473417030807,
              46.53025135377504
            ],
            [
              75.71001596395149,
              46.5308400820293
            ],
            [
              75.69529775759489,
              46.52554152774093
            ],
            [
              75.68617246965383,
              46.514650055037066
            ],
            [
              75.67793027409414,
              46.4908065607394
            ],
            [
              75.66733316551739,
              46.48462491406963
            ],
            [
              75.65761914932204,
              46.48521364232391
            ],
            [
              75.65438114392359,
              46.49051219661226
            ],
            [
              75.65173186677941,
              46.496105115027774
            ],
            [
              75.64319530709258,
              46.498754392171946
            ],
            [
              75.63613056804144,
              46.496988207409174
            ],
            [
              75.61199270961663,
              46.48462491406963
            ],
            [
              75.5940364978616,
              46.47814890327274
            ],
            [
              75.57666901436085,
              46.47402780549291
            ],
            [
              75.53751858545232,
              46.47078980009445
            ],
            [
              75.54811569402906,
              46.48462491406963
            ],
            [
              75.57902392737788,
              46.501992397570405
            ],
            [
              75.58520557404765,
              46.51582751154558
            ],
            [
              75.5763746502337,
              46.52613025599521
            ],
            [
              75.52073983020583,
              46.55674412521691
            ],
            [
              75.47599648288181,
              46.603842385557954
            ],
            [
              75.46863737970352,
              46.61502822238896
            ],
            [
              75.47069792859344,
              46.62680278747425
            ],
            [
              75.47835139589887,
              46.632395705889735
            ],
            [
              75.48600486320427,
              46.63533934716105
            ],
            [
              75.48953723272987,
              46.63887171668662
            ],
            [
              75.49071468923839,
              46.64858573288197
            ],
            [
              75.49395269463685,
              46.655356107806
            ],
            [
              75.50042870543373,
              46.660065933840116
            ],
            [
              75.51014272162908,
              46.66271521098429
            ],
            [
              75.5139694552818,
              46.64976318939051
            ],
            [
              75.51691309655311,
              46.64210972208508
            ],
            [
              75.51573564004457,
              46.62680278747425
            ],
            [
              75.53310312354535,
              46.62091550493159
            ],
            [
              75.55635788958875,
              46.624153510330046
            ],
            [
              75.57166482419959,
              46.63533934716105
            ],
            [
              75.56106771562287,
              46.641520993830824
            ],
            [
              75.5634226286399,
              46.64799700462771
            ],
            [
              75.57313664483524,
              46.65300119478894
            ],
            [
              75.58520557404765,
              46.65594483606026
            ],
            [
              75.57313664483524,
              46.67095740654398
            ],
            [
              75.55253115593604,
              46.67684468908661
            ],
            [
              75.49159778161979,
              46.67566723257809
            ],
            [
              75.47923448828024,
              46.673312319561035
            ],
            [
              75.46804865144924,
              46.66889685765406
            ],
            [
              75.45568535810972,
              46.66271521098429
            ],
            [
              75.42713203777794,
              46.63887171668662
            ],
            [
              75.41741802158259,
              46.63533934716105
            ],
            [
              75.4015223587175,
              46.62621405921996
            ],
            [
              75.4024054510989,
              46.6050198420665
            ],
            [
              75.41153073903996,
              46.58176507602309
            ],
            [
              75.42095039110819,
              46.566458141412255
            ],
            [
              75.42772076603222,
              46.560570858869596
            ],
            [
              75.43449114095623,
              46.556449761089766
            ],
            [
              75.4397896952446,
              46.549679386165735
            ],
            [
              75.44185024413454,
              46.536433000444816
            ],
            [
              75.44508824953297,
              46.52495279948667
            ],
            [
              75.45333044509266,
              46.51729933218124
            ],
            [
              75.47599648288181,
              46.50640785947738
            ],
            [
              75.47570211875467,
              46.50346421820606
            ],
            [
              75.47511339050041,
              46.50140366931615
            ],
            [
              75.47423029811901,
              46.49993184868049
            ],
            [
              75.47246411335621,
              46.49934312042623
            ],
            [
              75.46010082001669,
              46.49404456613786
            ],
            [
              75.44597134191437,
              46.49669384328203
            ],
            [
              75.43566859746477,
              46.495222022646374
            ],
            [
              75.43449114095623,
              46.47844326739988
            ],
            [
              75.43007567904925,
              46.483741821688255
            ],
            [
              75.41888984221825,
              46.49345583788357
            ],
            [
              75.41418001618416,
              46.498754392171946
            ],
            [
              75.40269981522601,
              46.48227000105257
            ],
            [
              75.3885703371237,
              46.466079974060335
            ],
            [
              75.37149721775006,
              46.45548286548359
            ],
            [
              75.35265791361363,
              46.45724905024639
            ],
            [
              75.35471846250357,
              46.46048705564485
            ],
            [
              75.35677901139348,
              46.46755179469599
            ],
            [
              75.3588395602834,
              46.47078980009445
            ],
            [
              75.34088334852837,
              46.47461653374717
            ],
            [
              75.33264115296868,
              46.48933474010374
            ],
            [
              75.33293551709582,
              46.50493603884172
            ],
            [
              75.34206080503688,
              46.51229514202001
            ],
            [
              75.35677901139348,
              46.51582751154558
            ],
            [
              75.35236354948651,
              46.522892250596755
            ],
            [
              75.33676225074854,
              46.5299569896479
            ],
            [
              75.31821731073924,
              46.532900630919244
            ],
            [
              75.27847815357646,
              46.52907389726653
            ],
            [
              75.26258249071134,
              46.5223035223425
            ],
            [
              75.25640084404156,
              46.50935150074869
            ],
            [
              75.26081630594857,
              46.50523040296886
            ],
            [
              75.27994997421212,
              46.49639947915492
            ],
            [
              75.28348234373769,
              46.491984017247916
            ],
            [
              75.27730069706791,
              46.48639109883243
            ],
            [
              75.24256573006639,
              46.47844326739988
            ],
            [
              75.26699795261831,
              46.46048705564485
            ],
            [
              75.2761232405594,
              46.4490068546867
            ],
            [
              75.2667035884912,
              46.44341393627121
            ],
            [
              75.25169101800748,
              46.4387041102371
            ],
            [
              75.22725879545555,
              46.41868734959215
            ],
            [
              75.20841949131912,
              46.41544934419369
            ],
            [
              75.2146011379889,
              46.42310281149912
            ],
            [
              75.20047165988657,
              46.42280844737198
            ],
            [
              75.17692252971602,
              46.41721552895649
            ],
            [
              75.16338177986796,
              46.41544934419369
            ],
            [
              75.1533733995455,
              46.41986480610066
            ],
            [
              75.14630866049433,
              46.42663518102469
            ],
            [
              75.13983264969744,
              46.42810700166035
            ],
            [
              75.13276791064627,
              46.41544934419369
            ],
            [
              75.1227595303238,
              46.424280268007635
            ],
            [
              75.1115736934928,
              46.43075627880455
            ],
            [
              75.09921040015325,
              46.43487737658438
            ],
            [
              75.08449219379668,
              46.43752665372858
            ],
            [
              75.08449219379668,
              46.44341393627121
            ],
            [
              75.10185967729745,
              46.45401104484793
            ],
            [
              75.12717499223078,
              46.47903199565414
            ],
            [
              75.14660302462147,
              46.48462491406963
            ],
            [
              75.13276791064627,
              46.49846002804483
            ],
            [
              75.11098496523854,
              46.4908065607394
            ],
            [
              75.07448381347422,
              46.46078141977196
            ],
            [
              75.0585881506091,
              46.43988156674561
            ],
            [
              75.04946286266801,
              46.41957044197355
            ],
            [
              75.03798266170989,
              46.40190859434563
            ],
            [
              75.01619971630214,
              46.38895657275185
            ],
            [
              74.99500549914865,
              46.385129839099136
            ],
            [
              74.97204509723238,
              46.38689602386194
            ],
            [
              74.94967342357037,
              46.39366639878594
            ],
            [
              74.93112848356108,
              46.406029692125486
            ],
            [
              74.91022863053473,
              46.415154980066575
            ],
            [
              74.89639351655956,
              46.40396914323557
            ],
            [
              74.86607401146497,
              46.331555567961175
            ],
            [
              74.86106982130374,
              46.31359935620614
            ],
            [
              74.85900927241383,
              46.29005022603559
            ],
            [
              74.85341635399831,
              46.26767855237361
            ],
            [
              74.83958124002314,
              46.24913361236429
            ],
            [
              74.7927773438092,
              46.20497899329456
            ],
            [
              74.78512387650377,
              46.1914382434465
            ],
            [
              74.78630133301229,
              46.17672003708992
            ],
            [
              74.80072517524175,
              46.159352553589144
            ],
            [
              74.81161664794561,
              46.13904142881705
            ],
            [
              74.80131390349601,
              46.12049648880776
            ],
            [
              74.78129714285106,
              46.10548391832404
            ],
            [
              74.76304656696891,
              46.09459244562018
            ],
            [
              74.7082948393224,
              46.07369259259383
            ],
            [
              74.69122171994877,
              46.090765711967464
            ],
            [
              74.65589802469296,
              46.082523516407775
            ],
            [
              74.6282277967426,
              46.05956311449151
            ],
            [
              74.63264325864958,
              46.03277597892253
            ],
            [
              74.5605240475023,
              46.00863812049772
            ],
            [
              74.5511043954341,
              46.01334794653184
            ],
            [
              74.5437452922558,
              46.00922684875198
            ],
            [
              74.53314818367906,
              45.994803006522545
            ],
            [
              74.52107925446666,
              45.98921008810703
            ],
            [
              74.51136523827131,
              45.992153729378344
            ],
            [
              74.49546957540622,
              46.00540011509929
            ],
            [
              74.459262787769,
              46.028949245269814
            ],
            [
              74.44366148903103,
              46.03601398432096
            ],
            [
              74.42393909251322,
              46.03866326146516
            ],
            [
              74.3986237775799,
              46.035719620193845
            ],
            [
              74.35329170200163,
              46.02129577796438
            ],
            [
              74.33150875659388,
              46.01835213669307
            ],
            [
              74.30236670800784,
              46.02041268558298
            ],
            [
              74.29000341466832,
              46.01835213669307
            ],
            [
              74.27999503434583,
              46.013936674786095
            ],
            [
              74.25850645306522,
              46.000690289065176
            ],
            [
              74.2314249533691,
              45.98862135985277
            ],
            [
              74.23024749686058,
              45.96772150682642
            ],
            [
              74.23966714892879,
              45.94476110491016
            ],
            [
              74.24967552925128,
              45.92974853442644
            ],
            [
              74.26615992037065,
              45.90973177378149
            ],
            [
              74.27911194196443,
              45.890303741390795
            ],
            [
              74.287059773397,
              45.8691095242373
            ],
            [
              74.29000341466832,
              45.84379420930398
            ],
            [
              74.29324142006675,
              45.834374557235776
            ],
            [
              74.30825399055047,
              45.81524088897223
            ],
            [
              74.31178636007604,
              45.80994233468385
            ],
            [
              74.31355254483884,
              45.80405505214122
            ],
            [
              74.32208910452565,
              45.794929764200134
            ],
            [
              74.32414965341559,
              45.7890424816575
            ],
            [
              74.32238346865279,
              45.785804476259045
            ],
            [
              74.31826237087296,
              45.78315519911487
            ],
            [
              74.3141412730931,
              45.780800286097815
            ],
            [
              74.31178636007604,
              45.7787397372079
            ],
            [
              74.30531034927915,
              45.76784826450401
            ],
            [
              74.29677378959232,
              45.75931170481721
            ],
            [
              74.287059773397,
              45.75342442227458
            ],
            [
              74.27616830069312,
              45.751658237511776
            ],
            [
              74.28146685498149,
              45.76225534608852
            ],
            [
              74.27764012132877,
              45.769908813393954
            ],
            [
              74.26822046926057,
              45.774913003555184
            ],
            [
              74.25644590417531,
              45.7787397372079
            ],
            [
              74.24584879559856,
              45.77461863942804
            ],
            [
              74.23731223591173,
              45.767553900376896
            ],
            [
              74.23171931749624,
              45.75931170481721
            ],
            [
              74.22848131209778,
              45.751658237511776
            ],
            [
              74.2305418609877,
              45.73164147686683
            ],
            [
              74.23966714892879,
              45.72104436829008
            ],
            [
              74.25526844766677,
              45.720750004162966
            ],
            [
              74.27616830069312,
              45.73164147686683
            ],
            [
              74.32738765881402,
              45.70191070002653
            ],
            [
              74.33916222389931,
              45.69072486319553
            ],
            [
              74.33150875659388,
              45.683071395890096
            ],
            [
              74.33916222389931,
              45.676301020966065
            ],
            [
              74.32297219690705,
              45.66011099397383
            ],
            [
              74.29971743086367,
              45.66246590699089
            ],
            [
              74.24967552925128,
              45.683071395890096
            ],
            [
              74.26145009433654,
              45.66688136889786
            ],
            [
              74.27086974640474,
              45.65010261365134
            ],
            [
              74.27086974640474,
              45.63067458126068
            ],
            [
              74.25644590417531,
              45.60800854347153
            ],
            [
              74.23584041527607,
              45.595350886004866
            ],
            [
              74.15960010634899,
              45.580927043775404
            ],
            [
              74.12044967744046,
              45.562087739639
            ],
            [
              74.08453725393039,
              45.539127337722704
            ],
            [
              74.07158523233662,
              45.520876761840555
            ],
            [
              74.07040777582807,
              45.50468673484832
            ],
            [
              74.0798274278963,
              45.489968528491715
            ],
            [
              74.09807800377845,
              45.47701650689794
            ],
            [
              74.07011341170096,
              45.426385877031294
            ],
            [
              74.07394014535367,
              45.41166767067469
            ],
            [
              74.08954144409165,
              45.390473453521224
            ],
            [
              74.09130762885442,
              45.37487215478325
            ],
            [
              74.08542034631179,
              45.3633919538251
            ],
            [
              74.07658942249785,
              45.35691594302821
            ],
            [
              74.07276268884513,
              45.34985120397704
            ],
            [
              74.08100488440482,
              45.33719354651038
            ],
            [
              74.09513436250714,
              45.32836262269643
            ],
            [
              74.11309057426217,
              45.32483025317086
            ],
            [
              74.13104678601721,
              45.32630207380652
            ],
            [
              74.14576499237378,
              45.33395554111195
            ],
            [
              74.14076080221255,
              45.340431551908836
            ],
            [
              74.14223262284821,
              45.346318834451466
            ],
            [
              74.1487086336451,
              45.3513230246127
            ],
            [
              74.15960010634899,
              45.35426666588401
            ],
            [
              74.16784230190868,
              45.318648606501085
            ],
            [
              74.1607775628575,
              45.28744600902513
            ],
            [
              74.14811990539084,
              45.25653777567632
            ],
            [
              74.13958334570401,
              45.22386335756471
            ],
            [
              74.13987770983115,
              45.205024053428275
            ],
            [
              74.1487086336451,
              45.133787934662394
            ],
            [
              74.17372958445131,
              45.087278402575606
            ],
            [
              74.15930574222185,
              45.07314892447329
            ],
            [
              74.1401720739583,
              45.06255181589654
            ],
            [
              74.11691730791489,
              45.055487076845395
            ],
            [
              74.08777525932885,
              45.05313216382834
            ],
            [
              74.07482323773505,
              45.05018852255702
            ],
            [
              74.06981904757382,
              45.042829419378734
            ],
            [
              74.07217396059087,
              45.0325266749291
            ],
            [
              74.08100488440482,
              45.02163520222524
            ],
            [
              74.1189778568048,
              45.03635340858182
            ],
            [
              74.13222424252572,
              45.03900268572602
            ],
            [
              74.11632857966063,
              45.01545355555547
            ],
            [
              74.11191311775366,
              45.00485644697872
            ],
            [
              74.12780878061875,
              44.99896916443609
            ],
            [
              74.1401720739583,
              44.98483968633377
            ],
            [
              74.14429317173813,
              44.97041584410434
            ],
            [
              74.13605097617844,
              44.96393983330742
            ],
            [
              74.12604259585598,
              44.96658911045162
            ],
            [
              74.09807800377845,
              44.991021333003545
            ],
            [
              74.08071052027768,
              44.986017142842314
            ],
            [
              74.00182093420639,
              44.99808607205472
            ],
            [
              74.00653076024051,
              45.00721135999578
            ],
            [
              74.00947440151182,
              45.011038093648494
            ],
            [
              74.00417584722345,
              45.01398173491981
            ],
            [
              73.99387310277385,
              45.021929566352384
            ],
            [
              73.98828018435836,
              45.024578843496556
            ],
            [
              73.99917165706222,
              45.031937946674844
            ],
            [
              74.02919679802966,
              45.04577306065005
            ],
            [
              74.03596717295369,
              45.05313216382834
            ],
            [
              74.03155171104669,
              45.060491267006626
            ],
            [
              73.99887729293508,
              45.08374603305003
            ],
            [
              73.99181255388393,
              45.094637505753894
            ],
            [
              73.98857454848547,
              45.105528978457755
            ],
            [
              73.98828018435836,
              45.131433021645364
            ],
            [
              73.99416746690099,
              45.13761466831511
            ],
            [
              74.02448697199554,
              45.13996958133217
            ],
            [
              74.03596717295369,
              45.14203013022208
            ],
            [
              74.02566442850406,
              45.14556249974768
            ],
            [
              74.0156560481816,
              45.151449782290314
            ],
            [
              74.00741385262191,
              45.15939761372286
            ],
            [
              74.00182093420639,
              45.169111629918206
            ],
            [
              74.00800258087617,
              45.17794255373215
            ],
            [
              74.0044702113506,
              45.18647911341898
            ],
            [
              73.9944618310281,
              45.193249488343014
            ],
            [
              73.98150980943433,
              45.196487493741444
            ],
            [
              73.98150980943433,
              45.20296350453836
            ],
            [
              73.99976038531648,
              45.2014916839027
            ],
            [
              74.00711948849477,
              45.20708460231819
            ],
            [
              74.00329275484205,
              45.215915526132136
            ],
            [
              73.98828018435836,
              45.22386335756471
            ],
            [
              73.95766631513666,
              45.21385497724222
            ],
            [
              73.92587498940642,
              45.212677520733706
            ],
            [
              73.89614421256613,
              45.22062535216625
            ],
            [
              73.87230071826846,
              45.23740410741274
            ],
            [
              73.86876834874289,
              45.24270266170112
            ],
            [
              73.86346979445452,
              45.252711042023606
            ],
            [
              73.85846560429329,
              45.25800959631198
            ],
            [
              73.85375577825917,
              45.26065887345615
            ],
            [
              73.84463049031808,
              45.26242505821895
            ],
            [
              73.8381544795212,
              45.26477997123601
            ],
            [
              73.82431936554602,
              45.2721390744143
            ],
            [
              73.81313352871501,
              45.28126436235536
            ],
            [
              73.81136734395221,
              45.29245019918636
            ],
            [
              73.82431936554602,
              45.30657967728871
            ],
            [
              73.80194769188401,
              45.320414791263886
            ],
            [
              73.72835666010107,
              45.35426666588401
            ],
            [
              73.74248613820339,
              45.35838776366387
            ],
            [
              73.74778469249176,
              45.35779903540961
            ],
            [
              73.75602688805145,
              45.35426666588401
            ],
            [
              73.76250289884837,
              45.36103704080804
            ],
            [
              73.73954249693207,
              45.36810177985922
            ],
            [
              73.71746518739721,
              45.380465073198735
            ],
            [
              73.69744842675226,
              45.396655100191
            ],
            [
              73.68037530737863,
              45.41578876845455
            ],
            [
              73.66860074229336,
              45.436394257353754
            ],
            [
              73.64887834577553,
              45.48260942531343
            ],
            [
              73.63563196005461,
              45.50144872944986
            ],
            [
              73.61708702004532,
              45.514989479297924
            ],
            [
              73.53790306984689,
              45.55708354947774
            ],
            [
              73.51906376571046,
              45.563559560274655
            ],
            [
              73.47108241298801,
              45.56650320154597
            ],
            [
              73.45518675012289,
              45.572684848215715
            ],
            [
              73.4366418101136,
              45.58828614695369
            ],
            [
              73.42516160915545,
              45.60741981521727
            ],
            [
              73.42987143518957,
              45.62478729871802
            ],
            [
              73.43369816884228,
              45.63273513015059
            ],
            [
              73.43428689709654,
              45.6439209669816
            ],
            [
              73.43340380471514,
              45.66570391238932
            ],
            [
              73.43723053836786,
              45.676301020966065
            ],
            [
              73.44665019043609,
              45.678950298110266
            ],
            [
              73.49139353776008,
              45.67482920033041
            ],
            [
              73.50611174411668,
              45.675417928584665
            ],
            [
              73.51376521142208,
              45.6857206730343
            ],
            [
              73.5167088526934,
              45.724871101942796
            ],
            [
              73.52082995047326,
              45.732230205121084
            ],
            [
              73.5278946895244,
              45.7360569387738
            ],
            [
              73.53966925460969,
              45.737234395282314
            ],
            [
              73.55232691207635,
              45.741649857189316
            ],
            [
              73.5593916511275,
              45.75018641687612
            ],
            [
              73.55791983049184,
              45.755779335291635
            ],
            [
              73.54320162413526,
              45.751658237511776
            ],
            [
              73.52318486349031,
              45.76725953624975
            ],
            [
              73.4663725869539,
              45.77226372641098
            ],
            [
              73.44370654916474,
              45.78227210673347
            ],
            [
              73.42427851677408,
              45.79551849245439
            ],
            [
              73.42310106026554,
              45.801700139124165
            ],
            [
              73.43340380471514,
              45.813474704209426
            ],
            [
              73.43929108725777,
              45.81641834548074
            ],
            [
              73.4681387717167,
              45.826721089930345
            ],
            [
              73.47137677711513,
              45.83143091596446
            ],
            [
              73.47255423362367,
              45.83731819850709
            ],
            [
              73.47638096727638,
              45.84291111692261
            ],
            [
              73.4878611682345,
              45.84703221470244
            ],
            [
              73.51494266793063,
              45.81936198675206
            ],
            [
              73.52259613523606,
              45.813474704209426
            ],
            [
              73.56733948256007,
              45.81141415531951
            ],
            [
              73.57410985748407,
              45.80994233468385
            ],
            [
              73.58735624320502,
              45.82230562802337
            ],
            [
              73.5900055203492,
              45.82966473120166
            ],
            [
              73.59118297685774,
              45.85733495915204
            ],
            [
              73.59353788987477,
              45.867637703601645
            ],
            [
              73.59971953654454,
              45.87381935027142
            ],
            [
              73.61208282988406,
              45.87499680677996
            ],
            [
              73.60972791686703,
              45.87970663281405
            ],
            [
              73.60678427559571,
              45.89089246964505
            ],
            [
              73.60472372670577,
              45.89560229567917
            ],
            [
              73.62738976449492,
              45.89736848044197
            ],
            [
              73.64593470450421,
              45.90855431727297
            ],
            [
              73.65211635117399,
              45.92562743664661
            ],
            [
              73.63886996545307,
              45.94387801252876
            ],
            [
              73.66477400864065,
              45.96271731666519
            ],
            [
              73.6727218400732,
              45.97331442524194
            ],
            [
              73.66330218800499,
              45.978024251276025
            ],
            [
              73.65358817180964,
              45.981556620801626
            ],
            [
              73.66565710102205,
              45.98862135985277
            ],
            [
              73.68802877468406,
              45.995686098903946
            ],
            [
              73.70745680707472,
              45.998041011920975
            ],
            [
              73.70569062231195,
              45.99333118588689
            ],
            [
              73.70274698104063,
              45.982439713183
            ],
            [
              73.70098079627783,
              45.978024251276025
            ],
            [
              73.72982848073673,
              45.973020061114795
            ],
            [
              73.74278050233053,
              45.97272569698765
            ],
            [
              73.75602688805145,
              45.978024251276025
            ],
            [
              73.73807067629642,
              45.98567771858146
            ],
            [
              73.73542139915224,
              45.99421427826829
            ],
            [
              73.7377763121693,
              46.004811386845006
            ],
            [
              73.7351270350251,
              46.01835213669307
            ],
            [
              73.72717920359256,
              46.026594332252756
            ],
            [
              73.7145215461259,
              46.03424779955819
            ],
            [
              73.66065291086079,
              46.05838565798297
            ],
            [
              73.64063615021584,
              46.07310386433957
            ],
            [
              73.63739814481738,
              46.091648804348864
            ],
            [
              73.65976981847939,
              46.11519793451939
            ],
            [
              73.64976143815693,
              46.11784721166359
            ],
            [
              73.6412248784701,
              46.12226267357056
            ],
            [
              73.63504323180035,
              46.12903304849459
            ],
            [
              73.6326883187833,
              46.13874706468994
            ],
            [
              73.63680941656312,
              46.14169070596125
            ],
            [
              73.64622906863136,
              46.14316252659691
            ],
            [
              73.65564872069956,
              46.14757798850388
            ],
            [
              73.66860074229336,
              46.179369314234094
            ],
            [
              73.68920623119257,
              46.18849460217518
            ],
            [
              73.71422718199875,
              46.18908333042944
            ],
            [
              73.7351270350251,
              46.18349041201395
            ],
            [
              73.73924813280496,
              46.20733390631162
            ],
            [
              73.7536719750344,
              46.22470138981237
            ],
            [
              73.76927327377237,
              46.23088303648214
            ],
            [
              73.77663237695069,
              46.22087465615965
            ],
            [
              73.78340275187472,
              46.20468462916742
            ],
            [
              73.83108974047005,
              46.16229619486046
            ],
            [
              73.8475741315894,
              46.1923213358279
            ],
            [
              73.85817124016614,
              46.199386074879044
            ],
            [
              73.8790710931925,
              46.20468462916742
            ],
            [
              73.89761603320179,
              46.207039542184475
            ],
            [
              73.91380606019402,
              46.20674517805733
            ],
            [
              73.92999608718628,
              46.2035071726589
            ],
            [
              73.97356197800175,
              46.18466786852247
            ],
            [
              73.98474781483276,
              46.184373504395325
            ],
            [
              74.00182093420639,
              46.190260786937955
            ],
            [
              74.03214043930097,
              46.207922634565875
            ],
            [
              74.04509246089475,
              46.219402835523994
            ],
            [
              74.05039101518312,
              46.23117740060928
            ],
            [
              74.04097136311492,
              46.222935205049595
            ],
            [
              74.03096298279243,
              46.221169020286794
            ],
            [
              74.00564766785911,
              46.22381829743097
            ],
            [
              73.99593365166376,
              46.22735066695657
            ],
            [
              73.9953449234095,
              46.236181590770514
            ],
            [
              74.00182093420639,
              46.255609623161206
            ],
            [
              73.9971111081723,
              46.26502927522941
            ],
            [
              73.98563090721416,
              46.263851818720894
            ],
            [
              73.97179579323898,
              46.25943635681392
            ],
            [
              73.96090432053509,
              46.25914199268678
            ],
            [
              73.95472267386535,
              46.26679545999221
            ],
            [
              73.94883539132269,
              46.288872769527075
            ],
            [
              73.94059319576303,
              46.29946987810382
            ],
            [
              73.95560576624672,
              46.31006698668057
            ],
            [
              73.9729732497475,
              46.3150711768418
            ],
            [
              73.9823929018157,
              46.32272464414723
            ],
            [
              73.9747394345103,
              46.34126958415652
            ],
            [
              74.07011341170096,
              46.41544934419369
            ],
            [
              74.10131600917691,
              46.433405555948724
            ],
            [
              74.13399042728852,
              46.44135338738127
            ],
            [
              74.16725357365439,
              46.440175930872755
            ],
            [
              74.20139981240166,
              46.42987318642315
            ],
            [
              74.21847293177532,
              46.440175930872755
            ],
            [
              74.23289677400476,
              46.45636595786499
            ],
            [
              74.24938116512413,
              46.47167289247585
            ],
            [
              74.27293029529466,
              46.47844326739988
            ],
            [
              74.29971743086367,
              46.48227000105257
            ],
            [
              74.35123115311168,
              46.49757693566343
            ],
            [
              74.37919574518921,
              46.498754392171946
            ],
            [
              74.37772392455355,
              46.50994022900295
            ],
            [
              74.39067594614733,
              46.533783723300616
            ],
            [
              74.39420831567293,
              46.55026811441999
            ],
            [
              74.39980123408841,
              46.5632201360138
            ],
            [
              74.41393071219073,
              46.571462331573485
            ],
            [
              74.49988503731319,
              46.591479092218435
            ],
            [
              74.51254269477985,
              46.59795510301532
            ],
            [
              74.51990179795814,
              46.60001565190524
            ],
            [
              74.52784962939069,
              46.59766073888821
            ],
            [
              74.5343256401876,
              46.59707201063392
            ],
            [
              74.53697491733178,
              46.60443111381224
            ],
            [
              74.53609182495038,
              46.62798024398276
            ],
            [
              74.55993531924804,
              46.72217676466488
            ],
            [
              74.57112115607904,
              46.7389555199114
            ],
            [
              74.58760554719842,
              46.74808080785249
            ],
            [
              74.59731956339377,
              46.746903351343946
            ],
            [
              74.60673921546197,
              46.74219352530986
            ],
            [
              74.62234051419998,
              46.7389555199114
            ],
            [
              74.63794181293795,
              46.74307661769123
            ],
            [
              74.63323198690384,
              46.752790633886576
            ],
            [
              74.61144904149609,
              46.77251303040441
            ],
            [
              74.76304656696891,
              46.7798721335827
            ],
            [
              74.80778991429293,
              46.77251303040441
            ],
            [
              74.84900089209134,
              46.77251303040441
            ],
            [
              74.86106982130374,
              46.778694677074185
            ],
            [
              74.87519929940606,
              46.80901418216874
            ],
            [
              74.88638513623707,
              46.82108311138114
            ],
            [
              74.92818484228977,
              46.804598720261765
            ],
            [
              74.9470241464262,
              46.80400999200751
            ],
            [
              74.9646859940541,
              46.830502763449346
            ],
            [
              74.98323093406339,
              46.83491822535632
            ],
            [
              74.9982435045471,
              46.82785348630517
            ],
            [
              74.99559422740293,
              46.80665926915168
            ],
            [
              74.9870576677161,
              46.80077198660905
            ],
            [
              74.97616619501224,
              46.79812270946488
            ],
            [
              74.96998454834247,
              46.79311851930362
            ],
            [
              74.97528310263084,
              46.7798721335827
            ],
            [
              74.9861745753347,
              46.771924302150154
            ],
            [
              74.99883223280136,
              46.77221866627727
            ],
            [
              75.01060679788662,
              46.776928492311384
            ],
            [
              75.0194377217006,
              46.78311013898116
            ],
            [
              75.03356719980292,
              46.79930016597339
            ],
            [
              75.04122066710832,
              46.804598720261765
            ],
            [
              75.0697739874401,
              46.81078036693154
            ],
            [
              75.0697739874401,
              46.820494383126885
            ],
            [
              75.06418106902458,
              46.831974584085
            ],
            [
              75.06447543315173,
              46.84080550789895
            ],
            [
              75.08478655792382,
              46.84993079584004
            ],
            [
              75.09302875348351,
              46.831974584085
            ],
            [
              75.09803294364474,
              46.806364905024566
            ],
            [
              75.1089244163486,
              46.793707247557876
            ],
            [
              75.1227595303238,
              46.788703057396646
            ],
            [
              75.1804548992416,
              46.75897228055635
            ],
            [
              75.2463924637191,
              46.741899161182715
            ],
            [
              75.2667035884912,
              46.72806404720754
            ],
            [
              75.28583725675475,
              46.72129367228351
            ],
            [
              75.31262439232373,
              46.72335422117342
            ],
            [
              75.3588395602834,
              46.73159641673311
            ],
            [
              75.48953723272987,
              46.734245693877284
            ],
            [
              75.58962103595462,
              46.763682106590466
            ],
            [
              75.60904906834531,
              46.76574265548038
            ],
            [
              75.628477100736,
              46.77015811738735
            ],
            [
              75.66998244266156,
              46.7892917856509
            ],
            [
              75.68470064901817,
              46.793707247557876
            ],
            [
              75.69294284457786,
              46.79252979104936
            ],
            [
              75.70707232268018,
              46.78723123676099
            ],
            [
              75.7120765128414,
              46.78634814437959
            ],
            [
              75.72237925729101,
              46.78811432914239
            ],
            [
              75.7400411049189,
              46.79723961708348
            ],
            [
              75.74975512111425,
              46.80047762248191
            ],
            [
              75.7697718817592,
              46.79988889422765
            ],
            [
              75.80480121288787,
              46.78899742152379
            ],
            [
              75.8218743322615,
              46.78634814437959
            ],
            [
              75.854254386246,
              46.79812270946488
            ],
            [
              75.88840062499327,
              46.82108311138114
            ],
            [
              75.92460741263048,
              46.83521258948346
            ],
            [
              75.96199165677618,
              46.82108311138114
            ],
            [
              75.93961998311417,
              46.81019163867725
            ],
            [
              75.94609599391109,
              46.796945252956334
            ],
            [
              75.95728183074209,
              46.78340450310827
            ],
            [
              75.9490396351824,
              46.77251303040441
            ],
            [
              75.9490396351824,
              46.76574265548038
            ],
            [
              75.97023385233587,
              46.76662574786178
            ],
            [
              75.98789569996379,
              46.76927502500595
            ],
            [
              76.00320263457462,
              46.773690486912926
            ],
            [
              76.01733211267694,
              46.7798721335827
            ],
            [
              76.02851794950794,
              46.78752560088813
            ],
            [
              76.03558268855912,
              46.79400161168502
            ],
            [
              76.0438248841188,
              46.798711437719135
            ],
            [
              76.05824872634824,
              46.80047762248191
            ],
            [
              76.06943456317924,
              46.78605378025247
            ],
            [
              76.07649930223042,
              46.78134395421836
            ],
            [
              76.07944294350173,
              46.78988051390519
            ],
            [
              76.1006371606552,
              46.803715627880365
            ],
            [
              76.14861851337767,
              46.801949443117564
            ],
            [
              76.22897992008461,
              46.78634814437959
            ],
            [
              76.32876935918225,
              46.74454843832689
            ],
            [
              76.36291559792951,
              46.7389555199114
            ],
            [
              76.37145215761635,
              46.73041896022457
            ],
            [
              76.37410143476052,
              46.71069656370676
            ],
            [
              76.372923978252,
              46.673312319561035
            ],
            [
              76.37851689666749,
              46.65888847733157
            ],
            [
              76.39029146175278,
              46.64623081986491
            ],
            [
              76.40206602683804,
              46.64475899922925
            ],
            [
              76.40707021699927,
              46.66271521098429
            ],
            [
              76.49037526497753,
              46.62915770049128
            ],
            [
              76.51039202562248,
              46.6153225865161
            ],
            [
              76.52040040594497,
              46.6135564017533
            ],
            [
              76.5245215037248,
              46.62533096683856
            ],
            [
              76.5245215037248,
              46.63946044494091
            ],
            [
              76.52599332436046,
              46.64623081986491
            ],
            [
              76.53011442214031,
              46.65035191764477
            ],
            [
              76.53806225357286,
              46.65594483606026
            ],
            [
              76.54807063389535,
              46.660949026221516
            ],
            [
              76.59722944312634,
              46.67566723257809
            ],
            [
              76.60959273646586,
              46.675078504323835
            ],
            [
              76.66051773045965,
              46.665953216382746
            ],
            [
              76.68200631174025,
              46.665953216382746
            ],
            [
              76.70172870825809,
              46.67125177067112
            ],
            [
              76.7223341971573,
              46.68390942813778
            ],
            [
              76.72822147969993,
              46.67537286845095
            ],
            [
              76.72998766446273,
              46.6656588522556
            ],
            [
              76.72645529493713,
              46.6562392001874
            ],
            [
              76.71556382223326,
              46.64946882526337
            ],
            [
              76.72998766446273,
              46.631512613508335
            ],
            [
              76.75736352828596,
              46.61797186366027
            ],
            [
              76.85067695658671,
              46.591479092218435
            ],
            [
              76.9074892331231,
              46.56792996204791
            ],
            [
              76.93545382520063,
              46.56027649474248
            ],
            [
              76.90984414614016,
              46.58529744554866
            ],
            [
              76.8683388042146,
              46.61797186366027
            ],
            [
              76.83272074483168,
              46.65270683066183
            ],
            [
              76.82536164165339,
              46.68390942813778
            ],
            [
              76.84007984800996,
              46.69097416718893
            ],
            [
              76.86156842929057,
              46.681848879247866
            ],
            [
              76.91131596677582,
              46.64063790144942
            ],
            [
              76.9204412547169,
              46.63681116779671
            ],
            [
              76.93221581980217,
              46.63533934716105
            ],
            [
              76.94399038488743,
              46.63592807541531
            ],
            [
              76.96930569982075,
              46.64210972208508
            ],
            [
              77.01934760143314,
              46.6468195481192
            ],
            [
              77.0626191281215,
              46.63563371128819
            ],
            [
              77.10088646464862,
              46.610612760481985
            ],
            [
              77.13385524688738,
              46.57381724459054
            ],
            [
              77.13562143165018,
              46.56616377728511
            ],
            [
              77.13267779037886,
              46.55998213061534
            ],
            [
              77.1341496110145,
              46.55409484807271
            ],
            [
              77.14827908911684,
              46.54732447314868
            ],
            [
              77.15975929007493,
              46.54673574489442
            ],
            [
              77.22775740344235,
              46.55851030997968
            ],
            [
              77.24041506090902,
              46.57116796744634
            ],
            [
              77.25042344123153,
              46.58676926618432
            ],
            [
              77.26366982695242,
              46.60119310841378
            ],
            [
              77.28339222347023,
              46.61179021699053
            ],
            [
              77.30694135364081,
              46.61797186366027
            ],
            [
              77.38906894511052,
              46.62356478207579
            ],
            [
              77.46295434102058,
              46.64210972208508
            ],
            [
              77.61926169252752,
              46.63180697763548
            ],
            [
              77.64781501285927,
              46.64210972208508
            ],
            [
              77.62809261634146,
              46.6468195481192
            ],
            [
              77.6145518664934,
              46.65653356431454
            ],
            [
              77.61425750236623,
              46.665953216382746
            ],
            [
              77.63486299126549,
              46.67007431416258
            ],
            [
              77.64222209444375,
              46.66801376527266
            ],
            [
              77.66017830619882,
              46.658299749077315
            ],
            [
              77.66900923001276,
              46.65594483606026
            ],
            [
              77.67842888208094,
              46.657416656695915
            ],
            [
              77.70992584368406,
              46.67007431416258
            ],
            [
              77.72994260432898,
              46.655356107806
            ],
            [
              77.76703248434757,
              46.64858573288197
            ],
            [
              77.83915169549482,
              46.64946882526337
            ],
            [
              77.87683030376769,
              46.6580053849502
            ],
            [
              77.89360905901418,
              46.65771102082306
            ],
            [
              77.95895789523746,
              46.62709715160136
            ],
            [
              78.03843620956297,
              46.60119310841378
            ],
            [
              78.05845297020795,
              46.59707201063392
            ],
            [
              78.07228808418313,
              46.598249467142466
            ],
            [
              78.11850325214277,
              46.61120148873624
            ],
            [
              78.13439891500792,
              46.61179021699053
            ],
            [
              78.1491171213645,
              46.60678602682927
            ],
            [
              78.16236350708544,
              46.59442273348975
            ],
            [
              78.18238026773037,
              46.56027649474248
            ],
            [
              78.19650974583271,
              46.55115120680139
            ],
            [
              78.21711523473192,
              46.56027649474248
            ],
            [
              78.2318334410885,
              46.54526392425876
            ],
            [
              78.24419673442804,
              46.49904875629909
            ],
            [
              78.25803184840322,
              46.47844326739988
            ],
            [
              78.26745150047145,
              46.47255598485725
            ],
            [
              78.29835973382023,
              46.45960396326345
            ],
            [
              78.30954557065127,
              46.45724905024639
            ],
            [
              78.32661869002487,
              46.46166451215336
            ],
            [
              78.33103415193187,
              46.472850348984366
            ],
            [
              78.32661869002487,
              46.50258112582466
            ],
            [
              78.3325059725675,
              46.50905713662158
            ],
            [
              78.35929310813651,
              46.522892250596755
            ],
            [
              78.36724093956906,
              46.532900630919244
            ],
            [
              78.36547475480626,
              46.54408646775025
            ],
            [
              78.34987345606828,
              46.56734123379363
            ],
            [
              78.34604672241557,
              46.577349614116116
            ],
            [
              78.34781290717837,
              46.63269007001688
            ],
            [
              78.353700189721,
              46.66300957511143
            ],
            [
              78.36724093956906,
              46.68390942813778
            ],
            [
              78.38048732529,
              46.67095740654398
            ],
            [
              78.38784642846827,
              46.65300119478894
            ],
            [
              78.38814079259544,
              46.63298443414399
            ],
            [
              78.38019296116283,
              46.61502822238896
            ],
            [
              78.40256463482484,
              46.6041367496851
            ],
            [
              78.41080683038456,
              46.61797186366027
            ],
            [
              78.41345610752876,
              46.64122662970368
            ],
            [
              78.4187546618171,
              46.659182841458716
            ],
            [
              78.42787994975816,
              46.667425037018404
            ],
            [
              78.4372996018264,
              46.67272359130678
            ],
            [
              78.44760234627603,
              46.67537286845095
            ],
            [
              78.4596712754884,
              46.67625596083235
            ],
            [
              78.4640867373954,
              46.67184049892538
            ],
            [
              78.4552558135814,
              46.660949026221516
            ],
            [
              78.4355334170636,
              46.64210972208508
            ],
            [
              78.436416509445,
              46.63298443414399
            ],
            [
              78.44142069960623,
              46.620032412550216
            ],
            [
              78.44848543865743,
              46.60766911921067
            ],
            [
              78.4561389059628,
              46.60119310841378
            ],
            [
              78.4614374602512,
              46.6050198420665
            ],
            [
              78.47527257422638,
              46.62444787445719
            ],
            [
              78.48057112851478,
              46.62915770049128
            ],
            [
              78.48851895994733,
              46.63386752652539
            ],
            [
              78.49057950883724,
              46.64475899922925
            ],
            [
              78.49057950883724,
              46.6571222925688
            ],
            [
              78.49381751423567,
              46.666541944637004
            ],
            [
              78.51089063360934,
              46.681848879247866
            ],
            [
              78.53149612250854,
              46.69745017798584
            ],
            [
              78.57329582856124,
              46.71717257450365
            ],
            [
              78.58094929586667,
              46.727769683080396
            ],
            [
              78.5850703936465,
              46.7389555199114
            ],
            [
              78.59095767618913,
              46.7483751719796
            ],
            [
              78.60390969778291,
              46.751907541505204
            ],
            [
              78.62745882795343,
              46.74896390023389
            ],
            [
              78.68956965877823,
              46.73159641673311
            ],
            [
              78.70369913688057,
              46.73218514498737
            ],
            [
              78.73048627244953,
              46.73836679165714
            ],
            [
              78.74402702229759,
              46.7389555199114
            ],
            [
              78.75521285912862,
              46.73454005800443
            ],
            [
              78.77199161437511,
              46.72041057990211
            ],
            [
              78.78258872295186,
              46.71717257450365
            ],
            [
              78.79289146740143,
              46.708341650689704
            ],
            [
              78.80702094550378,
              46.686853069409096
            ],
            [
              78.81791241820764,
              46.66212648273003
            ],
            [
              78.81967860297044,
              46.64210972208508
            ],
            [
              78.81585186931773,
              46.63857735255951
            ],
            [
              78.80849276613941,
              46.63475061890679
            ],
            [
              78.79259710327432,
              46.62915770049128
            ],
            [
              78.79259710327432,
              46.62179859731299
            ],
            [
              78.92300041159365,
              46.63004079287268
            ],
            [
              78.93242006366188,
              46.63592807541531
            ],
            [
              78.91917367794093,
              46.65270683066183
            ],
            [
              78.90327801507584,
              46.660949026221516
            ],
            [
              78.86412758616734,
              46.67007431416258
            ],
            [
              78.84764319504797,
              46.67625596083235
            ],
            [
              78.79848438581695,
              46.73041896022457
            ],
            [
              78.76845924484951,
              46.74749207959823
            ],
            [
              78.7690479731038,
              46.76633138373464
            ],
            [
              78.77964508168054,
              46.78517068787107
            ],
            [
              78.79583510867275,
              46.793707247557876
            ],
            [
              78.81997296709756,
              46.796062160574934
            ],
            [
              78.86618813505726,
              46.80577617677028
            ],
            [
              78.88797108046498,
              46.80665926915168
            ],
            [
              78.92417786810216,
              46.79311851930362
            ],
            [
              78.9542030090696,
              46.76986375326021
            ],
            [
              78.98717179130836,
              46.749552628488146
            ],
            [
              79.03191513863237,
              46.74513716658117
            ],
            [
              79.02749967672537,
              46.75367372626798
            ],
            [
              79.02661658434403,
              46.76309337833621
            ],
            [
              79.02661658434403,
              46.773690486912926
            ],
            [
              79.02514476370834,
              46.78634814437959
            ],
            [
              79.01660820402151,
              46.80489308438888
            ],
            [
              79.01866875291142,
              46.81195782344005
            ],
            [
              79.03191513863237,
              46.82108311138114
            ],
            [
              79.04957698626026,
              46.8216718396354
            ],
            [
              79.1187525561362,
              46.816078921219884
            ],
            [
              79.13847495265401,
              46.80989727455014
            ],
            [
              79.16938318600285,
              46.78634814437959
            ],
            [
              79.17968593045248,
              46.77633976405713
            ],
            [
              79.19116613141063,
              46.75720609579355
            ],
            [
              79.19793650633466,
              46.748669536106746
            ],
            [
              79.22560673428501,
              46.736011878640085
            ],
            [
              79.23767566349738,
              46.71393456910522
            ],
            [
              79.25857551652376,
              46.66271521098429
            ],
            [
              79.24003057651447,
              46.62297605382153
            ],
            [
              79.22207436475941,
              46.6041367496851
            ],
            [
              79.19999705522457,
              46.61120148873624
            ],
            [
              79.18321829997802,
              46.6126733093719
            ],
            [
              79.09343724120288,
              46.60119310841378
            ],
            [
              79.07901339897342,
              46.596483282379666
            ],
            [
              79.07548102944787,
              46.59383400523549
            ],
            [
              79.07577539357499,
              46.58794672269286
            ],
            [
              79.06812192626955,
              46.55497794045411
            ],
            [
              79.06547264912535,
              46.49492765851926
            ],
            [
              79.06135155134552,
              46.4796207239084
            ],
            [
              79.05252062753158,
              46.46401942517042
            ]
          ]
        ]
      },
      "properties": {
        "featurecla": "Lake",
        "scalerank": 0,
        "name": "Lake Balkhash",
        "name_abb": "L. Balkhash",
        "name_alt": "Balqash Kli",
        "note": "",
        "delta": "",
        "dam_name": "",
        "year": -99,
        "admin": "",
        "min_zoom": 1.0,
        "min_label": 3.0,
        "label": "Lake Balkhash",
        "wikidataid": "Q134485",
        "name_ar": "بحيرة بالكاش",
        "name_bn": "লেক বালখাশ",
        "name_de": "Balchaschsee",
        "name_en": "Balkhash",
        "name_es": "Baljash",
        "name_fr": "Balkhach",
        "name_el": "Λίμνη Μπαλκάς",
        "name_hi": "बलख़श झील",
        "name_hu": "Balkas-tó",
        "name_id": "Balkhash",
        "name_it": "Balqaš",
        "name_ja": "バルハシ湖",
        "name_ko": "발하시호",
        "name_nl": "Balkasjmeer",
        "name_pl": "Bałchasz",
        "name_pt": "Balkhash",
        "name_ru": "Балхаш",
        "name_sv": "Balchasjsjön",
        "name_tr": "Balkaş",
        "name_vi": "Balkhash",
        "name_zh": "巴尔喀什湖",
        "ne_id": 1159113111,
        "name_fa": "دریاچه بالخاش",
        "name_he": "ימת בלחש",
        "name_uk": "Балхаш",
        "name_ur": "جھیل بالخاش",
        "name_zht": "巴爾喀什湖"
      }
    },
    {
      "type": "Feature",
      "geometry": {
        "type": "Polygon",
        "coordinates": [
          [
            [
              81.37417049821909,
              46.09635863038295
            ],
            [
              81.37564231885472,
              46.093414989111636
            ],
            [
              81.37681977536323,
              46.09047134784032
            ],
            [
              81.37593668298183,
              46.08811643482329
            ],
            [
              81.37564231885472,
              46.08723334244189
            ],
            [
              81.36887194393069,
              46.101657184671325
            ],
            [
              81.371815585202,
              46.09900790752715
            ],
            [
              81.37417049821909,
              46.09635863038295
            ]
          ]
        ]
      },
      "properties": {
        "featurecla": "Lake",
        "scalerank": 4,
        "name": "",
        "name_abb": "",
        "name_alt": "",
        "note": "_untitled_14",
        "delta": "",
        "dam_name": "",
        "year": -99,
        "admin": "",
        "min_zoom": 4.0,
        "min_label": 5.0,
        "label": "",
        "wikidataid": "",
        "name_ar": "",
        "name_bn": "",
        "name_de": "",
        "name_en": "",
        "name_es": "",
        "name_fr": "",
        "name_el": "",
        "name_hi": "",
        "name_hu": "",
        "name_id": "",
        "name_it": "",
        "name_ja": "",
        "name_ko": "",
        "name_nl": "",
        "name_pl": "",
        "name_pt": "",
        "name_ru": "",
        "name_sv": "",
        "name_tr": "",
        "name_vi": "",
        "name_zh": "",
        "ne_id": 1159113813,
        "name_fa": "",
        "name_he": "",
        "name_uk": "",
        "name_ur": "",
        "name_zht": ""
      }
    },
    {
      "type": "Feature",
      "geometry": {
        "type": "Polygon",
        "coordinates": [
          [
            [
              84.22655889012492,
              47.724780981675366
            ],
            [
              84.21301814027686,
              47.732140084853654
            ],
            [
              84.22067160758229,
              47.72919644358234
            ],
            [
              84.22655889012492,
              47.724780981675366
            ]
          ]
        ]
      },
      "properties": {
        "featurecla": "Lake",
        "scalerank": 4,
        "name": "",
        "name_abb": "",
        "name_alt": "",
        "note": "_untitled_4",
        "delta": "",
        "dam_name": "",
        "year": -99,
        "admin": "",
        "min_zoom": 4.0,
        "min_label": 5.1,
        "label": "",
        "wikidataid": "",
        "name_ar": "",
        "name_bn": "",
        "name_de": "",
        "name_en": "",
        "name_es": "",
        "name_fr": "",
        "name_el": "",
        "name_hi": "",
        "name_hu": "",
        "name_id": "",
        "name_it": "",
        "name_ja": "",
        "name_ko": "",
        "name_nl": "",
        "name_pl": "",
        "name_pt": "",
        "name_ru": "",
        "name_sv": "",
        "name_tr": "",
        "name_vi": "",
        "name_zh": "",
        "ne_id": 1159113939,
        "name_fa": "",
        "name_he": "",
        "name_uk": "",
        "name_ur": "",
        "name_zht": ""
      }
    },
    {
      "type": "Feature",
      "geometry": {
        "type": "Polygon",
        "coordinates": [
          [
            [
              80.64267564229687,
              46.62179859731299
            ],
            [
              80.63531653911855,
              46.62179859731299
            ],
            [
              80.63914327277126,
              46.625625330965704
            ],
            [
              80.64267564229687,
              46.62179859731299
            ]
          ]
        ]
      },
      "properties": {
        "featurecla": "Lake",
        "scalerank": 7,
        "name": "Lake Sasykkol",
        "name_abb": "Sasyqkl",
        "name_alt": "",
        "note": "",
        "delta": "",
        "dam_name": "",
        "year": -99,
        "admin": "",
        "min_zoom": 5.7,
        "min_label": 6.7,
        "label": "Sasykkol",
        "wikidataid": "Q2039551",
        "name_ar": "بحيرة ساسيكول",
        "name_bn": "লেক সাসিক্কোল",
        "name_de": "Sassykkölsee",
        "name_en": "Sasykkol",
        "name_es": "Sasykkol",
        "name_fr": "Sasykkol",
        "name_el": "Λίμνη Σασικόλ",
        "name_hi": "ससिककोल झील",
        "name_hu": "Sasykkol-tó",
        "name_id": "Danau Sasykkol",
        "name_it": "Sasykkol",
        "name_ja": "サスイクコリ湖",
        "name_ko": "레이크사식콜",
        "name_nl": "Sasykkol",
        "name_pl": "Sasykköl",
        "name_pt": "Lago Sasykkol",
        "name_ru": "Сасыкколь",
        "name_sv": "Sasykkol",
        "name_tr": "Sasıkgöl",
        "name_vi": "Hồ Sasykkol",
        "name_zh": "萨瑟克湖",
        "ne_id": 1159116559,
        "name_fa": "دریاچه ساسیکول",
        "name_he": "אגם סאסיקול",
        "name_uk": "Сасикколь",
        "name_ur": "جھیل ساسیکول",
        "name_zht": "薩瑟克湖"
      }
    },
    {
      "type": "Feature",
      "geometry": {
        "type": "Polygon",
        "coordinates": [
          [
            [
              81.01239698597425,
              46.48462491406963
            ],
            [
              81.00238860565179,
              46.48639109883243
            ],
            [
              80.98590421453241,
              46.49639947915492
            ],
            [
              80.94528196498823,
              46.50493603884172
            ],
            [
              80.93380176403008,
              46.50640785947738
            ],
            [
              80.91878919354639,
              46.50464167471458
            ],
            [
              80.88228804178203,
              46.491984017247916
            ],
            [
              80.86286000939134,
              46.489629104230886
            ],
            [
              80.84755307478054,
              46.4925727455022
            ],
            [
              80.83342359667819,
              46.501109305189004
            ],
            [
              80.75924383664102,
              46.566458141412255
            ],
            [
              80.74128762488596,
              46.592362184599835
            ],
            [
              80.73010178805498,
              46.599132559523866
            ],
            [
              80.68800771787517,
              46.60266492904944
            ],
            [
              80.66887404961159,
              46.607374755083555
            ],
            [
              80.6529783867465,
              46.61591131477036
            ],
            [
              80.64267564229687,
              46.62915770049128
            ],
            [
              80.63914327277126,
              46.625625330965704
            ],
            [
              80.61853778387206,
              46.65123501002617
            ],
            [
              80.61088431656663,
              46.666541944637004
            ],
            [
              80.6085294035496,
              46.68390942813778
            ],
            [
              80.61588850672786,
              46.70039381925716
            ],
            [
              80.63207853372012,
              46.70363182465559
            ],
            [
              80.67328951151853,
              46.69745017798584
            ],
            [
              80.75953820076813,
              46.694212172587385
            ],
            [
              80.80222099920223,
              46.68626434115484
            ],
            [
              80.84196015636502,
              46.67007431416258
            ],
            [
              80.84902489541616,
              46.664187031619946
            ],
            [
              80.85432344970451,
              46.657416656695915
            ],
            [
              80.86109382462854,
              46.65182373828043
            ],
            [
              80.87198529733246,
              46.64946882526337
            ],
            [
              80.87934440051072,
              46.652412466534685
            ],
            [
              80.89229642210455,
              46.665953216382746
            ],
            [
              80.90259916655413,
              46.67007431416258
            ],
            [
              80.91790610116499,
              46.66801376527266
            ],
            [
              80.95381852467506,
              46.65300119478894
            ],
            [
              80.9750127418285,
              46.64946882526337
            ],
            [
              81.07215290378196,
              46.64946882526337
            ],
            [
              81.11925116412306,
              46.6571222925688
            ],
            [
              81.15604668001447,
              46.67625596083235
            ],
            [
              81.16222832668427,
              46.672429227179634
            ],
            [
              81.18989855463462,
              46.66271521098429
            ],
            [
              81.20226184797417,
              46.65565047193314
            ],
            [
              81.20873785877109,
              46.64888009700911
            ],
            [
              81.21374204893232,
              46.64122662970368
            ],
            [
              81.23758554322995,
              46.61208458111764
            ],
            [
              81.24317846164547,
              46.59206782047269
            ],
            [
              81.24052918450127,
              46.572639788082
            ],
            [
              81.23169826068732,
              46.55350611981845
            ],
            [
              81.21992369560206,
              46.53731609282622
            ],
            [
              81.19961257082997,
              46.51671060392698
            ],
            [
              81.17518034827805,
              46.50316985407892
            ],
            [
              81.15280867461604,
              46.50935150074869
            ],
            [
              81.14957066921761,
              46.51494441916421
            ],
            [
              81.13956228889515,
              46.53525554393627
            ],
            [
              81.13897356064086,
              46.539671005843246
            ],
            [
              81.1271989955556,
              46.536433000444816
            ],
            [
              81.12248916952149,
              46.527896440757985
            ],
            [
              81.12337226190289,
              46.51671060392698
            ],
            [
              81.12867081619123,
              46.50640785947738
            ],
            [
              81.13661864762383,
              46.50228676169755
            ],
            [
              81.16193396255716,
              46.49846002804483
            ],
            [
              81.17017615811682,
              46.491984017247916
            ],
            [
              81.1716479787525,
              46.4796207239084
            ],
            [
              81.16664378859122,
              46.466079974060335
            ],
            [
              81.15751850065016,
              46.45783777850065
            ],
            [
              81.14603829969201,
              46.46078141977196
            ],
            [
              81.11248078919903,
              46.47844326739988
            ],
            [
              81.1004118599866,
              46.4813869086712
            ],
            [
              81.07745145807036,
              46.49492765851926
            ],
            [
              81.06714871362072,
              46.498754392171946
            ],
            [
              81.05184177900986,
              46.497871299790575
            ],
            [
              81.02652646407654,
              46.48756855534094
            ],
            [
              81.01239698597425,
              46.48462491406963
            ]
          ]
        ]
      },
      "properties": {
        "featurecla": "Lake",
        "scalerank": 7,
        "name": "Lake Sasykkol",
        "name_abb": "Sasyqkl",
        "name_alt": "",
        "note": "",
        "delta": "",
        "dam_name": "",
        "year": -99,
        "admin": "",
        "min_zoom": 5.7,
        "min_label": 6.7,
        "label": "Sasykkol",
        "wikidataid": "Q2039551",
        "name_ar": "بحيرة ساسيكول",
        "name_bn": "লেক সাসিক্কোল",
        "name_de": "Sassykkölsee",
        "name_en": "Sasykkol",
        "name_es": "Sasykkol",
        "name_fr": "Sasykkol",
        "name_el": "Λίμνη Σασικόλ",
        "name_hi": "ससिककोल झील",
        "name_hu": "Sasykkol-tó",
        "name_id": "Danau Sasykkol",
        "name_it": "Sasykkol",
        "name_ja": "サスイクコリ湖",
        "name_ko": "레이크사식콜",
        "name_nl": "Sasykkol",
        "name_pl": "Sasykköl",
        "name_pt": "Lago Sasykkol",
        "name_ru": "Сасыкколь",
        "name_sv": "Sasykkol",
        "name_tr": "Sasıkgöl",
        "name_vi": "Hồ Sasykkol",
        "name_zh": "萨瑟克湖",
        "ne_id": 1159116577,
        "name_fa": "دریاچه ساسیکول",
        "name_he": "אגם סאסיקול",
        "name_uk": "Сасикколь",
        "name_ur": "جھیل ساسیکول",
        "name_zht": "薩瑟克湖"
      }
    },
    {
      "type": "Feature",
      "geometry": {
        "type": "Polygon",
        "coordinates": [
          [
            [
              83.12151595687266,
              44.90771628502529
            ],
            [
              83.15389601085712,
              44.878279872312106
            ],
            [
              83.16449311943387,
              44.84030689991212
            ],
            [
              83.14859745656878,
              44.80233392751214
            ],
            [
              83.11503994607574,
              44.77230878654473
            ],
            [
              83.07206278351453,
              44.75435257478969
            ],
            [
              83.02731943619051,
              44.75170329764549
            ],
            [
              83.00641958316419,
              44.75759058018812
            ],
            [
              82.97345080092543,
              44.774663699561756
            ],
            [
              82.95520022504326,
              44.77819606908736
            ],
            [
              82.93282855138125,
              44.785555172265646
            ],
            [
              82.89044011707432,
              44.820584503394315
            ],
            [
              82.86954026404794,
              44.83353652498809
            ],
            [
              82.76651281955185,
              44.84354490531058
            ],
            [
              82.75532698272087,
              44.85355328563307
            ],
            [
              82.70175271158291,
              44.87533623104079
            ],
            [
              82.68467959220925,
              44.88799388850745
            ],
            [
              82.70793435825266,
              44.9088937415338
            ],
            [
              82.75709316748367,
              44.93744706186558
            ],
            [
              82.77740429225571,
              44.95304836060356
            ],
            [
              82.78829576495963,
              44.96688347457874
            ],
            [
              82.79447741162937,
              44.97748058315548
            ],
            [
              82.8030139713162,
              44.98542841458806
            ],
            [
              82.82126454719833,
              44.991021333003545
            ],
            [
              82.83480529704639,
              44.992787517766345
            ],
            [
              82.87689936722626,
              44.99131569713069
            ],
            [
              82.89514994310838,
              44.986017142842314
            ],
            [
              82.97286207267115,
              44.97365384950277
            ],
            [
              83.04115455016569,
              44.943334344408214
            ],
            [
              83.08001061494707,
              44.929204866305895
            ],
            [
              83.12151595687266,
              44.90771628502529
            ]
          ]
        ]
      },
      "properties": {
        "featurecla": "Lake",
        "scalerank": 9,
        "name": "Ebinur Hu",
        "name_abb": "Ebinur Hu",
        "name_alt": "",
        "note": "",
        "delta": "",
        "dam_name": "",
        "year": -99,
        "admin": "",
        "min_zoom": 7.0,
        "min_label": 8.0,
        "label": "Ebinur Hu",
        "wikidataid": "Q31845317",
        "name_ar": "بيحبرة إبينور",
        "name_bn": "এবিনুর হু",
        "name_de": "Ebinur-See",
        "name_en": "Lake Ebinur",
        "name_es": "Ebinur Hu",
        "name_fr": "Ebinur Hu",
        "name_el": "Εμπινούρ Χου",
        "name_hi": "एबिनूर हु",
        "name_hu": "Ebinur Hu",
        "name_id": "Danau Ebinur",
        "name_it": "Ebinur Hu",
        "name_ja": "エビ湖",
        "name_ko": "에비누르 후",
        "name_nl": "Ebi Lake",
        "name_pl": "Jezioro Ebinur",
        "name_pt": "Lago Ebinur",
        "name_ru": "озеро Эбинур",
        "name_sv": "Ebinur Hu",
        "name_tr": "Ebinur Hu",
        "name_vi": "Hồ Ebi",
        "name_zh": "艾比湖",
        "ne_id": 1159118103,
        "name_fa": "ابینورهو",
        "name_he": "אבינור",
        "name_uk": "Ебінур",
        "name_ur": "ایبینور ہو",
        "name_zht": "艾比湖"
      }
    },
    {
      "type": "Feature",
      "geometry": {
        "type": "Polygon",
        "coordinates": [
          [
            [
              84.48118386009384,
              47.9567399138551
            ],
            [
              84.54388341917286,
              47.946142805278384
            ],
            [
              84.56213399505504,
              47.93083587066752
            ],
            [
              84.50649917502716,
              47.91258529478537
            ],
            [
              84.47588530580549,
              47.90964165351406
            ],
            [
              84.46469946897446,
              47.90669801224274
            ],
            [
              84.4564572734148,
              47.90139945795437
            ],
            [
              84.45321926801631,
              47.89315726239468
            ],
            [
              84.4520418115078,
              47.884326338580735
            ],
            [
              84.44733198547368,
              47.8740235941311
            ],
            [
              84.44644889309228,
              47.86578139857144
            ],
            [
              84.4379123334055,
              47.853418105231896
            ],
            [
              84.41907302926904,
              47.84605900205361
            ],
            [
              84.39817317624272,
              47.840760447765234
            ],
            [
              84.38404369814037,
              47.83457880109546
            ],
            [
              84.37432968194503,
              47.818977502357484
            ],
            [
              84.37521277432643,
              47.804848024255165
            ],
            [
              84.3908140730644,
              47.773056698524954
            ],
            [
              84.37962823623343,
              47.77276233439781
            ],
            [
              84.371974768928,
              47.76834687249084
            ],
            [
              84.36520439400397,
              47.76275395407535
            ],
            [
              84.35666783431714,
              47.75951594867689
            ],
            [
              84.34459890510476,
              47.75922158454978
            ],
            [
              84.29367391111094,
              47.76775814423658
            ],
            [
              84.28543171555128,
              47.77129051376215
            ],
            [
              84.27807261237297,
              47.77658906805053
            ],
            [
              84.2698304168133,
              47.77864961694047
            ],
            [
              84.24539819426138,
              47.77364542677921
            ],
            [
              84.23391799330324,
              47.773056698524954
            ],
            [
              84.23774472695595,
              47.76363704645675
            ],
            [
              84.2439263736257,
              47.76245958994821
            ],
            [
              84.25187420505824,
              47.76334268232961
            ],
            [
              84.26070512887219,
              47.75951594867689
            ],
            [
              84.2636487701435,
              47.75362866613426
            ],
            [
              84.26747550379622,
              47.74450337819317
            ],
            [
              84.27218532983034,
              47.73596681850637
            ],
            [
              84.27807261237297,
              47.732140084853654
            ],
            [
              84.34607072574039,
              47.73832173152343
            ],
            [
              84.36373257336828,
              47.732140084853654
            ],
            [
              84.3284088781125,
              47.719776791514136
            ],
            [
              84.29249645460243,
              47.71477260135288
            ],
            [
              84.25658403109236,
              47.718010606751335
            ],
            [
              84.22067160758229,
              47.72919644358234
            ],
            [
              84.20595340122571,
              47.746563927083116
            ],
            [
              84.19859429804745,
              47.75245120962575
            ],
            [
              84.19123519486914,
              47.75598357915132
            ],
            [
              84.17327898311413,
              47.76157649756681
            ],
            [
              84.16444805930018,
              47.765697595346666
            ],
            [
              84.14590311929089,
              47.778943981067584
            ],
            [
              84.11293433705214,
              47.80926348616214
            ],
            [
              84.09615558180559,
              47.820743687120284
            ],
            [
              84.07555009290638,
              47.828397154425716
            ],
            [
              84.00696325128473,
              47.84193790427378
            ],
            [
              83.92542438806925,
              47.869313768097015
            ],
            [
              83.85566008993902,
              47.8749066865125
            ],
            [
              83.83623205754833,
              47.88285451794508
            ],
            [
              83.81768711753904,
              47.89992763731871
            ],
            [
              83.80002526991115,
              47.935251332574495
            ],
            [
              83.78825070482588,
              47.951146995439615
            ],
            [
              83.76793958005379,
              47.962921560524876
            ],
            [
              83.72084131971275,
              47.97145812021171
            ],
            [
              83.69876401017785,
              47.97911158751711
            ],
            [
              83.66638395619339,
              48.009725456738806
            ],
            [
              83.6496052009469,
              48.01943947293415
            ],
            [
              83.63047153268332,
              48.01266909801012
            ],
            [
              83.60957167965694,
              48.02179438595121
            ],
            [
              83.58337327234227,
              48.025621119603926
            ],
            [
              83.53097645771282,
              48.02620984785818
            ],
            [
              83.522439898026,
              48.02856476087524
            ],
            [
              83.50831041992365,
              48.03827877707059
            ],
            [
              83.49624149071127,
              48.040633690087645
            ],
            [
              83.47033744752366,
              48.0421055107233
            ],
            [
              83.44502213259034,
              48.04681533675742
            ],
            [
              83.41794063289427,
              48.05917863009694
            ],
            [
              83.41087589384307,
              48.06123917898685
            ],
            [
              83.39468586685086,
              48.05917863009694
            ],
            [
              83.36789873128185,
              48.04917024977445
            ],
            [
              83.35259179667099,
              48.04681533675742
            ],
            [
              83.32580466110204,
              48.04858152152019
            ],
            [
              83.30667099283846,
              48.053880075808564
            ],
            [
              83.21188574390209,
              48.09950651551398
            ],
            [
              83.19569571690982,
              48.1118698088535
            ],
            [
              83.16802548895947,
              48.13983440093102
            ],
            [
              83.15713401625561,
              48.14778223236357
            ],
            [
              83.1480087283145,
              48.14778223236357
            ],
            [
              83.13770598386492,
              48.14454422696511
            ],
            [
              83.12357650576257,
              48.14366113458374
            ],
            [
              83.0850148051083,
              48.155435699669
            ],
            [
              83.044098191437,
              48.17957355809378
            ],
            [
              83.01201250157965,
              48.20959869906122
            ],
            [
              82.99994357236727,
              48.23991820415577
            ],
            [
              83.0075970396727,
              48.25905187241935
            ],
            [
              83.0234927025378,
              48.26670533972475
            ],
            [
              83.04203764254709,
              48.26493915496198
            ],
            [
              83.05822766953935,
              48.25610823114803
            ],
            [
              83.08707535399827,
              48.23520837812168
            ],
            [
              83.09266827241373,
              48.23226473685037
            ],
            [
              83.09796682670213,
              48.23049855208757
            ],
            [
              83.10267665273625,
              48.226966182561995
            ],
            [
              83.10738647877031,
              48.225199997799194
            ],
            [
              83.11680613083854,
              48.23167600859608
            ],
            [
              83.1294637883052,
              48.23844638352011
            ],
            [
              83.14241580989898,
              48.242861845427086
            ],
            [
              83.15566219561993,
              48.25610823114803
            ],
            [
              83.16125511403544,
              48.25905187241935
            ],
            [
              83.20923646675789,
              48.25905187241935
            ],
            [
              83.22130539597032,
              48.26140678543641
            ],
            [
              83.24544325439507,
              48.27112080163175
            ],
            [
              83.25692345535322,
              48.27347571464878
            ],
            [
              83.29872316140592,
              48.27347571464878
            ],
            [
              83.3187399220509,
              48.27112080163175
            ],
            [
              83.35995089984931,
              48.26140678543641
            ],
            [
              83.43619120877639,
              48.25846314416509
            ],
            [
              83.4603290672012,
              48.26258424194492
            ],
            [
              83.47916837133761,
              48.27347571464878
            ],
            [
              83.4824063767361,
              48.27936299719141
            ],
            [
              83.49300348531284,
              48.30762195339608
            ],
            [
              83.50713296341513,
              48.33529218134643
            ],
            [
              83.52479481104302,
              48.34794983881309
            ],
            [
              83.54716648470503,
              48.356486398499925
            ],
            [
              83.59573656568176,
              48.36884969183944
            ],
            [
              83.56630015296861,
              48.386511539467364
            ],
            [
              83.54775521295932,
              48.39387064264565
            ],
            [
              83.51095969706785,
              48.39887483280688
            ],
            [
              83.47622473006629,
              48.40800012074797
            ],
            [
              83.462095251964,
              48.40976630551074
            ],
            [
              83.43148138274228,
              48.42742815313866
            ],
            [
              83.40175060590201,
              48.465989853792905
            ],
            [
              83.38408875827412,
              48.50572901095569
            ],
            [
              83.39056476907098,
              48.52662886398204
            ],
            [
              83.36937055191754,
              48.56077510272931
            ],
            [
              83.39762950812218,
              48.569017298289
            ],
            [
              83.42500537194542,
              48.588739694806804
            ],
            [
              83.44178412719191,
              48.61376064561301
            ],
            [
              83.43825175766631,
              48.636426683402135
            ],
            [
              83.44943759449734,
              48.651439253885854
            ],
            [
              83.44619958909891,
              48.674105291675005
            ],
            [
              83.43442502401359,
              48.69794878597267
            ],
            [
              83.4211786382927,
              48.71561063360056
            ],
            [
              83.41499699162296,
              48.73297811710134
            ],
            [
              83.41646881225859,
              48.75741033965326
            ],
            [
              83.43442502401359,
              48.834533740961746
            ],
            [
              83.44884886624305,
              48.865441974310585
            ],
            [
              83.47180926815935,
              48.89164038162531
            ],
            [
              83.57218743551124,
              48.96876378293379
            ],
            [
              83.58425636472361,
              48.97347360896791
            ],
            [
              83.61457586981822,
              48.97111869595085
            ],
            [
              83.62693916315772,
              48.97553415785782
            ],
            [
              83.63812499998875,
              48.98436508167177
            ],
            [
              83.705828749229,
              49.02057186930898
            ],
            [
              83.73526516194221,
              49.0311689778857
            ],
            [
              83.74350735750187,
              49.03735062455547
            ],
            [
              83.76499593878248,
              49.04647591249656
            ],
            [
              83.96840155063046,
              49.0738517763198
            ],
            [
              84.15650022786758,
              49.13478515063605
            ],
            [
              84.18152117867379,
              49.16157228620503
            ],
            [
              84.17180716247844,
              49.20572690527479
            ],
            [
              84.15679459199475,
              49.23221967671665
            ],
            [
              84.15061294532495,
              49.238990051640656
            ],
            [
              84.11587797832345,
              49.25812371990423
            ],
            [
              84.10999069578082,
              49.25694626339569
            ],
            [
              84.1017485002211,
              49.27107574149801
            ],
            [
              84.02020963700562,
              49.34290058851815
            ],
            [
              83.98665212651264,
              49.35820752312898
            ],
            [
              83.96781282237623,
              49.372631365358444
            ],
            [
              83.958393170308,
              49.37557500662976
            ],
            [
              83.93513840426459,
              49.37616373488402
            ],
            [
              83.92159765441653,
              49.37999046853673
            ],
            [
              83.91247236647547,
              49.389410120604964
            ],
            [
              83.89745979599172,
              49.411193066012686
            ],
            [
              83.8703782962956,
              49.427088728877806
            ],
            [
              83.8356433292941,
              49.43680274507315
            ],
            [
              83.70229637970345,
              49.452109679683986
            ],
            [
              83.68345707556699,
              49.44946040253981
            ],
            [
              83.67521488000733,
              49.44180693523438
            ],
            [
              83.6693275974647,
              49.43091546253052
            ],
            [
              83.65755303237944,
              49.41737471268246
            ],
            [
              83.64518973903989,
              49.430326734276264
            ],
            [
              83.63694754348023,
              49.442984391742925
            ],
            [
              83.63223771744612,
              49.45740823397236
            ],
            [
              83.63047153268332,
              49.476247538108794
            ],
            [
              83.62428988601357,
              49.48507846192274
            ],
            [
              83.5821958158337,
              49.52099088543281
            ],
            [
              83.5668888812229,
              49.52599507559404
            ],
            [
              83.55128758248492,
              49.52864435273824
            ],
            [
              83.53921865327248,
              49.53512036353513
            ],
            [
              83.53450882723837,
              49.551604754654505
            ],
            [
              83.52626663167871,
              49.55778640132428
            ],
            [
              83.50801605579653,
              49.54866111338319
            ],
            [
              83.47916837133761,
              49.52717253210258
            ],
            [
              83.47004308339655,
              49.5395358254421
            ],
            [
              83.457679790057,
              49.53924146131496
            ],
            [
              83.44443340433611,
              49.53600345591653
            ],
            [
              83.43148138274228,
              49.540713281950616
            ],
            [
              83.43118701861516,
              49.54630620036613
            ],
            [
              83.43324756750508,
              49.5710327870452
            ],
            [
              83.43148138274228,
              49.581629895621944
            ],
            [
              83.41735190463999,
              49.59811428674129
            ],
            [
              83.37702401922297,
              49.623429601674616
            ],
            [
              83.36377763350202,
              49.64374072644671
            ],
            [
              83.38173384525703,
              49.64168017755679
            ],
            [
              83.42853774147096,
              49.63019997659865
            ],
            [
              83.44502213259034,
              49.623429601674616
            ],
            [
              83.45061505100585,
              49.61607049849633
            ],
            [
              83.45296996402294,
              49.60694521055527
            ],
            [
              83.45738542592989,
              49.599291743249836
            ],
            [
              83.46915999101515,
              49.59605373785138
            ],
            [
              83.49476967007558,
              49.59693683023278
            ],
            [
              83.5065442351609,
              49.600174835631236
            ],
            [
              83.51714134373759,
              49.606650846428124
            ],
            [
              83.53539191961977,
              49.6128324930979
            ],
            [
              83.61339841330965,
              49.61665922675061
            ],
            [
              83.62164060886937,
              49.61489304198781
            ],
            [
              83.65107702158252,
              49.603412841029666
            ],
            [
              83.6710937822275,
              49.59870301499558
            ],
            [
              83.73673698257784,
              49.59605373785138
            ],
            [
              83.74380172162898,
              49.60046919975835
            ],
            [
              83.74733409115458,
              49.61047758008084
            ],
            [
              83.7493946400445,
              49.62195778103896
            ],
            [
              83.75351573782433,
              49.63078870485293
            ],
            [
              83.77500431910494,
              49.641091449302536
            ],
            [
              83.80502946007238,
              49.64903928073508
            ],
            [
              83.83152223151421,
              49.66051948169323
            ],
            [
              83.8518333562863,
              49.70143609536453
            ],
            [
              83.87243884518557,
              49.715271209339704
            ],
            [
              83.89745979599172,
              49.723807769026536
            ],
            [
              83.96545790935915,
              49.73057814395057
            ],
            [
              83.98518030587695,
              49.737054154747455
            ],
            [
              84.00696325128473,
              49.7467681709428
            ],
            [
              84.01432235446299,
              49.73263869284048
            ],
            [
              83.98518030587695,
              49.707912106161416
            ],
            [
              83.96810718650335,
              49.69643190520327
            ],
            [
              83.94838478998554,
              49.69172207916918
            ],
            [
              83.90423017091575,
              49.687012253135066
            ],
            [
              83.88244722550803,
              49.68083060646529
            ],
            [
              83.86360792137157,
              49.67170531852423
            ],
            [
              83.80120272641966,
              49.62696197120022
            ],
            [
              83.79943654165692,
              49.62284087342036
            ],
            [
              83.7947267156228,
              49.61695359087773
            ],
            [
              83.7903112537158,
              49.6093001235723
            ],
            [
              83.78825070482588,
              49.59988047150409
            ],
            [
              83.79060561784291,
              49.58928336292735
            ],
            [
              83.80885619372509,
              49.56190749910411
            ],
            [
              83.78589579180885,
              49.556608944815736
            ],
            [
              83.7323215206709,
              49.56691168926534
            ],
            [
              83.705828749229,
              49.56808914577388
            ],
            [
              83.72407932511118,
              49.54454001560333
            ],
            [
              83.72702296638249,
              49.5377696406793
            ],
            [
              83.72349059685689,
              49.52776126035684
            ],
            [
              83.71465967304295,
              49.52687816797544
            ],
            [
              83.70317947208486,
              49.52864435273824
            ],
            [
              83.6914049069996,
              49.52717253210258
            ],
            [
              83.67462615175305,
              49.517164151780094
            ],
            [
              83.67227123873602,
              49.51039377685606
            ],
            [
              83.68169089080425,
              49.50509522256769
            ],
            [
              83.69876401017785,
              49.499796668279316
            ],
            [
              83.73173279241661,
              49.49420374986383
            ],
            [
              83.79825908514835,
              49.489788287956856
            ],
            [
              83.8294616826243,
              49.48007427176151
            ],
            [
              83.82475185659024,
              49.47654190223594
            ],
            [
              83.81562656864912,
              49.46565042953205
            ],
            [
              83.86125300835454,
              49.46918279905762
            ],
            [
              83.88539086677935,
              49.467122250167705
            ],
            [
              83.90511326329715,
              49.45888005460802
            ],
            [
              83.91600473600101,
              49.442984391742925
            ],
            [
              83.92042019790802,
              49.42502817998789
            ],
            [
              83.92807366521345,
              49.410309973631286
            ],
            [
              83.98665212651264,
              49.39411994663905
            ],
            [
              83.99312813730955,
              49.39323685425765
            ],
            [
              83.9975435992165,
              49.386172115206506
            ],
            [
              84.01785472398859,
              49.36674408281581
            ],
            [
              84.02433073478551,
              49.36262298503598
            ],
            [
              84.02668564780254,
              49.360268072018926
            ],
            [
              84.05847697353278,
              49.34584422978946
            ],
            [
              84.08879647862733,
              49.31493599644065
            ],
            [
              84.21419559678543,
              49.2513533449802
            ],
            [
              84.23391799330324,
              49.22927603544531
            ],
            [
              84.2439263736257,
              49.22162256813991
            ],
            [
              84.29043590571251,
              49.202194535749214
            ],
            [
              84.32899760636678,
              49.19189179129961
            ],
            [
              84.34165526383345,
              49.19012560653681
            ],
            [
              84.3534298289187,
              49.19512979669804
            ],
            [
              84.36461566574968,
              49.201311443367814
            ],
            [
              84.37903950797914,
              49.20454944876627
            ],
            [
              84.3934633502086,
              49.20366635638487
            ],
            [
              84.40464918703958,
              49.198073437969356
            ],
            [
              84.42260539879464,
              49.20513817702053
            ],
            [
              84.44379961594814,
              49.20337199225773
            ],
            [
              84.46469946897446,
              49.195718524952326
            ],
            [
              84.48030076771244,
              49.18453268812132
            ],
            [
              84.43379123562562,
              49.173935579544576
            ],
            [
              84.38757606766598,
              49.17069757414612
            ],
            [
              84.33429616065513,
              49.133018965873276
            ],
            [
              84.31604558477295,
              49.12301058555079
            ],
            [
              84.10999069578082,
              49.0747348687012
            ],
            [
              84.05465023988006,
              49.06914195028568
            ],
            [
              84.01020125668316,
              49.056778656946165
            ],
            [
              83.9966605068351,
              49.05471810805625
            ],
            [
              83.98547467000412,
              49.04735900487796
            ],
            [
              83.95132843125685,
              49.01144658136789
            ],
            [
              83.93160603473899,
              49.00026074453689
            ],
            [
              83.81915893817472,
              48.99260727723146
            ],
            [
              83.7964929003856,
              48.98848617945163
            ],
            [
              83.72702296638249,
              48.95934413086559
            ],
            [
              83.62782225553912,
              48.93932737022064
            ],
            [
              83.5821958158337,
              48.92431479973692
            ],
            [
              83.5474608488322,
              48.89664457178654
            ],
            [
              83.54628339232363,
              48.892229109879565
            ],
            [
              83.5483439412136,
              48.88104327304856
            ],
            [
              83.5474608488322,
              48.87662781114159
            ],
            [
              83.5430453869252,
              48.87191798510747
            ],
            [
              83.53274264247563,
              48.86691379494624
            ],
            [
              83.51537515897485,
              48.852195588589666
            ],
            [
              83.50948787643222,
              48.84601394191989
            ],
            [
              83.50713296341513,
              48.83894920286872
            ],
            [
              83.5030118656353,
              48.82982391492766
            ],
            [
              83.47622473006629,
              48.804508599994335
            ],
            [
              83.46945435514226,
              48.7942058555447
            ],
            [
              83.45179250751437,
              48.734449937737
            ],
            [
              83.45296996402294,
              48.71767118249048
            ],
            [
              83.46091779545549,
              48.7038360685153
            ],
            [
              83.47622473006629,
              48.68794040565018
            ],
            [
              83.51331461008493,
              48.657326536428485
            ],
            [
              83.52832718056862,
              48.63937032467345
            ],
            [
              83.53450882723837,
              48.61582119450293
            ],
            [
              83.53244827834845,
              48.605518450053324
            ],
            [
              83.52302862628028,
              48.58638478178975
            ],
            [
              83.52067371326319,
              48.57490458083163
            ],
            [
              83.53097645771282,
              48.55930328209365
            ],
            [
              83.53509755549265,
              48.547823081135505
            ],
            [
              83.53097645771282,
              48.53722597255876
            ],
            [
              83.52803281644151,
              48.52044721731227
            ],
            [
              83.53804119676397,
              48.49807554365026
            ],
            [
              83.5618846910616,
              48.465106761411505
            ],
            [
              83.60132948409728,
              48.43037179440998
            ],
            [
              83.65460939110812,
              48.403290294713855
            ],
            [
              83.7128934882802,
              48.39033827312005
            ],
            [
              83.76735085179956,
              48.39681428391697
            ],
            [
              83.78177469402897,
              48.405056479476656
            ],
            [
              83.79060561784291,
              48.41359303916346
            ],
            [
              83.79973090578403,
              48.42065777821463
            ],
            [
              83.81562656864912,
              48.424190147740205
            ],
            [
              83.8321109597685,
              48.42301269123169
            ],
            [
              83.87096702454988,
              48.40976630551074
            ],
            [
              83.92277511092504,
              48.4112381261464
            ],
            [
              83.94956224649405,
              48.409177577256486
            ],
            [
              83.96575227348626,
              48.39681428391697
            ],
            [
              83.94867915411265,
              48.37974116454333
            ],
            [
              83.93072294235759,
              48.37091024072939
            ],
            [
              83.88450777439795,
              48.3626680451697
            ],
            [
              83.81739275341192,
              48.3617849527883
            ],
            [
              83.80120272641966,
              48.35530894199141
            ],
            [
              83.77647613974062,
              48.36767223533093
            ],
            [
              83.71701458606003,
              48.36678914294953
            ],
            [
              83.6914049069996,
              48.376503159144875
            ],
            [
              83.54333975105232,
              48.305561404506136
            ],
            [
              83.5038949580167,
              48.2764193559201
            ],
            [
              83.51066533294073,
              48.265233519089094
            ],
            [
              83.53038772945854,
              48.25316458987672
            ],
            [
              83.55393685962906,
              48.243744937808486
            ],
            [
              83.57218743551124,
              48.23991820415577
            ],
            [
              83.59573656568176,
              48.23844638352011
            ],
            [
              83.71701458606003,
              48.21430852509533
            ],
            [
              83.88244722550803,
              48.151020237762026
            ],
            [
              83.96928464301186,
              48.13041474886279
            ],
            [
              84.05200096273586,
              48.09597414598841
            ],
            [
              84.07348954401647,
              48.0821390320132
            ],
            [
              84.08261483195753,
              48.06418282025817
            ],
            [
              84.08967957100873,
              48.039750597706245
            ],
            [
              84.10645832625522,
              48.042399874850446
            ],
            [
              84.14384257040092,
              48.067420825656626
            ],
            [
              84.15679459199475,
              48.068892646292284
            ],
            [
              84.17180716247844,
              48.06771518978377
            ],
            [
              84.18564227645362,
              48.06388845613105
            ],
            [
              84.19565065677614,
              48.05770680946128
            ],
            [
              84.2074252218614,
              48.04710970088453
            ],
            [
              84.21802233043815,
              48.04328296723182
            ],
            [
              84.34872000288459,
              48.03327458690936
            ],
            [
              84.37432968194503,
              48.02326620658687
            ],
            [
              84.43585178451553,
              47.985293234186884
            ],
            [
              84.4564572734148,
              47.96822011481325
            ],
            [
              84.48118386009384,
              47.9567399138551
            ]
          ]
        ]
      },
      "properties": {
        "featurecla": "Reservoir",
        "scalerank": 3,
        "name": "Lake Zaysan",
        "name_abb": "L. Zaysan",
        "name_alt": "",
        "note": "",
        "delta": "",
        "dam_name": "Bukhtarma",
        "year": 1960,
        "admin": "",
        "min_zoom": 3.0,
        "min_label": 5.0,
        "label": "Lake Zaysan",
        "wikidataid": "Q216621",
        "name_ar": "بحيرة زيسان",
        "name_bn": "লেক জেসান",
        "name_de": "Saissansee",
        "name_en": "Zaysan",
        "name_es": "Zaysan",
        "name_fr": "Zaïssan",
        "name_el": "Λίμνη Ζαϊσάν",
        "name_hi": "ज़ायसान झील",
        "name_hu": "Zaysan-tó",
        "name_id": "Zaysan",
        "name_it": "Zajsan",
        "name_ja": "ザイサン湖",
        "name_ko": "자이산호",
        "name_nl": "Zaysanmeer",
        "name_pl": "Zajsan",
        "name_pt": "Zaysan",
        "name_ru": "Зайсан",
        "name_sv": "Zajsan",
        "name_tr": "Zaysan",
        "name_vi": "Zaysan",
        "name_zh": "斋桑泊",
        "ne_id": 1159123091,
        "name_fa": "دریاچه زایسان",
        "name_he": "אגם זייסאן",
        "name_uk": "Зайсан",
        "name_ur": "جھیل زیسان",
        "name_zht": "齋桑泊"
      }
    },
    {
      "type": "Feature",
      "geometry": {
        "type": "Polygon",
        "coordinates": [
          [
            [
              78.01106034573974,
              43.7823622270009
            ],
            [
              78.00458433494282,
              43.77882985747533
            ],
            [
              77.99722523176456,
              43.770882026042784
            ],
            [
              78.00134632954439,
              43.7711763901699
            ],
            [
              78.00576179145139,
              43.76617220000867
            ],
            [
              78.00841106859554,
              43.75969618921178
            ],
            [
              78.0078223403413,
              43.75439763492341
            ],
            [
              77.99045485684053,
              43.74350616221952
            ],
            [
              77.89419778726847,
              43.7405625209482
            ],
            [
              77.88595559170881,
              43.76146237397455
            ],
            [
              77.86593883106383,
              43.76823274889858
            ],
            [
              77.8191349348499,
              43.76470037937301
            ],
            [
              77.74201153354142,
              43.776769308585415
            ],
            [
              77.72699896305767,
              43.7747087596955
            ],
            [
              77.70727656653986,
              43.766760928262926
            ],
            [
              77.68078379509802,
              43.77058766191564
            ],
            [
              77.63486299126549,
              43.784422775890846
            ],
            [
              77.5079920524717,
              43.77941858572959
            ],
            [
              77.361104353033,
              43.80473390066291
            ],
            [
              77.34285377715088,
              43.8156253733668
            ],
            [
              77.32254265237879,
              43.822690112417945
            ],
            [
              77.29340060379275,
              43.82062956352803
            ],
            [
              77.25012907710436,
              43.811798639714084
            ],
            [
              77.23393905011216,
              43.81415355273114
            ],
            [
              77.20715191454315,
              43.8232788406722
            ],
            [
              77.19243370818657,
              43.82563375368926
            ],
            [
              77.17771550183,
              43.82239574829083
            ],
            [
              77.15534382816799,
              43.80885499844277
            ],
            [
              77.14150871419281,
              43.80561699304431
            ],
            [
              77.15004527387958,
              43.82739993845206
            ],
            [
              77.13885943704861,
              43.843589965444295
            ],
            [
              77.12208068180209,
              43.8574250794195
            ],
            [
              77.11354412211529,
              43.87067146514042
            ],
            [
              77.11678212751372,
              43.87832493244582
            ],
            [
              77.13208906212458,
              43.90275715499777
            ],
            [
              77.1376819805401,
              43.908055709286145
            ],
            [
              77.15151709451527,
              43.9068782527776
            ],
            [
              77.17565495294008,
              43.902168426743486
            ],
            [
              77.18919570278814,
              43.901285334362115
            ],
            [
              77.23541087074778,
              43.90511206801483
            ],
            [
              77.25837127266408,
              43.91011625817606
            ],
            [
              77.27426693552917,
              43.91865281786286
            ],
            [
              77.28927950601286,
              43.92924992643961
            ],
            [
              77.31165117967487,
              43.939847035016356
            ],
            [
              77.33490594571828,
              43.9477948664489
            ],
            [
              77.35315652160045,
              43.9495610512117
            ],
            [
              77.3619874454144,
              43.946323045813244
            ],
            [
              77.37700001589815,
              43.93425411660084
            ],
            [
              77.38730276034772,
              43.92924992643961
            ],
            [
              77.42821937401902,
              43.92924992643961
            ],
            [
              77.44941359117252,
              43.91865281786286
            ],
            [
              77.66989232239416,
              43.87420383466599
            ],
            [
              77.89684706441267,
              43.8565419870381
            ],
            [
              77.95630861809326,
              43.867139095614846
            ],
            [
              78.01164907399402,
              43.886272763878395
            ],
            [
              78.03784748130875,
              43.89098258991251
            ],
            [
              78.06610643751338,
              43.88745022038691
            ],
            [
              78.1046681381676,
              43.87567565530165
            ],
            [
              78.12085816515986,
              43.874498198793134
            ],
            [
              78.14970584961878,
              43.87832493244582
            ],
            [
              78.16236350708544,
              43.87655874768305
            ],
            [
              78.17590425693345,
              43.867139095614846
            ],
            [
              78.15883113755984,
              43.862723633707844
            ],
            [
              78.13999183342344,
              43.8538927098939
            ],
            [
              78.1073174153118,
              43.83240412861329
            ],
            [
              78.09348230133662,
              43.84035196004584
            ],
            [
              78.08200210037847,
              43.837702682901664
            ],
            [
              78.05374314417384,
              43.813859188604
            ],
            [
              78.04991641052112,
              43.81238736796834
            ],
            [
              78.04167421496146,
              43.811798639714084
            ],
            [
              78.03784748130875,
              43.80885499844277
            ],
            [
              78.03431511178314,
              43.79531424859471
            ],
            [
              78.03196019876611,
              43.79119315081485
            ],
            [
              78.01106034573974,
              43.7823622270009
            ]
          ]
        ]
      },
      "properties": {
        "featurecla": "Reservoir",
        "scalerank": 7,
        "name": "Kapchagay Reservoir",
        "name_abb": "Kapchagay Res.",
        "name_alt": "Qapshaghay Bgeni Reservoir",
        "note": "",
        "delta": "",
        "dam_name": "",
        "year": 1970,
        "admin": "",
        "min_zoom": 5.7,
        "min_label": 6.7,
        "label": "Kapchagay Reservoir",
        "wikidataid": "Q1112158",
        "name_ar": "بحيرة كابشغاي",
        "name_bn": "কাপচাগে রিজার্ভার",
        "name_de": "Kaptschagai-Stausee",
        "name_en": "Kapchagay",
        "name_es": "Kapchagay",
        "name_fr": "Kapchagaï",
        "name_el": "Τεχνητή Λίμνη Καπτσαγκάι",
        "name_hi": "कपचागे जलाशय",
        "name_hu": "Kapsagáji-víztározó",
        "name_id": "Reservoir Kapchagay",
        "name_it": "Kapchagay",
        "name_ja": "カプチャガイ貯水池",
        "name_ko": "캅차가이 레저보어",
        "name_nl": "Kapchagay Reservoir",
        "name_pl": "Zbiornik Kapszagajski",
        "name_pt": "Represa de Kapchagay",
        "name_ru": "Капчагайское водохранилище",
        "name_sv": "Kaptjagaj-reservoaren",
        "name_tr": "Kapçagay Göleti",
        "name_vi": "Hồ Kapchagay",
        "name_zh": "卡普恰盖水库",
        "ne_id": 1159125523,
        "name_fa": "مخزن سد کاپچاگای",
        "name_he": "מאגר קפצ'גאי",
        "name_uk": "Капчагайське водосховище",
        "name_ur": "کیپچاگے ریزروائر",
        "name_zht": "卡普恰盖水库"
      }
    },
    {
      "type": "Feature",
      "geometry": {
        "type": "Polygon",
        "coordinates": [
          [
            [
              78.25479384300479,
              42.59960716418587
            ],
            [
              78.30630756525278,
              42.602550805457184
            ],
            [
              78.32750178240627,
              42.595191702278896
            ],
            [
              78.32014267922801,
              42.571642572108345
            ],
            [
              78.30042028271015,
              42.56340037654866
            ],
            [
              78.17296061566213,
              42.575174941633946
            ],
            [
              78.1508833061273,
              42.5739974851254
            ],
            [
              78.12821726833812,
              42.5654609254386
            ],
            [
              78.10761177943891,
              42.55103708320914
            ],
            [
              78.05580369306375,
              42.49334171429132
            ],
            [
              78.02872219336763,
              42.47509113840917
            ],
            [
              77.99575341112887,
              42.465671486340966
            ],
            [
              77.92540038474442,
              42.46184475268825
            ],
            [
              77.90067379806538,
              42.458018019035535
            ],
            [
              77.82943767929947,
              42.43476325299213
            ],
            [
              77.81236455992587,
              42.42092813901695
            ],
            [
              77.8226673043755,
              42.40267756313477
            ],
            [
              77.89272596663284,
              42.39178609043091
            ],
            [
              77.91480327616767,
              42.37382987867588
            ],
            [
              77.87947958091189,
              42.372652422167334
            ],
            [
              77.85180935296148,
              42.36146658533633
            ],
            [
              77.83002640755376,
              42.342627281199924
            ],
            [
              77.79205343515378,
              42.29376283609605
            ],
            [
              77.68725980589488,
              42.21457888589765
            ],
            [
              77.65694030080033,
              42.203098684939505
            ],
            [
              77.62220533379883,
              42.19662267414262
            ],
            [
              77.58305490489028,
              42.194856489379816
            ],
            [
              77.55302976392284,
              42.18573120143873
            ],
            [
              77.51535115565002,
              42.168952446192236
            ],
            [
              77.48120491690275,
              42.16188770714106
            ],
            [
              77.46295434102058,
              42.181315739531755
            ],
            [
              77.42704191751051,
              42.17012990270075
            ],
            [
              77.38995203749192,
              42.169835538573636
            ],
            [
              77.31871591872607,
              42.181315739531755
            ],
            [
              77.28927950601286,
              42.18102137540464
            ],
            [
              77.17477186055868,
              42.16600880492092
            ],
            [
              77.15122273038816,
              42.16012152237829
            ],
            [
              77.1367988881587,
              42.15335114745426
            ],
            [
              77.12914542085326,
              42.15511733221703
            ],
            [
              77.12149195354783,
              42.15923842999689
            ],
            [
              77.11354412211529,
              42.16071025063255
            ],
            [
              77.04819528589206,
              42.16071025063255
            ],
            [
              77.01846450905174,
              42.16865808206509
            ],
            [
              76.98785063983007,
              42.182198831913155
            ],
            [
              76.96076914013395,
              42.18661429382013
            ],
            [
              76.94222420012466,
              42.167186261429435
            ],
            [
              76.93545382520063,
              42.167186261429435
            ],
            [
              76.92662290138668,
              42.18425938080307
            ],
            [
              76.9074892331231,
              42.19750576652399
            ],
            [
              76.88364573882544,
              42.20574796208368
            ],
            [
              76.84066857626422,
              42.21192960875345
            ],
            [
              76.81976872323787,
              42.22046616844028
            ],
            [
              76.76531135971851,
              42.256672956077466
            ],
            [
              76.7550086152689,
              42.26197151036584
            ],
            [
              76.74352841431076,
              42.26373769512864
            ],
            [
              76.72939893620844,
              42.259910961475924
            ],
            [
              76.71791873525032,
              42.25343495067901
            ],
            [
              76.70643853429218,
              42.25108003766198
            ],
            [
              76.69201469206274,
              42.26020532560304
            ],
            [
              76.67582466507048,
              42.266681336399955
            ],
            [
              76.60635473106743,
              42.270802434179785
            ],
            [
              76.56190574787053,
              42.28022208624799
            ],
            [
              76.39676747254967,
              42.34557092247124
            ],
            [
              76.37174652174346,
              42.34733710723401
            ],
            [
              76.34937484808145,
              42.33585690627589
            ],
            [
              76.3328904569621,
              42.32290488468209
            ],
            [
              76.31405115282567,
              42.3155457815038
            ],
            [
              76.29315129979932,
              42.313779596741
            ],
            [
              76.27048526201017,
              42.318489422775116
            ],
            [
              76.25871069692491,
              42.32290488468209
            ],
            [
              76.24781922422105,
              42.32879216722472
            ],
            [
              76.23957702866136,
              42.33732872691155
            ],
            [
              76.23310101786447,
              42.364410226607646
            ],
            [
              76.22574191468615,
              42.37324115042162
            ],
            [
              76.2166166267451,
              42.381188981854166
            ],
            [
              76.2083744311854,
              42.39296354693943
            ],
            [
              76.21249552896523,
              42.39472973170223
            ],
            [
              76.22279827341484,
              42.400322650117715
            ],
            [
              76.21956026801641,
              42.40414938377043
            ],
            [
              76.21632226261795,
              42.40562120440609
            ],
            [
              76.2083744311854,
              42.407093025041746
            ],
            [
              76.21543917023655,
              42.407093025041746
            ],
            [
              76.20189842038849,
              42.41857322599989
            ],
            [
              76.19601113784586,
              42.43976744315336
            ],
            [
              76.20248714864277,
              42.46007856792545
            ],
            [
              76.22574191468615,
              42.46920385586654
            ],
            [
              76.30463150075747,
              42.482155877460315
            ],
            [
              76.33259609283496,
              42.4827446057146
            ],
            [
              76.44327700463646,
              42.46773203523088
            ],
            [
              76.45622902623026,
              42.46832076348514
            ],
            [
              76.46564867829846,
              42.47273622539211
            ],
            [
              76.48802035196047,
              42.50276136635955
            ],
            [
              76.49714563990156,
              42.51012046953784
            ],
            [
              76.52040040594497,
              42.514830295571954
            ],
            [
              76.57515213359144,
              42.50923737715644
            ],
            [
              76.5995843561434,
              42.51365283906341
            ],
            [
              76.61989548091546,
              42.52719358891147
            ],
            [
              76.65315862728136,
              42.555746909243254
            ],
            [
              76.67464720856196,
              42.5654609254386
            ],
            [
              76.97637043887192,
              42.60961554450833
            ],
            [
              76.9816689931603,
              42.6140310064153
            ],
            [
              76.99403228649982,
              42.61226482165253
            ],
            [
              77.01404904714477,
              42.6063775391099
            ],
            [
              77.02700106873857,
              42.60990990863547
            ],
            [
              77.04731219351066,
              42.62786612039051
            ],
            [
              77.05820366621452,
              42.634342131187395
            ],
            [
              77.08381334527499,
              42.63964068547577
            ],
            [
              77.1359157957773,
              42.643467419128484
            ],
            [
              77.17388876817728,
              42.653475799450945
            ],
            [
              77.18478024088114,
              42.65200397881529
            ],
            [
              77.19537734945789,
              42.64906033754397
            ],
            [
              77.20626882216175,
              42.6472941527812
            ],
            [
              77.2195152078827,
              42.64876597341686
            ],
            [
              77.22981795233227,
              42.65259270706957
            ],
            [
              77.23894324027339,
              42.657008168976546
            ],
            [
              77.3254862936501,
              42.67967420676567
            ],
            [
              77.34962415207485,
              42.68173475565561
            ],
            [
              77.37346764637255,
              42.677908022002896
            ],
            [
              77.43557847719734,
              42.653475799450945
            ],
            [
              77.52800881311668,
              42.6472941527812
            ],
            [
              77.53772282931203,
              42.650237794052515
            ],
            [
              77.54949739439729,
              42.657008168976546
            ],
            [
              77.5692197909151,
              42.67143201120598
            ],
            [
              77.57922817123756,
              42.676141837240095
            ],
            [
              77.62043914903603,
              42.68173475565561
            ],
            [
              77.70433292526855,
              42.70557824995328
            ],
            [
              77.74554390306696,
              42.71087680424162
            ],
            [
              77.77144794625457,
              42.72000209218271
            ],
            [
              77.78439996784834,
              42.72265136932691
            ],
            [
              77.79764635356929,
              42.72265136932691
            ],
            [
              77.83267568469796,
              42.716175358529995
            ],
            [
              77.91715818918476,
              42.72677246710674
            ],
            [
              77.95601425396615,
              42.71411480964008
            ],
            [
              77.98309575366221,
              42.71323171725868
            ],
            [
              78.01164907399402,
              42.71588099440288
            ],
            [
              78.03313765527463,
              42.72029645630985
            ],
            [
              78.08288519275987,
              42.72235700519977
            ],
            [
              78.1037850457862,
              42.72559501059823
            ],
            [
              78.11762015976143,
              42.732954113776515
            ],
            [
              78.13734255627924,
              42.7403132169548
            ],
            [
              78.20475194139237,
              42.746200499497434
            ],
            [
              78.22388560965595,
              42.742962494098975
            ],
            [
              78.23595453886833,
              42.74649486362458
            ],
            [
              78.30630756525278,
              42.742962494098975
            ],
            [
              78.30630756525278,
              42.736192119174945
            ],
            [
              78.28275843508226,
              42.732954113776515
            ],
            [
              78.2497896528435,
              42.71941336392845
            ],
            [
              78.2335996258513,
              42.716175358529995
            ],
            [
              78.21181668044352,
              42.72147391281837
            ],
            [
              78.20151393599394,
              42.721179548691254
            ],
            [
              78.19327174043423,
              42.70351770106333
            ],
            [
              78.1750211645521,
              42.680262935019954
            ],
            [
              78.16913388200948,
              42.67467001660444
            ],
            [
              78.15794804517844,
              42.67172637533312
            ],
            [
              78.132338366118,
              42.671137647078865
            ],
            [
              78.12085816515986,
              42.66789964168041
            ],
            [
              78.11114414896451,
              42.65906871786646
            ],
            [
              78.08994993181102,
              42.63257594642462
            ],
            [
              78.0834739210141,
              42.62698302800911
            ],
            [
              78.08170773625136,
              42.62286193022928
            ],
            [
              78.0887724753025,
              42.61314791403393
            ],
            [
              78.09966394800637,
              42.60402262609284
            ],
            [
              78.1108497848374,
              42.59960716418587
            ],
            [
              78.25479384300479,
              42.59960716418587
            ]
          ]
        ]
      },
      "properties": {
        "featurecla": "Alkaline Lake",
        "scalerank": 2,
        "name": "Issyk-Kul",
        "name_abb": "Issyk-Kul",
        "name_alt": "Ysyk Köl",
        "note": "",
        "delta": "",
        "dam_name": "",
        "year": -99,
        "admin": "",
        "min_zoom": 2.0,
        "min_label": 3.7,
        "label": "Issyk-Kul",
        "wikidataid": "Q42191",
        "name_ar": "بحيرة إيسيك كول",
        "name_bn": "ইসস্যক-কুল",
        "name_de": "Yssykköl",
        "name_en": "Issyk-Kul",
        "name_es": "Issyk-Kul",
        "name_fr": "Yssyk Koul",
        "name_el": "Ισσύκ-Κουλ",
        "name_hi": "इसिक कुल",
        "name_hu": "Iszik-köl",
        "name_id": "Issyk Kul",
        "name_it": "Ysykköl",
        "name_ja": "イシク・クル",
        "name_ko": "이식쿨호",
        "name_nl": "Issyk Koelmeer",
        "name_pl": "Issyk-kul",
        "name_pt": "Issyk-Kul",
        "name_ru": "Иссык-Куль",
        "name_sv": "Issyk-Kul",
        "name_tr": "Issık Göl",
        "name_vi": "Issyk Kul",
        "name_zh": "伊塞克湖",
        "ne_id": 1159126655,
        "name_fa": "دریاچه ایسیک کول",
        "name_he": "איסיק קול",
        "name_uk": "Іссик-Куль",
        "name_ur": "اسیک کول",
        "name_zht": "伊塞克湖"
      }
    },
    {
      "type": "Feature",
      "geometry": {
        "type": "Polygon",
        "coordinates": [
          [
            [
              82.12744829954903,
              45.78786502514899
            ],
            [
              82.13657358749009,
              45.78050592197067
            ],
            [
              82.14393269066841,
              45.771674998156726
            ],
            [
              82.14334396241412,
              45.759017340690065
            ],
            [
              82.11655682684511,
              45.75048078100326
            ],
            [
              82.07416839253818,
              45.776679188317985
            ],
            [
              82.00558155091647,
              45.83408019310863
            ],
            [
              81.95789456232114,
              45.84614912232104
            ],
            [
              81.90844138896307,
              45.84644348644818
            ],
            [
              81.77244516222822,
              45.81936198675206
            ],
            [
              81.74919039618482,
              45.82024507913346
            ],
            [
              81.73888765173518,
              45.830253459455946
            ],
            [
              81.72976236379412,
              45.84408857343112
            ],
            [
              81.70915687489492,
              45.854391317880726
            ],
            [
              81.67059517424065,
              45.86822643185593
            ],
            [
              81.6591149732825,
              45.88235590995825
            ],
            [
              81.65116714184995,
              45.9006064858404
            ],
            [
              81.64174748978178,
              45.91679651283263
            ],
            [
              81.6261461910438,
              45.92327252362955
            ],
            [
              81.61672653897557,
              45.92915980617218
            ],
            [
              81.55432134402366,
              45.98979881636129
            ],
            [
              81.53783695290429,
              46.000690289065176
            ],
            [
              81.51958637702211,
              46.00540011509929
            ],
            [
              81.48043594811361,
              46.00922684875198
            ],
            [
              81.40772800871207,
              46.02953797352407
            ],
            [
              81.39359853060978,
              46.03748580495662
            ],
            [
              81.37917468838032,
              46.049849098296164
            ],
            [
              81.37652541123612,
              46.05691383734731
            ],
            [
              81.37829159599892,
              46.07869678275506
            ],
            [
              81.37681977536323,
              46.09047134784032
            ],
            [
              81.38682815568575,
              46.11107683673956
            ],
            [
              81.38977179695706,
              46.12196830944342
            ],
            [
              81.38182396552446,
              46.14581180374108
            ],
            [
              81.39359853060978,
              46.155231455809286
            ],
            [
              81.41126037823767,
              46.1625905589876
            ],
            [
              81.42421239983145,
              46.16994966216589
            ],
            [
              81.41155474236479,
              46.18731714566664
            ],
            [
              81.42362367157716,
              46.22911685171934
            ],
            [
              81.41655893252602,
              46.25178288950849
            ],
            [
              81.40831673696636,
              46.254726530779806
            ],
            [
              81.3965421718811,
              46.254726530779806
            ],
            [
              81.38653379155858,
              46.25678707966972
            ],
            [
              81.38270705790586,
              46.26591236761081
            ],
            [
              81.38682815568575,
              46.270622193644925
            ],
            [
              81.3965421718811,
              46.2741545631705
            ],
            [
              81.41655893252602,
              46.27915875333173
            ],
            [
              81.38888870457566,
              46.295643144451105
            ],
            [
              81.38741688393998,
              46.3159542692232
            ],
            [
              81.39713090013532,
              46.339209035266606
            ],
            [
              81.40566745982215,
              46.376593279412305
            ],
            [
              81.41126037823767,
              46.385129839099136
            ],
            [
              81.43274895951828,
              46.403380414981285
            ],
            [
              81.43981369856942,
              46.40661842037974
            ],
            [
              81.44746716587485,
              46.40867896926966
            ],
            [
              81.45482626905311,
              46.409267697523916
            ],
            [
              81.46130227985003,
              46.41221133879526
            ],
            [
              81.46571774175703,
              46.41868734959215
            ],
            [
              81.46866138302835,
              46.42545772451618
            ],
            [
              81.47189938842678,
              46.42987318642315
            ],
            [
              81.51340473035236,
              46.44459139277973
            ],
            [
              81.52665111607325,
              46.451067403576616
            ],
            [
              81.54990588211666,
              46.474322169620024
            ],
            [
              81.56256353958332,
              46.48256436517971
            ],
            [
              81.56815645799884,
              46.47461653374717
            ],
            [
              81.57227755577867,
              46.45901523500919
            ],
            [
              81.5825803002283,
              46.456954686119246
            ],
            [
              81.63939257676469,
              46.47078980009445
            ],
            [
              81.64321931041741,
              46.46755179469599
            ],
            [
              81.64233621803601,
              46.46048705564485
            ],
            [
              81.6396869408918,
              46.456071593737875
            ],
            [
              81.63527147898486,
              46.45312795246656
            ],
            [
              81.62967856056935,
              46.451067403576616
            ],
            [
              81.62967856056935,
              46.44341393627121
            ],
            [
              81.69414430441117,
              46.44341393627121
            ],
            [
              81.71092305965772,
              46.45047867532236
            ],
            [
              81.72093143998018,
              46.45253922421227
            ],
            [
              81.72505253776,
              46.44724066992393
            ],
            [
              81.72593563014141,
              46.439292838491355
            ],
            [
              81.72887927141272,
              46.43369992007587
            ],
            [
              81.73417782570112,
              46.43075627880455
            ],
            [
              81.74212565713367,
              46.42987318642315
            ],
            [
              81.76567478730419,
              46.431050642931666
            ],
            [
              81.77303389048245,
              46.42987318642315
            ],
            [
              81.78039299366077,
              46.42663518102469
            ],
            [
              81.79334501525454,
              46.41544934419369
            ],
            [
              81.82337015622198,
              46.40308605085417
            ],
            [
              81.83897145495996,
              46.40249732259991
            ],
            [
              81.85545584607934,
              46.409267697523916
            ],
            [
              81.86222622100337,
              46.40249732259991
            ],
            [
              81.85486711782511,
              46.38777911624331
            ],
            [
              81.91462303563281,
              46.36128634480147
            ],
            [
              81.91756667690413,
              46.33361611685109
            ],
            [
              81.94141017120177,
              46.332438660342575
            ],
            [
              81.95848329057543,
              46.3262570136728
            ],
            [
              81.96878603502506,
              46.313304992079
            ],
            [
              81.97379022518629,
              46.26561800348367
            ],
            [
              81.97997187185604,
              46.24942797649143
            ],
            [
              81.9926295293227,
              46.23735904727903
            ],
            [
              82.01294065409479,
              46.22381829743097
            ],
            [
              82.02383212679865,
              46.219402835523994
            ],
            [
              82.03295741473977,
              46.21734228663408
            ],
            [
              82.04090524617231,
              46.213809917108506
            ],
            [
              82.04738125696917,
              46.20468462916742
            ],
            [
              82.04914744173198,
              46.192910064082156
            ],
            [
              82.04679252871495,
              46.18084113486975
            ],
            [
              82.04296579506223,
              46.169360933911605
            ],
            [
              82.0317799582312,
              46.09312062498452
            ],
            [
              82.02677576806997,
              46.08046296751786
            ],
            [
              82.04149397442654,
              46.04042944622796
            ],
            [
              82.05003053411338,
              45.9535920287241
            ],
            [
              82.06092200681724,
              45.90973177378149
            ],
            [
              82.09241896842036,
              45.84820967121098
            ],
            [
              82.10595971826842,
              45.830253459455946
            ],
            [
              82.12273847351491,
              45.79610722070865
            ],
            [
              82.12744829954903,
              45.78786502514899
            ]
          ]
        ]
      },
      "properties": {
        "featurecla": "Alkaline Lake",
        "scalerank": 4,
        "name": "Alakol",
        "name_abb": "Alakol",
        "name_alt": "Alakol Lake",
        "note": "",
        "delta": "",
        "dam_name": "",
        "year": -99,
        "admin": "",
        "min_zoom": 4.0,
        "min_label": 5.0,
        "label": "Alakol",
        "wikidataid": "Q310547",
        "name_ar": "بحيرة الأكول",
        "name_bn": "আলাকোল",
        "name_de": "Alakölsee",
        "name_en": "Alakol",
        "name_es": "Alakol",
        "name_fr": "Alakol",
        "name_el": "Λίμνη Αλακόλ",
        "name_hi": "अलाकोल",
        "name_hu": "Alakol-tó",
        "name_id": "Alakol",
        "name_it": "Alakol",
        "name_ja": "アラコル湖",
        "name_ko": "알라콜",
        "name_nl": "Alakol",
        "name_pl": "Ała-kol",
        "name_pt": "Alakol",
        "name_ru": "Алаколь",
        "name_sv": "Alakol",
        "name_tr": "Alagöl",
        "name_vi": "Hồ Alakol",
        "name_zh": "阿拉湖",
        "ne_id": 1159126789,
        "name_fa": "آلاکول",
        "name_he": "אגם אלאקול",
        "name_uk": "Алаколь",
        "name_ur": "ایلاکول",
        "name_zht": "阿拉湖"
      }
    }
  ]
}