{
  "type": "FeatureCollection",
  "features": [
    {
      "type": "Feature",
      "geometry": {
        "type": "Polygon",
        "coordinates": [
          [
            [
              72.1875,
              42.25
            ],
            [
              72.1875,
              42.0
            ],
            [
              72.0,
              42.0
            ],
            [
              72.0,
              42.25
            ],
            [
              72.1875,
              42.25
            ]
          ]
        ]
      },
      "properties": {
        "month": "202407",
        "value": 13.99,
        "units": "degC"
      }
    },
    {
      "type": "Feature",
      "geometry": {
        "type": "Polygon",
        "coordinates": [
          [
            [
              72.1875,
              42.25
            ],
            [
              72.8125,
              42.25
            ],
            [
              72.8125,
              42.0
            ],
            [
              72.1875,
              42.0
            ],
            [
              72.1875,
              42.25
            ]
          ]
        ]
      },
      "properties": {
        "month": "202407",
        "value": 16.86,
        "units": "degC"
      }
    },
    {
      "type": "Feature",
      "geometry": {
        "type": "Polygon",
        "coordinates": [
          [
            [
              72.1875,
              42.75
            ],
            [
              72.1875,
              42.25
            ],
            [
              72.0,
              42.25
            ],
            [
              72.0,
              42.75
            ],
            [
              72.1875,
              42.75
            ]
          ]
        ]
      },
      "properties": {
        "month": "202407",
        "value": 19.63,
        "units": "degC"
      }
    },
    {
      "type": "Feature",
      "geometry": {
        "type": "Polygon",
        "coordinates": [
          [
            [
              72.1875,
              42.25
            ],
            [
              72.1875,
              42.75
            ],
            [
              72.8125,
              42.75
            ],
            [
              72.8125,
              42.25
            ],
            [
              72.1875,
              42.25
            ]
          ]
        ]
      },
      "properties": {
        "month": "202407",
        "value": 17.01,
        "units": "degC"
      }
    },
    {
      "type": "Feature",
      "geometry": {
        "type": "Polygon",
        "coordinates": [
          [
            [
              72.1875,
              43.25
            ],
            [
              72.1875,
              42.75
            ],
            [
              72.0,
              42.75
            ],
            [
              72.0,
              43.25
            ],
            [
              72.1875,
              43.25
            ]
          ]
        ]
      },
      "properties": {
        "month": "202407",
        "value": 25.55,
        "units": "degC"
      }
    },
    {
      "type": "Feature",
      "geometry": {
        "type": "Polygon",
        "coordinates": [
          [
            [
              72.1875,
              42.75
            ],
            [
              72.1875,
              43.25
            ],
            [
              72.8125,
              43.25
            ],
            [
              72.8125,
              42.75
            ],
            [
              72.1875,
              42.75
            ]
          ]
        ]
      },
      "properties": {
        "month": "202407",
        "value": 24.13,
        "units": "degC"
      }
    },
    {
      "type": "Feature",
      "geometry": {
        "type": "Polygon",
        "coordinates": [
          [
            [
              72.1875,
              43.75
            ],
            [
              72.1875,
              43.25
            ],
            [
              72.0,
              43.25
            ],
            [
              72.0,
              43.75
            ],
            [
              72.1875,
              43.75
            ]
          ]
        ]
      },
      "properties": {
        "month": "202407",
        "value": 29.04,
        "units": "degC"
      }
    },
    {
      "type": "Feature",
      "geometry": {
        "type": "Polygon",
        "coordinates": [
          [
            [
              72.1875,
              43.25
            ],
            [
              72.1875,
              43.75
            ],
            [
              72.8125,
              43.75
            ],
            [
              72.8125,
              43.25
            ],
            [
              72.1875,
              43.25
            ]
          ]
        ]
      },
      "properties": {
        "month": "202407",
        "value": 28.49,
        "units": "degC"
      }
    },
    {
      "type": "Feature",
      "geometry": {
        "type": "Polygon",
        "coordinates": [
          [
            [
              72.1875,
              44.25
            ],
            [
              72.1875,
              43.75
            ],
            [
              72.0,
              43.75
            ],
            [
              72.0,
              44.25
            ],
            [
              72.1875,
              44.25
            ]
          ]
        ]
      },
      "properties": {
        "month": "202407",
        "value": 29.01,
        "units": "degC"
      }
    },
    {
      "type": "Feature",
      "geometry": {
        "type": "Polygon",
        "coordinates": [
          [
            [
              72.1875,
              43.75
            ],
            [
              72.1875,
              44.25
            ],
            [
              72.8125,
              44.25
            ],
            [
              72.8125,
              43.75
            ],
            [
              72.1875,
              43.75
            ]
          ]
        ]
      },
      "properties": {
        "month": "202407",
        "value": 28.8,
        "units": "degC"
      }
    },
    {
      "type": "Feature",
      "geometry": {
        "type": "Polygon",
        "coordinates": [
          [
            [
              72.1875,
              44.75
            ],
            [
              72.1875,
              44.25
            ],
            [
              72.0,
              44.25
            ],
            [
              72.0,
              44.75
            ],
            [
              72.1875,
              44.75
            ]
          ]
        ]
      },
      "properties": {
        "month": "202407",
        "value": 28.78,
        "units": "degC"
      }
    },
    {
      "type": "Feature",
      "geometry": {
        "type": "Polygon",
        "coordinates": [
          [
            [
              72.1875,
              44.25
            ],
            [
              72.1875,
              44.75
            ],
            [
              72.8125,
              44.75
            ],
            [
              72.8125,
              44.25
            ],
            [
              72.1875,
              44.25
            ]
          ]
        ]
      },
      "properties": {
        "month": "202407",
        "value": 28.43,
        "units": "degC"
      }
    },
    {
      "type": "Feature",
      "geometry": {
        "type": "Polygon",
        "coordinates": [
          [
            [
              72.1875,
              45.25
            ],
            [
              72.1875,
              44.75
            ],
            [
              72.0,
              44.75
            ],
            [
              72.0,
              45.25
            ],
            [
              72.1875,
              45.25
            ]
          ]
        ]
      },
      "properties": {
        "month": "202407",
        "value": 27.95,
        "units": "degC"
      }
    },
    {
      "type": "Feature",
      "geometry": {
        "type": "Polygon",
        "coordinates": [
          [
            [
              72.1875,
              44.75
            ],
            [
              72.1875,
              45.25
            ],
            [
              72.8125,
              45.25
            ],
            [
              72.8125,
              44.75
            ],
            [
              72.1875,
              44.75
            ]
          ]
        ]
      },
      "properties": {
        "month": "202407",
        "value": 27.68,
        "units": "degC"
      }
    },
    {
      "type": "Feature",
      "geometry": {
        "type": "Polygon",
        "coordinates": [
          [
            [
              72.1875,
              45.75
            ],
            [
              72.1875,
              45.25
            ],
            [
              72.0,
              45.25
            ],
            [
              72.0,
              45.75
            ],
            [
              72.1875,
              45.75
            ]
          ]
        ]
      },
      "properties": {
        "month": "202407",
        "value": 26.91,
        "units": "degC"
      }
    },
    {
      "type": "Feature",
      "geometry": {
        "type": "Polygon",
        "coordinates": [
          [
            [
              72.1875,
              45.25
            ],
            [
              72.1875,
              45.75
            ],
            [
              72.8125,
              45.75
            ],
            [
              72.8125,
              45.25
            ],
            [
              72.1875,
              45.25
            ]
          ]
        ]
      },
      "properties": {
        "month": "202407",
        "value": 26.21,
        "units": "degC"
      }
    },
    {
      "type": "Feature",
      "geometry": {
        "type": "Polygon",
        "coordinates": [
          [
            [
              72.1875,
              46.25
            ],
            [
              72.1875,
              45.75
            ],
            [
              72.0,
              45.75
            ],
            [
              72.0,
              46.25
            ],
            [
              72.1875,
              46.25
            ]
          ]
        ]
      },
      "properties": {
        "month": "202407",
        "value": 25.63,
        "units": "degC"
      }
    },
    {
      "type": "Feature",
      "geometry": {
        "type": "Polygon",
        "coordinates": [
          [
            [
              72.1875,
              45.75
            ],
            [
              72.1875,
              46.25
            ],
            [
              72.8125,
              46.25
            ],
            [
              72.8125,
              45.75
            ],
            [
              72.1875,
              45.75
            ]
          ]
        ]
      },
      "properties": {
        "month": "202407",
        "value": 25.28,
        "units": "degC"
      }
    },
    {
      "type": "Feature",
      "geometry": {
        "type": "Polygon",
        "coordinates": [
          [
            [
              72.1875,
              46.75
            ],
            [
              72.1875,
              46.25
            ],
            [
              72.0,
              46.25
            ],
            [
              72.0,
              46.75
            ],
            [
              72.1875,
              46.75
            ]
          ]
        ]
      },
      "properties": {
        "month": "202407",
        "value": 24.36,
        "units": "degC"
      }
    },
    {
      "type": "Feature",
      "geometry": {
        "type": "Polygon",
        "coordinates": [
          [
            [
              72.1875,
              46.25
            ],
            [
              72.1875,
              46.75
            ],
            [
              72.8125,
              46.75
            ],
            [
              72.8125,
              46.25
            ],
            [
              72.1875,
              46.25
            ]
          ]
        ]
      },
      "properties": {
        "month": "202407",
        "value": 24.31,
        "units": "degC"
      }
    },
    {
      "type": "Feature",
      "geometry": {
        "type": "Polygon",
        "coordinates": [
          [
            [
              72.1875,
              47.25
            ],
            [
              72.1875,
              46.75
            ],
            [
              72.0,
              46.75
            ],
            [
              72.0,
              47.25
            ],
            [
              72.1875,
              47.25
            ]
          ]
        ]
      },
      "properties": {
        "month": "202407",
        "value": 23.46,
        "units": "degC"
      }
    },
    {
      "type": "Feature",
      "geometry": {
        "type": "Polygon",
        "coordinates": [
          [
            [
              72.1875,
              46.75
            ],
            [
              72.1875,
              47.25
            ],
            [
              72.8125,
              47.25
            ],
            [
              72.8125,
              46.75
            ],
            [
              72.1875,
              46.75
            ]
          ]
        ]
      },
      "properties": {
        "month": "202407",
        "value": 22.94,
        "units": "degC"
      }
    },
    {
      "type": "Feature",
      "geometry": {
        "type": "Polygon",
        "coordinates": [
          [
            [
              72.1875,
              47.75
            ],
            [
              72.1875,
              47.25
            ],
            [
              72.0,
              47.25
            ],
            [
              72.0,
              47.75
            ],
            [
              72.1875,
              47.75
            ]
          ]
        ]
      },
      "properties": {
        "month": "202407",
        "value": 21.84,
        "units": "degC"
      }
    },
    {
      "type": "Feature",
      "geometry": {
        "type": "Polygon",
        "coordinates": [
          [
            [
              72.1875,
              47.25
            ],
            [
              72.1875,
              47.75
            ],
            [
              72.8125,
              47.75
            ],
            [
              72.8125,
              47.25
            ],
            [
              72.1875,
              47.25
            ]
          ]
        ]
      },
      "properties": {
        "month": "202407",
        "value": 21.6,
        "units": "degC"
      }
    },
    {
      "type": "Feature",
      "geometry": {
        "type": "Polygon",
        "coordinates": [
          [
            [
              72.1875,
              48.25
            ],
            [
              72.1875,
              47.75
            ],
            [
              72.0,
              47.75
            ],
            [
              72.0,
              48.25
            ],
            [
              72.1875,
              48.25
            ]
          ]
        ]
      },
      "properties": {
        "month": "202407",
        "value": 21.36,
        "units": "degC"
      }
    },
    {
      "type": "Feature",
      "geometry": {
        "type": "Polygon",
        "coordinates": [
          [
            [
              72.1875,
              47.75
            ],
            [
              72.1875,
              48.25
            ],
            [
              72.8125,
              48.25
            ],
            [
              72.8125,
              47.75
            ],
            [
              72.1875,
              47.75
            ]
          ]
        ]
      },
      "properties": {
        "month": "202407",
        "value": 20.55,
        "units": "degC"
      }
    },
    {
      "type": "Feature",
      "geometry": {
        "type": "Polygon",
        "coordinates": [
          [
            [
              72.1875,
              48.75
            ],
            [
              72.1875,
              48.25
            ],
            [
              72.0,
              48.25
            ],
            [
              72.0,
              48.75
            ],
            [
              72.1875,
              48.75
            ]
          ]
        ]
      },
      "properties": {
        "month": "202407",
        "value": 21.57,
        "units": "degC"
      }
    },
    {
      "type": "Feature",
      "geometry": {
        "type": "Polygon",
        "coordinates": [
          [
            [
              72.1875,
              48.25
            ],
            [
              72.1875,
              48.75
            ],
            [
              72.8125,
              48.75
            ],
            [
              72.8125,
              48.25
            ],
            [
              72.1875,
              48.25
            ]
          ]
        ]
      },
      "properties": {
        "month": "202407",
        "value": 20.96,
        "units": "degC"
      }
    },
    {
      "type": "Feature",
      "geometry": {
        "type": "Polygon",
        "coordinates": [
          [
            [
              72.1875,
              48.75
            ],
            [
              72.0,
              48.75
            ],
            [
              72.0,
              49.0
            ],
            [
              72.1875,
              49.0
            ],
            [
              72.1875,
              48.75
            ]
          ]
        ]
      },
      "properties": {
        "month": "202407",
        "value": 21.35,
        "units": "degC"
      }
    },
    {
      "type": "Feature",
      "geometry": {
        "type": "Polygon",
        "coordinates": [
          [
            [
              72.8125,
              48.75
            ],
            [
              72.1875,
              48.75
            ],
            [
              72.1875,
              49.0
            ],
            [
              72.8125,
              49.0
            ],
            [
              72.8125,
              48.75
            ]
          ]
        ]
      },
      "properties": {
        "month": "202407",
        "value": 20.68,
        "units": "degC"
      }
    },
    {
      "type": "Feature",
      "geometry": {
        "type": "Polygon",
        "coordinates": [
          [
            [
              72.8125,
              42.25
            ],
            [
              73.4375,
              42.25
            ],
            [
              73.4375,
              42.0
            ],
            [
              72.8125,
              42.0
            ],
            [
              72.8125,
              42.25
            ]
          ]
        ]
      },
      "properties": {
        "month": "202407",
        "value": 16.27,
        "units": "degC"
      }
    },
    {
      "type": "Feature",
      "geometry": {
        "type": "Polygon",
        "coordinates": [
          [
            [
              73.4375,
              42.25
            ],
            [
              74.0625,
              42.25
            ],
            [
              74.0625,
              42.0
            ],
            [
              73.4375,
              42.0
            ],
            [
              73.4375,
              42.25
            ]
          ]
        ]
      },
      "properties": {
        "month": "202407",
        "value": 13.58,
        "units": "degC"
      }
    },
    {
      "type": "Feature",
      "geometry": {
        "type": "Polygon",
        "coordinates": [
          [
            [
              74.0625,
              42.25
            ],
            [
              74.6875,
              42.25
            ],
            [
              74.6875,
              42.0
            ],
            [
              74.0625,
              42.0
            ],
            [
              74.0625,
              42.25
            ]
          ]
        ]
      },
      "properties": {
        "month": "202407",
        "value": 13.5,
        "units": "degC"
      }
    },
    {
      "type": "Feature",
      "geometry": {
        "type": "Polygon",
        "coordinates": [
          [
            [
              74.6875,
              42.25
            ],
            [
              75.3125,
              42.25
            ],
            [
              75.3125,
              42.0
            ],
            [
              74.6875,
              42.0
            ],
            [
              74.6875,
              42.25
            ]
          ]
        ]
      },
      "properties": {
        "month": "202407",
        "value": 12.72,
        "units": "degC"
      }
    },
    {
      "type": "Feature",
      "geometry": {
        "type": "Polygon",
        "coordinates": [
          [
            [
              75.3125,
              42.25
            ],
            [
              75.9375,
              42.25
            ],
            [
              75.9375,
              42.0
            ],
            [
              75.3125,
              42.0
            ],
            [
              75.3125,
              42.25
            ]
          ]
        ]
      },
      "properties": {
        "month": "202407",
        "value": 13.25,
        "units": "degC"
      }
    },
    {
      "type": "Feature",
      "geometry": {
        "type": "Polygon",
        "coordinates": [
          [
            [
              72.8125,
              42.25
            ],
            [
              72.8125,
              42.75
            ],
            [
              73.4375,
              42.75
            ],
            [
              73.4375,
              42.25
            ],
            [
              72.8125,
              42.25
            ]
          ]
        ]
      },
      "properties": {
        "month": "202407",
        "value": 13.41,
        "units": "degC"
      }
    },
    {
      "type": "Feature",
      "geometry": {
        "type": "Polygon",
        "coordinates": [
          [
            [
              73.4375,
              42.25
            ],
            [
              73.4375,
              42.75
            ],
            [
              74.0625,
              42.75
            ],
            [
              74.0625,
              42.25
            ],
            [
              73.4375,
              42.25
            ]
          ]
        ]
      },
      "properties": {
        "month": "202407",
        "value": 11.74,
        "units": "degC"
      }
    },
    {
      "type": "Feature",
      "geometry": {
        "type": "Polygon",
        "coordinates": [
          [
            [
              74.0625,
              42.25
            ],
            [
              74.0625,
              42.75
            ],
            [
              74.6875,
              42.75
            ],
            [
              74.6875,
              42.25
            ],
            [
              74.0625,
              42.25
            ]
          ]
        ]
      },
      "properties": {
        "month": "202407",
        "value": 12.52,
        "units": "degC"
      }
    },
    {
      "type": "Feature",
      "geometry": {
        "type": "Polygon",
        "coordinates": [
          [
            [
              74.6875,
              42.25
            ],
            [
              74.6875,
              42.75
            ],
            [
              75.3125,
              42.75
            ],
            [
              75.3125,
              42.25
            ],
            [
              74.6875,
              42.25
            ]
          ]
        ]
      },
      "properties": {
        "month": "202407",
        "value": 13.66,
        "units": "degC"
      }
    },
    {
      "type": "Feature",
      "geometry": {
        "type": "Polygon",
        "coordinates": [
          [
            [
              75.3125,
              42.25
            ],
            [
              75.3125,
              42.75
            ],
            [
              75.9375,
              42.75
            ],
            [
              75.9375,
              42.25
            ],
            [
              75.3125,
              42.25
            ]
          ]
        ]
      },
      "properties": {
        "month": "202407",
        "value": 16.1,
        "units": "degC"
      }
    },
    {
      "type": "Feature",
      "geometry": {
        "type": "Polygon",
        "coordinates": [
          [
            [
              72.8125,
              42.75
            ],
            [
              72.8125,
              43.25
            ],
            [
              73.4375,
              43.25
            ],
            [
              73.4375,
              42.75
            ],
            [
              72.8125,
              42.75
            ]
          ]
        ]
      },
      "properties": {
        "month": "202407",
        "value": 26.39,
        "units": "degC"
      }
    },
    {
      "type": "Feature",
      "geometry": {
        "type": "Polygon",
        "coordinates": [
          [
            [
              73.4375,
              42.75
            ],
            [
              73.4375,
              43.25
            ],
            [
              74.0625,
              43.25
            ],
            [
              74.0625,
              42.75
            ],
            [
              73.4375,
              42.75
            ]
          ]
        ]
      },
      "properties": {
        "month": "202407",
        "value": 27.68,
        "units": "degC"
      }
    },
    {
      "type": "Feature",
      "geometry": {
        "type": "Polygon",
        "coordinates": [
          [
            [
              74.0625,
              42.75
            ],
            [
              74.0625,
              43.25
            ],
            [
              74.6875,
              43.25
            ],
            [
              74.6875,
              42.75
            ],
            [
              74.0625,
              42.75
            ]
          ]
        ]
      },
      "properties": {
        "month": "202407",
        "value": 28.0,
        "units": "degC"
      }
    },
    {
      "type": "Feature",
      "geometry": {
        "type": "Polygon",
        "coordinates": [
          [
            [
              74.6875,
              42.75
            ],
            [
              74.6875,
              43.25
            ],
            [
              75.3125,
              43.25
            ],
            [
              75.3125,
              42.75
            ],
            [
              74.6875,
              42.75
            ]
          ]
        ]
      },
      "properties": {
        "month": "202407",
        "value": 25.55,
        "units": "degC"
      }
    },
    {
      "type": "Feature",
      "geometry": {
        "type": "Polygon",
        "coordinates": [
          [
            [
              75.3125,
              42.75
            ],
            [
              75.3125,
              43.25
            ],
            [
              75.9375,
              43.25
            ],
            [
              75.9375,
              42.75
            ],
            [
              75.3125,
              42.75
            ]
          ]
        ]
      },
      "properties": {
        "month": "202407",
        "value": 20.34,
        "units": "degC"
      }
    },
    {
      "type": "Feature",
      "geometry": {
        "type": "Polygon",
        "coordinates": [
          [
            [
              72.8125,
              43.25
            ],
            [
              72.8125,
              43.75
            ],
            [
              73.4375,
              43.75
            ],
            [
              73.4375,
              43.25
            ],
            [
              72.8125,
              43.25
            ]
          ]
        ]
      },
      "properties": {
        "month": "202407",
        "value": 28.01,
        "units": "degC"
      }
    },
    {
      "type": "Feature",
      "geometry": {
        "type": "Polygon",
        "coordinates": [
          [
            [
              73.4375,
              43.25
            ],
            [
              73.4375,
              43.75
            ],
            [
              74.0625,
              43.75
            ],
            [
              74.0625,
              43.25
            ],
            [
              73.4375,
              43.25
            ]
          ]
        ]
      },
      "properties": {
        "month": "202407",
        "value": 28.03,
        "units": "degC"
      }
    },
    {
      "type": "Feature",
      "geometry": {
        "type": "Polygon",
        "coordinates": [
          [
            [
              74.0625,
              43.25
            ],
            [
              74.0625,
              43.75
            ],
            [
              74.6875,
              43.75
            ],
            [
              74.6875,
              43.25
            ],
            [
              74.0625,
              43.25
            ]
          ]
        ]
      },
      "properties": {
        "month": "202407",
        "value": 26.49,
        "units": "degC"
      }
    },
    {
      "type": "Feature",
      "geometry": {
        "type": "Polygon",
        "coordinates": [
          [
            [
              74.6875,
              43.25
            ],
            [
              74.6875,
              43.75
            ],
            [
              75.3125,
              43.75
            ],
            [
              75.3125,
              43.25
            ],
            [
              74.6875,
              43.25
            ]
          ]
        ]
      },
      "properties": {
        "month": "202407",
        "value": 25.32,
        "units": "degC"
      }
    },
    {
      "type": "Feature",
      "geometry": {
        "type": "Polygon",
        "coordinates": [
          [
            [
              75.3125,
              43.25
            ],
            [
              75.3125,
              43.75
            ],
            [
              75.9375,
              43.75
            ],
            [
              75.9375,
              43.25
            ],
            [
              75.3125,
              43.25
            ]
          ]
        ]
      },
      "properties": {
        "month": "202407",
        "value": 26.74,
        "units": "degC"
      }
    },
    {
      "type": "Feature",
      "geometry": {
        "type": "Polygon",
        "coordinates": [
          [
            [
              72.8125,
              43.75
            ],
            [
              72.8125,
              44.25
            ],
            [
              73.4375,
              44.25
            ],
            [
              73.4375,
              43.75
            ],
            [
              72.8125,
              43.75
            ]
          ]
        ]
      },
      "properties": {
        "month": "202407",
        "value": 28.65,
        "units": "degC"
      }
    },
    {
      "type": "Feature",
      "geometry": {
        "type": "Polygon",
        "coordinates": [
          [
            [
              73.4375,
              43.75
            ],
            [
              73.4375,
              44.25
            ],
            [
              74.0625,
              44.25
            ],
            [
              74.0625,
              43.75
            ],
            [
              73.4375,
              43.75
            ]
          ]
        ]
      },
      "properties": {
        "month": "202407",
        "value": 28.14,
        "units": "degC"
      }
    },
    {
      "type": "Feature",
      "geometry": {
        "type": "Polygon",
        "coordinates": [
          [
            [
              74.0625,
              43.75
            ],
            [
              74.0625,
              44.25
            ],
            [
              74.6875,
              44.25
            ],
            [
              74.6875,
              43.75
            ],
            [
              74.0625,
              43.75
            ]
          ]
        ]
      },
      "properties": {
        "month": "202407",
        "value": 26.45,
        "units": "degC"
      }
    },
    {
      "type": "Feature",
      "geometry": {
        "type": "Polygon",
        "coordinates": [
          [
            [
              74.6875,
              43.75
            ],
            [
              74.6875,
              44.25
            ],
            [
              75.3125,
              44.25
            ],
            [
              75.3125,
              43.75
            ],
            [
              74.6875,
              43.75
            ]
          ]
        ]
      },
      "properties": {
        "month": "202407",
        "value": 26.19,
        "units": "degC"
      }
    },
    {
      "type": "Feature",
      "geometry": {
        "type": "Polygon",
        "coordinates": [
          [
            [
              75.3125,
              43.75
            ],
            [
              75.3125,
              44.25
            ],
            [
              75.9375,
              44.25
            ],
            [
              75.9375,
              43.75
            ],
            [
              75.3125,
              43.75
            ]
          ]
        ]
      },
      "properties": {
        "month": "202407",
        "value": 26.77,
        "units": "degC"
      }
    },
    {
      "type": "Feature",
      "geometry": {
        "type": "Polygon",
        "coordinates": [
          [
            [
              72.8125,
              44.25
            ],
            [
              72.8125,
              44.75
            ],
            [
              73.4375,
              44.75
            ],
            [
              73.4375,
              44.25
            ],
            [
              72.8125,
              44.25
            ]
          ]
        ]
      },
      "properties": {
        "month": "202407",
        "value": 28.07,
        "units": "degC"
      }
    },
    {
      "type": "Feature",
      "geometry": {
        "type": "Polygon",
        "coordinates": [
          [
            [
              73.4375,
              44.25
            ],
            [
              73.4375,
              44.75
            ],
            [
              74.0625,
              44.75
            ],
            [
              74.0625,
              44.25
            ],
            [
              73.4375,
              44.25
            ]
          ]
        ]
      },
      "properties": {
        "month": "202407",
        "value": 27.51,
        "units": "degC"
      }
    },
    {
      "type": "Feature",
      "geometry": {
        "type": "Polygon",
        "coordinates": [
          [
            [
              74.0625,
              44.25
            ],
            [
              74.0625,
              44.75
            ],
            [
              74.6875,
              44.75
            ],
            [
              74.6875,
              44.25
            ],
            [
              74.0625,
              44.25
            ]
          ]
        ]
      },
      "properties": {
        "month": "202407",
        "value": 27.43,
        "units": "degC"
      }
    },
    {
      "type": "Feature",
      "geometry": {
        "type": "Polygon",
        "coordinates": [
          [
            [
              74.6875,
              44.25
            ],
            [
              74.6875,
              44.75
            ],
            [
              75.3125,
              44.75
            ],
            [
              75.3125,
              44.25
            ],
            [
              74.6875,
              44.25
            ]
          ]
        ]
      },
      "properties": {
        "month": "202407",
        "value": 28.27,
        "units": "degC"
      }
    },
    {
      "type": "Feature",
      "geometry": {
        "type": "Polygon",
        "coordinates": [
          [
            [
              75.3125,
              44.25
            ],
            [
              75.3125,
              44.75
            ],
            [
              75.9375,
              44.75
            ],
            [
              75.9375,
              44.25
            ],
            [
              75.3125,
              44.25
            ]
          ]
        ]
      },
      "properties": {
        "month": "202407",
        "value": 28.69,
        "units": "degC"
      }
    },
    {
      "type": "Feature",
      "geometry": {
        "type": "Polygon",
        "coordinates": [
          [
            [
              72.8125,
              44.75
            ],
            [
              72.8125,
              45.25
            ],
            [
              73.4375,
              45.25
            ],
            [
              73.4375,
              44.75
            ],
            [
              72.8125,
              44.75
            ]
          ]
        ]
      },
      "properties": {
        "month": "202407",
        "value": 26.49,
        "units": "degC"
      }
    },
    {
      "type": "Feature",
      "geometry": {
        "type": "Polygon",
        "coordinates": [
          [
            [
              73.4375,
              44.75
            ],
            [
              73.4375,
              45.25
            ],
            [
              74.0625,
              45.25
            ],
            [
              74.0625,
              44.75
            ],
            [
              73.4375,
              44.75
            ]
          ]
        ]
      },
      "properties": {
        "month": "202407",
        "value": 26.75,
        "units": "degC"
      }
    },
    {
      "type": "Feature",
      "geometry": {
        "type": "Polygon",
        "coordinates": [
          [
            [
              74.0625,
              44.75
            ],
            [
              74.0625,
              45.25
            ],
            [
              74.6875,
              45.25
            ],
            [
              74.6875,
              44.75
            ],
            [
              74.0625,
              44.75
            ]
          ]
        ]
      },
      "properties": {
        "month": "202407",
        "value": 27.54,
        "units": "degC"
      }
    },
    {
      "type": "Feature",
      "geometry": {
        "type": "Polygon",
        "coordinates": [
          [
            [
              74.6875,
              44.75
            ],
            [
              74.6875,
              45.25
            ],
            [
              75.3125,
              45.25
            ],
            [
              75.3125,
              44.75
            ],
            [
              74.6875,
              44.75
            ]
          ]
        ]
      },
      "properties": {
        "month": "202407",
        "value": 28.03,
        "units": "degC"
      }
    },
    {
      "type": "Feature",
      "geometry": {
        "type": "Polygon",
        "coordinates": [
          [
            [
              75.3125,
              44.75
            ],
            [
              75.3125,
              45.25
            ],
            [
              75.9375,
              45.25
            ],
            [
              75.9375,
              44.75
            ],
            [
              75.3125,
              44.75
            ]
          ]
        ]
      },
      "properties": {
        "month": "202407",
        "value": 28.21,
        "units": "degC"
      }
    },
    {
      "type": "Feature",
      "geometry": {
        "type": "Polygon",
        "coordinates": [
          [
            [
              72.8125,
              45.25
            ],
            [
              72.8125,
              45.75
            ],
            [
              73.4375,
              45.75
            ],
            [
              73.4375,
              45.25
            ],
            [
              72.8125,
              45.25
            ]
          ]
        ]
      },
      "properties": {
        "month": "202407",
        "value": 26.12,
        "units": "degC"
      }
    },
    {
      "type": "Feature",
      "geometry": {
        "type": "Polygon",
        "coordinates": [
          [
            [
              73.4375,
              45.25
            ],
            [
              73.4375,
              45.75
            ],
            [
              74.0625,
              45.75
            ],
            [
              74.0625,
              45.25
            ],
            [
              73.4375,
              45.25
            ]
          ]
        ]
      },
      "properties": {
        "month": "202407",
        "value": 26.73,
        "units": "degC"
      }
    },
    {
      "type": "Feature",
      "geometry": {
        "type": "Polygon",
        "coordinates": [
          [
            [
              74.0625,
              45.25
            ],
            [
              74.0625,
              45.75
            ],
            [
              74.6875,
              45.75
            ],
            [
              74.6875,
              45.25
            ],
            [
              74.0625,
              45.25
            ]
          ]
        ]
      },
      "properties": {
        "month": "202407",
        "value": 26.99,
        "units": "degC"
      }
    },
    {
      "type": "Feature",
      "geometry": {
        "type": "Polygon",
        "coordinates": [
          [
            [
              74.6875,
              45.25
            ],
            [
              74.6875,
              45.75
            ],
            [
              75.3125,
              45.75
            ],
            [
              75.3125,
              45.25
            ],
            [
              74.6875,
              45.25
            ]
          ]
        ]
      },
      "properties": {
        "month": "202407",
        "value": 27.23,
        "units": "degC"
      }
    },
    {
      "type": "Feature",
      "geometry": {
        "type": "Polygon",
        "coordinates": [
          [
            [
              75.3125,
              45.25
            ],
            [
              75.3125,
              45.75
            ],
            [
              75.9375,
              45.75
            ],
            [
              75.9375,
              45.25
            ],
            [
              75.3125,
              45.25
            ]
          ]
        ]
      },
      "properties": {
        "month": "202407",
        "value": 27.4,
        "units": "degC"
      }
    },
    {
      "type": "Feature",
      "geometry": {
        "type": "Polygon",
        "coordinates": [
          [
            [
              72.8125,
              45.75
            ],
            [
              72.8125,
              46.25
            ],
            [
              73.4375,
              46.25
            ],
            [
              73.4375,
              45.75
            ],
            [
              72.8125,
              45.75
            ]
          ]
        ]
      },
      "properties": {
        "month": "202407",
        "value": 25.74,
        "units": "degC"
      }
    },
    {
      "type": "Feature",
      "geometry": {
        "type": "Polygon",
        "coordinates": [
          [
            [
              73.4375,
              45.75
            ],
            [
              73.4375,
              46.25
            ],
            [
              74.0625,
              46.25
            ],
            [
              74.0625,
              45.75
            ],
            [
              73.4375,
              45.75
            ]
          ]
        ]
      },
      "properties": {
        "month": "202407",
        "value": 26.23,
        "units": "degC"
      }
    },
    {
      "type": "Feature",
      "geometry": {
        "type": "Polygon",
        "coordinates": [
          [
            [
              74.0625,
              45.75
            ],
            [
              74.0625,
              46.25
            ],
            [
              74.6875,
              46.25
            ],
            [
              74.6875,
              45.75
            ],
            [
              74.0625,
              45.75
            ]
          ]
        ]
      },
      "properties": {
        "month": "202407",
        "value": 26.39,
        "units": "degC"
      }
    },
    {
      "type": "Feature",
      "geometry": {
        "type": "Polygon",
        "coordinates": [
          [
            [
              74.6875,
              45.75
            ],
            [
              74.6875,
              46.25
            ],
            [
              75.3125,
              46.25
            ],
            [
              75.3125,
              45.75
            ],
            [
              74.6875,
              45.75
            ]
          ]
        ]
      },
      "properties": {
        "month": "202407",
        "value": 26.71,
        "units": "degC"
      }
    },
    {
      "type": "Feature",
      "geometry": {
        "type": "Polygon",
        "coordinates": [
          [
            [
              75.3125,
              45.75
            ],
            [
              75.3125,
              46.25
            ],
            [
              75.9375,
              46.25
            ],
            [
              75.9375,
              45.75
            ],
            [
              75.3125,
              45.75
            ]
          ]
        ]
      },
      "properties": {
        "month": "202407",
        "value": 26.73,
        "units": "degC"
      }
    },
    {
      "type": "Feature",
      "geometry": {
        "type": "Polygon",
        "coordinates": [
          [
            [
              72.8125,
              46.25
            ],
            [
              72.8125,
              46.75
            ],
            [
              73.4375,
              46.75
            ],
            [
              73.4375,
              46.25
            ],
            [
              72.8125,
              46.25
            ]
          ]
        ]
      },
      "properties": {
        "month": "202407",
        "value": 24.99,
        "units": "degC"
      }
    },
    {
      "type": "Feature",
      "geometry": {
        "type": "Polygon",
        "coordinates": [
          [
            [
              73.4375,
              46.25
            ],
            [
              73.4375,
              46.75
            ],
            [
              74.0625,
              46.75
            ],
            [
              74.0625,
              46.25
            ],
            [
              73.4375,
              46.25
            ]
          ]
        ]
      },
      "properties": {
        "month": "202407",
        "value": 25.38,
        "units": "degC"
      }
    },
    {
      "type": "Feature",
      "geometry": {
        "type": "Polygon",
        "coordinates": [
          [
            [
              74.0625,
              46.25
            ],
            [
              74.0625,
              46.75
            ],
            [
              74.6875,
              46.75
            ],
            [
              74.6875,
              46.25
            ],
            [
              74.0625,
              46.25
            ]
          ]
        ]
      },
      "properties": {
        "month": "202407",
        "value": 25.98,
        "units": "degC"
      }
    },
    {
      "type": "Feature",
      "geometry": {
        "type": "Polygon",
        "coordinates": [
          [
            [
              74.6875,
              46.25
            ],
            [
              74.6875,
              46.75
            ],
            [
              75.3125,
              46.75
            ],
            [
              75.3125,
              46.25
            ],
            [
              74.6875,
              46.25
            ]
          ]
        ]
      },
      "properties": {
        "month": "202407",
        "value": 26.3,
        "units": "degC"
      }
    },
    {
      "type": "Feature",
      "geometry": {
        "type": "Polygon",
        "coordinates": [
          [
            [
              75.3125,
              46.25
            ],
            [
              75.3125,
              46.75
            ],
            [
              75.9375,
              46.75
            ],
            [
              75.9375,
              46.25
            ],
            [
              75.3125,
              46.25
            ]
          ]
        ]
      },
      "properties": {
        "month": "202407",
        "value": 26.49,
        "units": "degC"
      }
    },
    {
      "type": "Feature",
      "geometry": {
        "type": "Polygon",
        "coordinates": [
          [
            [
              72.8125,
              46.75
            ],
            [
              72.8125,
              47.25
            ],
            [
              73.4375,
              47.25
            ],
            [
              73.4375,
              46.75
            ],
            [
              72.8125,
              46.75
            ]
          ]
        ]
      },
      "properties": {
        "month": "202407",
        "value": 23.43,
        "units": "degC"
      }
    },
    {
      "type": "Feature",
      "geometry": {
        "type": "Polygon",
        "coordinates": [
          [
            [
              73.4375,
              46.75
            ],
            [
              73.4375,
              47.25
            ],
            [
              74.0625,
              47.25
            ],
            [
              74.0625,
              46.75
            ],
            [
              73.4375,
              46.75
            ]
          ]
        ]
      },
      "properties": {
        "month": "202407",
        "value": 23.95,
        "units": "degC"
      }
    },
    {
      "type": "Feature",
      "geometry": {
        "type": "Polygon",
        "coordinates": [
          [
            [
              74.0625,
              46.75
            ],
            [
              74.0625,
              47.25
            ],
            [
              74.6875,
              47.25
            ],
            [
              74.6875,
              46.75
            ],
            [
              74.0625,
              46.75
            ]
          ]
        ]
      },
      "properties": {
        "month": "202407",
        "value": 24.75,
        "units": "degC"
      }
    },
    {
      "type": "Feature",
      "geometry": {
        "type": "Polygon",
        "coordinates": [
          [
            [
              74.6875,
              46.75
            ],
            [
              74.6875,
              47.25
            ],
            [
              75.3125,
              47.25
            ],
            [
              75.3125,
              46.75
            ],
            [
              74.6875,
              46.75
            ]
          ]
        ]
      },
      "properties": {
        "month": "202407",
        "value": 25.07,
        "units": "degC"
      }
    },
    {
      "type": "Feature",
      "geometry": {
        "type": "Polygon",
        "coordinates": [
          [
            [
              75.3125,
              46.75
            ],
            [
              75.3125,
              47.25
            ],
            [
              75.9375,
              47.25
            ],
            [
              75.9375,
              46.75
            ],
            [
              75.3125,
              46.75
            ]
          ]
        ]
      },
      "properties": {
        "month": "202407",
        "value": 25.35,
        "units": "degC"
      }
    },
    {
      "type": "Feature",
      "geometry": {
        "type": "Polygon",
        "coordinates": [
          [
            [
              72.8125,
              47.25
            ],
            [
              72.8125,
              47.75
            ],
            [
              73.4375,
              47.75
            ],
            [
              73.4375,
              47.25
            ],
            [
              72.8125,
              47.25
            ]
          ]
        ]
      },
      "properties": {
        "month": "202407",
        "value": 21.61,
        "units": "degC"
      }
    },
    {
      "type": "Feature",
      "geometry": {
        "type": "Polygon",
        "coordinates": [
          [
            [
              73.4375,
              47.25
            ],
            [
              73.4375,
              47.75
            ],
            [
              74.0625,
              47.75
            ],
            [
              74.0625,
              47.25
            ],
            [
              73.4375,
              47.25
            ]
          ]
        ]
      },
      "properties": {
        "month": "202407",
        "value": 22.37,
        "units": "degC"
      }
    },
    {
      "type": "Feature",
      "geometry": {
        "type": "Polygon",
        "coordinates": [
          [
            [
              74.0625,
              47.25
            ],
            [
              74.0625,
              47.75
            ],
            [
              74.6875,
              47.75
            ],
            [
              74.6875,
              47.25
            ],
            [
              74.0625,
              47.25
            ]
          ]
        ]
      },
      "properties": {
        "month": "202407",
        "value": 23.09,
        "units": "degC"
      }
    },
    {
      "type": "Feature",
      "geometry": {
        "type": "Polygon",
        "coordinates": [
          [
            [
              74.6875,
              47.25
            ],
            [
              74.6875,
              47.75
            ],
            [
              75.3125,
              47.75
            ],
            [
              75.3125,
              47.25
            ],
            [
              74.6875,
              47.25
            ]
          ]
        ]
      },
      "properties": {
        "month": "202407",
        "value": 23.16,
        "units": "degC"
      }
    },
    {
      "type": "Feature",
      "geometry": {
        "type": "Polygon",
        "coordinates": [
          [
            [
              75.3125,
              47.25
            ],
            [
              75.3125,
              47.75
            ],
            [
              75.9375,
              47.75
            ],
            [
              75.9375,
              47.25
            ],
            [
              75.3125,
              47.25
            ]
          ]
        ]
      },
      "properties": {
        "month": "202407",
        "value": 23.63,
        "units": "degC"
      }
    },
    {
      "type": "Feature",
      "geometry": {
        "type": "Polygon",
        "coordinates": [
          [
            [
              72.8125,
              47.75
            ],
            [
              72.8125,
              48.25
            ],
            [
              73.4375,
              48.25
            ],
            [
              73.4375,
              47.75
            ],
            [
              72.8125,
              47.75
            ]
          ]
        ]
      },
      "properties": {
        "month": "202407",
        "value": 20.59,
        "units": "degC"
      }
    },
    {
      "type": "Feature",
      "geometry": {
        "type": "Polygon",
        "coordinates": [
          [
            [
              73.4375,
              47.75
            ],
            [
              73.4375,
              48.25
            ],
            [
              74.0625,
              48.25
            ],
            [
              74.0625,
              47.75
            ],
            [
              73.4375,
              47.75
            ]
          ]
        ]
      },
      "properties": {
        "month": "202407",
        "value": 21.27,
        "units": "degC"
      }
    },
    {
      "type": "Feature",
      "geometry": {
        "type": "Polygon",
        "coordinates": [
          [
            [
              74.0625,
              47.75
            ],
            [
              74.0625,
              48.25
            ],
            [
              74.6875,
              48.25
            ],
            [
              74.6875,
              47.75
            ],
            [
              74.0625,
              47.75
            ]
          ]
        ]
      },
      "properties": {
        "month": "202407",
        "value": 21.54,
        "units": "degC"
      }
    },
    {
      "type": "Feature",
      "geometry": {
        "type": "Polygon",
        "coordinates": [
          [
            [
              74.6875,
              47.75
            ],
            [
              74.6875,
              48.25
            ],
            [
              75.3125,
              48.25
            ],
            [
              75.3125,
              47.75
            ],
            [
              74.6875,
              47.75
            ]
          ]
        ]
      },
      "properties": {
        "month": "202407",
        "value": 21.56,
        "units": "degC"
      }
    },
    {
      "type": "Feature",
      "geometry": {
        "type": "Polygon",
        "coordinates": [
          [
            [
              75.3125,
              47.75
            ],
            [
              75.3125,
              48.25
            ],
            [
              75.9375,
              48.25
            ],
            [
              75.9375,
              47.75
            ],
            [
              75.3125,
              47.75
            ]
          ]
        ]
      },
      "properties": {
        "month": "202407",
        "value": 22.17,
        "units": "degC"
      }
    },
    {
      "type": "Feature",
      "geometry": {
        "type": "Polygon",
        "coordinates": [
          [
            [
              72.8125,
              48.25
            ],
            [
              72.8125,
              48.75
            ],
            [
              73.4375,
              48.75
            ],
            [
              73.4375,
              48.25
            ],
            [
              72.8125,
              48.25
            ]
          ]
        ]
      },
      "properties": {
        "month": "202407",
        "value": 20.46,
        "units": "degC"
      }
    },
    {
      "type": "Feature",
      "geometry": {
        "type": "Polygon",
        "coordinates": [
          [
            [
              73.4375,
              48.25
            ],
            [
              73.4375,
              48.75
            ],
            [
              74.0625,
              48.75
            ],
            [
              74.0625,
              48.25
            ],
            [
              73.4375,
              48.25
            ]
          ]
        ]
      },
      "properties": {
        "month": "202407",
        "value": 20.12,
        "units": "degC"
      }
    },
    {
      "type": "Feature",
      "geometry": {
        "type": "Polygon",
        "coordinates": [
          [
            [
              74.0625,
              48.25
            ],
            [
              74.0625,
              48.75
            ],
            [
              74.6875,
              48.75
            ],
            [
              74.6875,
              48.25
            ],
            [
              74.0625,
              48.25
            ]
          ]
        ]
      },
      "properties": {
        "month": "202407",
        "value": 19.91,
        "units": "degC"
      }
    },
    {
      "type": "Feature",
      "geometry": {
        "type": "Polygon",
        "coordinates": [
          [
            [
              74.6875,
              48.25
            ],
            [
              74.6875,
              48.75
            ],
            [
              75.3125,
              48.75
            ],
            [
              75.3125,
              48.25
            ],
            [
              74.6875,
              48.25
            ]
          ]
        ]
      },
      "properties": {
        "month": "202407",
        "value": 19.83,
        "units": "degC"
      }
    },
    {
      "type": "Feature",
      "geometry": {
        "type": "Polygon",
        "coordinates": [
          [
            [
              75.3125,
              48.25
            ],
            [
              75.3125,
              48.75
            ],
            [
              75.9375,
              48.75
            ],
            [
              75.9375,
              48.25
            ],
            [
              75.3125,
              48.25
            ]
          ]
        ]
      },
      "properties": {
        "month": "202407",
        "value": 20.22,
        "units": "degC"
      }
    },
    {
      "type": "Feature",
      "geometry": {
        "type": "Polygon",
        "coordinates": [
          [
            [
              73.4375,
              48.75
            ],
            [
              72.8125,
              48.75
            ],
            [
              72.8125,
              49.0
            ],
            [
              73.4375,
              49.0
            ],
            [
              73.4375,
              48.75
            ]
          ]
        ]
      },
      "properties": {
        "month": "202407",
        "value": 20.03,
        "units": "degC"
      }
    },
    {
      "type": "Feature",
      "geometry": {
        "type": "Polygon",
        "coordinates": [
          [
            [
              74.0625,
              48.75
            ],
            [
              73.4375,
              48.75
            ],
            [
              73.4375,
              49.0
            ],
            [
              74.0625,
              49.0
            ],
            [
              74.0625,
              48.75
            ]
          ]
        ]
      },
      "properties": {
        "month": "202407",
        "value": 19.69,
        "units": "degC"
      }
    },
    {
      "type": "Feature",
      "geometry": {
        "type": "Polygon",
        "coordinates": [
          [
            [
              74.6875,
              48.75
            ],
            [
              74.0625,
              48.75
            ],
            [
              74.0625,
              49.0
            ],
            [
              74.6875,
              49.0
            ],
            [
              74.6875,
              48.75
            ]
          ]
        ]
      },
      "properties": {
        "month": "202407",
        "value": 19.19,
        "units": "degC"
      }
    },
    {
      "type": "Feature",
      "geometry": {
        "type": "Polygon",
        "coordinates": [
          [
            [
              75.3125,
              48.75
            ],
            [
              74.6875,
              48.75
            ],
            [
              74.6875,
              49.0
            ],
            [
              75.3125,
              49.0
            ],
            [
              75.3125,
              48.75
            ]
          ]
        ]
      },
      "properties": {
        "month": "202407",
        "value": 19.2,
        "units": "degC"
      }
    },
    {
      "type": "Feature",
      "geometry": {
        "type": "Polygon",
        "coordinates": [
          [
            [
              75.9375,
              48.75
            ],
            [
              75.3125,
              48.75
            ],
            [
              75.3125,
              49.0
            ],
            [
              75.9375,
              49.0
            ],
            [
              75.9375,
              48.75
            ]
          ]
        ]
      },
      "properties": {
        "month": "202407",
        "value": 18.91,
        "units": "degC"
      }
    },
    {
      "type": "Feature",
      "geometry": {
        "type": "Polygon",
        "coordinates": [
          [
            [
              75.9375,
              42.25
            ],
            [
              76.5625,
              42.25
            ],
            [
              76.5625,
              42.0
            ],
            [
              75.9375,
              42.0
            ],
            [
              75.9375,
              42.25
            ]
          ]
        ]
      },
      "properties": {
        "month": "202407",
        "value": 13.94,
        "units": "degC"
      }
    },
    {
      "type": "Feature",
      "geometry": {
        "type": "Polygon",
        "coordinates": [
          [
            [
              76.5625,
              42.25
            ],
            [
              77.1875,
              42.25
            ],
            [
              77.1875,
              42.0
            ],
            [
              76.5625,
              42.0
            ],
            [
              76.5625,
              42.25
            ]
          ]
        ]
      },
      "properties": {
        "month": "202407",
        "value": 14.78,
        "units": "degC"
      }
    },
    {
      "type": "Feature",
      "geometry": {
        "type": "Polygon",
        "coordinates": [
          [
            [
              77.1875,
              42.25
            ],
            [
              77.8125,
              42.25
            ],
            [
              77.8125,
              42.0
            ],
            [
              77.1875,
              42.0
            ],
            [
              77.1875,
              42.25
            ]
          ]
        ]
      },
      "properties": {
        "month": "202407",
        "value": 13.05,
        "units": "degC"
      }
    },
    {
      "type": "Feature",
      "geometry": {
        "type": "Polygon",
        "coordinates": [
          [
            [
              77.8125,
              42.25
            ],
            [
              78.4375,
              42.25
            ],
            [
              78.4375,
              42.0
            ],
            [
              77.8125,
              42.0
            ],
            [
              77.8125,
              42.25
            ]
          ]
        ]
      },
      "properties": {
        "month": "202407",
        "value": 8.84,
        "units": "degC"
      }
    },
    {
      "type": "Feature",
      "geometry": {
        "type": "Polygon",
        "coordinates": [
          [
            [
              78.4375,
              42.25
            ],
            [
              79.0625,
              42.25
            ],
            [
              79.0625,
              42.0
            ],
            [
              78.4375,
              42.0
            ],
            [
              78.4375,
              42.25
            ]
          ]
        ]
      },
      "properties": {
        "month": "202407",
        "value": 7.24,
        "units": "degC"
      }
    },
    {
      "type": "Feature",
      "geometry": {
        "type": "Polygon",
        "coordinates": [
          [
            [
              79.0625,
              42.25
            ],
            [
              79.6875,
              42.25
            ],
            [
              79.6875,
              42.0
            ],
            [
              79.0625,
              42.0
            ],
            [
              79.0625,
              42.25
            ]
          ]
        ]
      },
      "properties": {
        "month": "202407",
        "value": 8.73,
        "units": "degC"
      }
    },
    {
      "type": "Feature",
      "geometry": {
        "type": "Polygon",
        "coordinates": [
          [
            [
              79.6875,
              42.25
            ],
            [
              80.3125,
              42.25
            ],
            [
              80.3125,
              42.0
            ],
            [
              79.6875,
              42.0
            ],
            [
              79.6875,
              42.25
            ]
          ]
        ]
      },
      "properties": {
        "month": "202407",
        "value": 7.05,
        "units": "degC"
      }
    },
    {
      "type": "Feature",
      "geometry": {
        "type": "Polygon",
        "coordinates": [
          [
            [
              75.9375,
              42.25
            ],
            [
              75.9375,
              42.75
            ],
            [
              76.5625,
              42.75
            ],
            [
              76.5625,
              42.25
            ],
            [
              75.9375,
              42.25
            ]
          ]
        ]
      },
      "properties": {
        "month": "202407",
        "value": 16.68,
        "units": "degC"
      }
    },
    {
      "type": "Feature",
      "geometry": {
        "type": "Polygon",
        "coordinates": [
          [
            [
              76.5625,
              42.25
            ],
            [
              76.5625,
              42.75
            ],
            [
              77.1875,
              42.75
            ],
            [
              77.1875,
              42.25
            ],
            [
              76.5625,
              42.25
            ]
          ]
        ]
      },
      "properties": {
        "month": "202407",
        "value": 18.07,
        "units": "degC"
      }
    },
    {
      "type": "Feature",
      "geometry": {
        "type": "Polygon",
        "coordinates": [
          [
            [
              77.1875,
              42.25
            ],
            [
              77.1875,
              42.75
            ],
            [
              77.8125,
              42.75
            ],
            [
              77.8125,
              42.25
            ],
            [
              77.1875,
              42.25
            ]
          ]
        ]
      },
      "properties": {
        "month": "202407",
        "value": 21.03,
        "units": "degC"
      }
    },
    {
      "type": "Feature",
      "geometry": {
        "type": "Polygon",
        "coordinates": [
          [
            [
              77.8125,
              42.25
            ],
            [
              77.8125,
              42.75
            ],
            [
              78.4375,
              42.75
            ],
            [
              78.4375,
              42.25
            ],
            [
              77.8125,
              42.25
            ]
          ]
        ]
      },
      "properties": {
        "month": "202407",
        "value": 17.07,
        "units": "degC"
      }
    },
    {
      "type": "Feature",
      "geometry": {
        "type": "Polygon",
        "coordinates": [
          [
            [
              78.4375,
              42.25
            ],
            [
              78.4375,
              42.75
            ],
            [
              79.0625,
              42.75
            ],
            [
              79.0625,
              42.25
            ],
            [
              78.4375,
              42.25
            ]
          ]
        ]
      },
      "properties": {
        "month": "202407",
        "value": 12.55,
        "units": "degC"
      }
    },
    {
      "type": "Feature",
      "geometry": {
        "type": "Polygon",
        "coordinates": [
          [
            [
              79.0625,
              42.25
            ],
            [
              79.0625,
              42.75
            ],
            [
              79.6875,
              42.75
            ],
            [
              79.6875,
              42.25
            ],
            [
              79.0625,
              42.25
            ]
          ]
        ]
      },
      "properties": {
        "month": "202407",
        "value": 10.59,
        "units": "degC"
      }
    },
    {
      "type": "Feature",
      "geometry": {
        "type": "Polygon",
        "coordinates": [
          [
            [
              79.6875,
              42.25
            ],
            [
              79.6875,
              42.75
            ],
            [
              80.3125,
              42.75
            ],
            [
              80.3125,
              42.25
            ],
            [
              79.6875,
              42.25
            ]
          ]
        ]
      },
      "properties": {
        "month": "202407",
        "value": 10.2,
        "units": "degC"
      }
    },
    {
      "type": "Feature",
      "geometry": {
        "type": "Polygon",
        "coordinates": [
          [
            [
              75.9375,
              42.75
            ],
            [
              75.9375,
              43.25
            ],
            [
              76.5625,
              43.25
            ],
            [
              76.5625,
              42.75
            ],
            [
              75.9375,
              42.75
            ]
          ]
        ]
      },
      "properties": {
        "month": "202407",
        "value": 17.57,
        "units": "degC"
      }
    },
    {
      "type": "Feature",
      "geometry": {
        "type": "Polygon",
        "coordinates": [
          [
            [
              76.5625,
              42.75
            ],
            [
              76.5625,
              43.25
            ],
            [
              77.1875,
              43.25
            ],
            [
              77.1875,
              42.75
            ],
            [
              76.5625,
              42.75
            ]
          ]
        ]
      },
      "properties": {
        "month": "202407",
        "value": 13.92,
        "units": "degC"
      }
    },
    {
      "type": "Feature",
      "geometry": {
        "type": "Polygon",
        "coordinates": [
          [
            [
              77.1875,
              42.75
            ],
            [
              77.1875,
              43.25
            ],
            [
              77.8125,
              43.25
            ],
            [
              77.8125,
              42.75
            ],
            [
              77.1875,
              42.75
            ]
          ]
        ]
      },
      "properties": {
        "month": "202407",
        "value": 11.08,
        "units": "degC"
      }
    },
    {
      "type": "Feature",
      "geometry": {
        "type": "Polygon",
        "coordinates": [
          [
            [
              77.8125,
              42.75
            ],
            [
              77.8125,
              43.25
            ],
            [
              78.4375,
              43.25
            ],
            [
              78.4375,
              42.75
            ],
            [
              77.8125,
              42.75
            ]
          ]
        ]
      },
      "properties": {
        "month": "202407",
        "value": 14.96,
        "units": "degC"
      }
    },
    {
      "type": "Feature",
      "geometry": {
        "type": "Polygon",
        "coordinates": [
          [
            [
              78.4375,
              42.75
            ],
            [
              78.4375,
              43.25
            ],
            [
              79.0625,
              43.25
            ],
            [
              79.0625,
              42.75
            ],
            [
              78.4375,
              42.75
            ]
          ]
        ]
      },
      "properties": {
        "month": "202407",
        "value": 18.3,
        "units": "degC"
      }
    },
    {
      "type": "Feature",
      "geometry": {
        "type": "Polygon",
        "coordinates": [
          [
            [
              79.0625,
              42.75
            ],
            [
              79.0625,
              43.25
            ],
            [
              79.6875,
              43.25
            ],
            [
              79.6875,
              42.75
            ],
            [
              79.0625,
              42.75
            ]
          ]
        ]
      },
      "properties": {
        "month": "202407",
        "value": 16.99,
        "units": "degC"
      }
    },
    {
      "type": "Feature",
      "geometry": {
        "type": "Polygon",
        "coordinates": [
          [
            [
              79.6875,
              42.75
            ],
            [
              79.6875,
              43.25
            ],
            [
              80.3125,
              43.25
            ],
            [
              80.3125,
              42.75
            ],
            [
              79.6875,
              42.75
            ]
          ]
        ]
      },
      "properties": {
        "month": "202407",
        "value": 14.68,
        "units": "degC"
      }
    },
    {
      "type": "Feature",
      "geometry": {
        "type": "Polygon",
        "coordinates": [
          [
            [
              75.9375,
              43.25
            ],
            [
              75.9375,
              43.75
            ],
            [
              76.5625,
              43.75
            ],
            [
              76.5625,
              43.25
            ],
            [
              75.9375,
              43.25
            ]
          ]
        ]
      },
      "properties": {
        "month": "202407",
        "value": 27.38,
        "units": "degC"
      }
    },
    {
      "type": "Feature",
      "geometry": {
        "type": "Polygon",
        "coordinates": [
          [
            [
              76.5625,
              43.25
            ],
            [
              76.5625,
              43.75
            ],
            [
              77.1875,
              43.75
            ],
            [
              77.1875,
              43.25
            ],
            [
              76.5625,
              43.25
            ]
          ]
        ]
      },
      "properties": {
        "month": "202407",
        "value": 27.89,
        "units": "degC"
      }
    },
    {
      "type": "Feature",
      "geometry": {
        "type": "Polygon",
        "coordinates": [
          [
            [
              77.1875,
              43.25
            ],
            [
              77.1875,
              43.75
            ],
            [
              77.8125,
              43.75
            ],
            [
              77.8125,
              43.25
            ],
            [
              77.1875,
              43.25
            ]
          ]
        ]
      },
      "properties": {
        "month": "202407",
        "value": 26.92,
        "units": "degC"
      }
    },
    {
      "type": "Feature",
      "geometry": {
        "type": "Polygon",
        "coordinates": [
          [
            [
              77.8125,
              43.25
            ],
            [
              77.8125,
              43.75
            ],
            [
              78.4375,
              43.75
            ],
            [
              78.4375,
              43.25
            ],
            [
              77.8125,
              43.25
            ]
          ]
        ]
      },
      "properties": {
        "month": "202407",
        "value": 24.0,
        "units": "degC"
      }
    },
    {
      "type": "Feature",
      "geometry": {
        "type": "Polygon",
        "coordinates": [
          [
            [
              78.4375,
              43.25
            ],
            [
              78.4375,
              43.75
            ],
            [
              79.0625,
              43.75
            ],
            [
              79.0625,
              43.25
            ],
            [
              78.4375,
              43.25
            ]
          ]
        ]
      },
      "properties": {
        "month": "202407",
        "value": 24.76,
        "units": "degC"
      }
    },
    {
      "type": "Feature",
      "geometry": {
        "type": "Polygon",
        "coordinates": [
          [
            [
              79.0625,
              43.25
            ],
            [
              79.0625,
              43.75
            ],
            [
              79.6875,
              43.75
            ],
            [
              79.6875,
              43.25
            ],
            [
              79.0625,
              43.25
            ]
          ]
        ]
      },
      "properties": {
        "month": "202407",
        "value": 25.19,
        "units": "degC"
      }
    },
    {
      "type": "Feature",
      "geometry": {
        "type": "Polygon",
        "coordinates": [
          [
            [
              79.6875,
              43.25
            ],
            [
              79.6875,
              43.75
            ],
            [
              80.3125,
              43.75
            ],
            [
              80.3125,
              43.25
            ],
            [
              79.6875,
              43.25
            ]
          ]
        ]
      },
      "properties": {
        "month": "202407",
        "value": 24.0,
        "units": "degC"
      }
    },
    {
      "type": "Feature",
      "geometry": {
        "type": "Polygon",
        "coordinates": [
          [
            [
              75.9375,
              43.75
            ],
            [
              75.9375,
              44.25
            ],
            [
              76.5625,
              44.25
            ],
            [
              76.5625,
              43.75
            ],
            [
              75.9375,
              43.75
            ]
          ]
        ]
      },
      "properties": {
        "month": "202407",
        "value": 27.45,
        "units": "degC"
      }
    },
    {
      "type": "Feature",
      "geometry": {
        "type": "Polygon",
        "coordinates": [
          [
            [
              76.5625,
              43.75
            ],
            [
              76.5625,
              44.25
            ],
            [
              77.1875,
              44.25
            ],
            [
              77.1875,
              43.75
            ],
            [
              76.5625,
              43.75
            ]
          ]
        ]
      },
      "properties": {
        "month": "202407",
        "value": 27.56,
        "units": "degC"
      }
    },
    {
      "type": "Feature",
      "geometry": {
        "type": "Polygon",
        "coordinates": [
          [
            [
              77.1875,
              43.75
            ],
            [
              77.1875,
              44.25
            ],
            [
              77.8125,
              44.25
            ],
            [
              77.8125,
              43.75
            ],
            [
              77.1875,
              43.75
            ]
          ]
        ]
      },
      "properties": {
        "month": "202407",
        "value": 27.9,
        "units": "degC"
      }
    },
    {
      "type": "Feature",
      "geometry": {
        "type": "Polygon",
        "coordinates": [
          [
            [
              77.8125,
              43.75
            ],
            [
              77.8125,
              44.25
            ],
            [
              78.4375,
              44.25
            ],
            [
              78.4375,
              43.75
            ],
            [
              77.8125,
              43.75
            ]
          ]
        ]
      },
      "properties": {
        "month": "202407",
        "value": 25.94,
        "units": "degC"
      }
    },
    {
      "type": "Feature",
      "geometry": {
        "type": "Polygon",
        "coordinates": [
          [
            [
              78.4375,
              43.75
            ],
            [
              78.4375,
              44.25
            ],
            [
              79.0625,
              44.25
            ],
            [
              79.0625,
              43.75
            ],
            [
              78.4375,
              43.75
            ]
          ]
        ]
      },
      "properties": {
        "month": "202407",
        "value": 26.6,
        "units": "degC"
      }
    },
    {
      "type": "Feature",
      "geometry": {
        "type": "Polygon",
        "coordinates": [
          [
            [
              79.0625,
              43.75
            ],
            [
              79.0625,
              44.25
            ],
            [
              79.6875,
              44.25
            ],
            [
              79.6875,
              43.75
            ],
            [
              79.0625,
              43.75
            ]
          ]
        ]
      },
      "properties": {
        "month": "202407",
        "value": 27.38,
        "units": "degC"
      }
    },
    {
      "type": "Feature",
      "geometry": {
        "type": "Polygon",
        "coordinates": [
          [
            [
              79.6875,
              43.75
            ],
            [
              79.6875,
              44.25
            ],
            [
              80.3125,
              44.25
            ],
            [
              80.3125,
              43.75
            ],
            [
              79.6875,
              43.75
            ]
          ]
        ]
      },
      "properties": {
        "month": "202407",
        "value": 28.19,
        "units": "degC"
      }
    },
    {
      "type": "Feature",
      "geometry": {
        "type": "Polygon",
        "coordinates": [
          [
            [
              75.9375,
              44.25
            ],
            [
              75.9375,
              44.75
            ],
            [
              76.5625,
              44.75
            ],
            [
              76.5625,
              44.25
            ],
            [
              75.9375,
              44.25
            ]
          ]
        ]
      },
      "properties": {
        "month": "202407",
        "value": 28.77,
        "units": "degC"
      }
    },
    {
      "type": "Feature",
      "geometry": {
        "type": "Polygon",
        "coordinates": [
          [
            [
              76.5625,
              44.25
            ],
            [
              76.5625,
              44.75
            ],
            [
              77.1875,
              44.75
            ],
            [
              77.1875,
              44.25
            ],
            [
              76.5625,
              44.25
            ]
          ]
        ]
      },
      "properties": {
        "month": "202407",
        "value": 28.48,
        "units": "degC"
      }
    },
    {
      "type": "Feature",
      "geometry": {
        "type": "Polygon",
        "coordinates": [
          [
            [
              77.1875,
              44.25
            ],
            [
              77.1875,
              44.75
            ],
            [
              77.8125,
              44.75
            ],
            [
              77.8125,
              44.25
            ],
            [
              77.1875,
              44.25
            ]
          ]
        ]
      },
      "properties": {
        "month": "202407",
        "value": 26.18,
        "units": "degC"
      }
    },
    {
      "type": "Feature",
      "geometry": {
        "type": "Polygon",
        "coordinates": [
          [
            [
              77.8125,
              44.25
            ],
            [
              77.8125,
              44.75
            ],
            [
              78.4375,
              44.75
            ],
            [
              78.4375,
              44.25
            ],
            [
              77.8125,
              44.25
            ]
          ]
        ]
      },
      "properties": {
        "month": "202407",
        "value": 24.51,
        "units": "degC"
      }
    },
    {
      "type": "Feature",
      "geometry": {
        "type": "Polygon",
        "coordinates": [
          [
            [
              78.4375,
              44.25
            ],
            [
              78.4375,
              44.75
            ],
            [
              79.0625,
              44.75
            ],
            [
              79.0625,
              44.25
            ],
            [
              78.4375,
              44.25
            ]
          ]
        ]
      },
      "properties": {
        "month": "202407",
        "value": 20.38,
        "units": "degC"
      }
    },
    {
      "type": "Feature",
      "geometry": {
        "type": "Polygon",
        "coordinates": [
          [
            [
              79.0625,
              44.25
            ],
            [
              79.0625,
              44.75
            ],
            [
              79.6875,
              44.75
            ],
            [
              79.6875,
              44.25
            ],
            [
              79.0625,
              44.25
            ]
          ]
        ]
      },
      "properties": {
        "month": "202407",
        "value": 17.42,
        "units": "degC"
      }
    },
    {
      "type": "Feature",
      "geometry": {
        "type": "Polygon",
        "coordinates": [
          [
            [
              79.6875,
              44.25
            ],
            [
              79.6875,
              44.75
            ],
            [
              80.3125,
              44.75
            ],
            [
              80.3125,
              44.25
            ],
            [
              79.6875,
              44.25
            ]
          ]
        ]
      },
      "properties": {
        "month": "202407",
        "value": 17.42,
        "units": "degC"
      }
    },
    {
      "type": "Feature",
      "geometry": {
        "type": "Polygon",
        "coordinates": [
          [
            [
              75.9375,
              44.75
            ],
            [
              75.9375,
              45.25
            ],
            [
              76.5625,
              45.25
            ],
            [
              76.5625,
              44.75
            ],
            [
              75.9375,
              44.75
            ]
          ]
        ]
      },
      "properties": {
        "month": "202407",
        "value": 28.34,
        "units": "degC"
      }
    },
    {
      "type": "Feature",
      "geometry": {
        "type": "Polygon",
        "coordinates": [
          [
            [
              76.5625,
              44.75
            ],
            [
              76.5625,
              45.25
            ],
            [
              77.1875,
              45.25
            ],
            [
              77.1875,
              44.75
            ],
            [
              76.5625,
              44.75
            ]
          ]
        ]
      },
      "properties": {
        "month": "202407",
        "value": 28.48,
        "units": "degC"
      }
    },
    {
      "type": "Feature",
      "geometry": {
        "type": "Polygon",
        "coordinates": [
          [
            [
              77.1875,
              44.75
            ],
            [
              77.1875,
              45.25
            ],
            [
              77.8125,
              45.25
            ],
            [
              77.8125,
              44.75
            ],
            [
              77.1875,
              44.75
            ]
          ]
        ]
      },
      "properties": {
        "month": "202407",
        "value": 27.7,
        "units": "degC"
      }
    },
    {
      "type": "Feature",
      "geometry": {
        "type": "Polygon",
        "coordinates": [
          [
            [
              77.8125,
              44.75
            ],
            [
              77.8125,
              45.25
            ],
            [
              78.4375,
              45.25
            ],
            [
              78.4375,
              44.75
            ],
            [
              77.8125,
              44.75
            ]
          ]
        ]
      },
      "properties": {
        "month": "202407",
        "value": 26.49,
        "units": "degC"
      }
    },
    {
      "type": "Feature",
      "geometry": {
        "type": "Polygon",
        "coordinates": [
          [
            [
              78.4375,
              44.75
            ],
            [
              78.4375,
              45.25
            ],
            [
              79.0625,
              45.25
            ],
            [
              79.0625,
              44.75
            ],
            [
              78.4375,
              44.75
            ]
          ]
        ]
      },
      "properties": {
        "month": "202407",
        "value": 22.23,
        "units": "degC"
      }
    },
    {
      "type": "Feature",
      "geometry": {
        "type": "Polygon",
        "coordinates": [
          [
            [
              79.0625,
              44.75
            ],
            [
              79.0625,
              45.25
            ],
            [
              79.6875,
              45.25
            ],
            [
              79.6875,
              44.75
            ],
            [
              79.0625,
              44.75
            ]
          ]
        ]
      },
      "properties": {
        "month": "202407",
        "value": 15.11,
        "units": "degC"
      }
    },
    {
      "type": "Feature",
      "geometry": {
        "type": "Polygon",
        "coordinates": [
          [
            [
              79.6875,
              44.75
            ],
            [
              79.6875,
              45.25
            ],
            [
              80.3125,
              45.25
            ],
            [
              80.3125,
              44.75
            ],
            [
              79.6875,
              44.75
            ]
          ]
        ]
      },
      "properties": {
        "month": "202407",
        "value": 11.56,
        "units": "degC"
      }
    },
    {
      "type": "Feature",
      "geometry": {
        "type": "Polygon",
        "coordinates": [
          [
            [
              75.9375,
              45.25
            ],
            [
              75.9375,
              45.75
            ],
            [
              76.5625,
              45.75
            ],
            [
              76.5625,
              45.25
            ],
            [
              75.9375,
              45.25
            ]
          ]
        ]
      },
      "properties": {
        "month": "202407",
        "value": 27.61,
        "units": "degC"
      }
    },
    {
      "type": "Feature",
      "geometry": {
        "type": "Polygon",
        "coordinates": [
          [
            [
              76.5625,
              45.25
            ],
            [
              76.5625,
              45.75
            ],
            [
              77.1875,
              45.75
            ],
            [
              77.1875,
              45.25
            ],
            [
              76.5625,
              45.25
            ]
          ]
        ]
      },
      "properties": {
        "month": "202407",
        "value": 27.8,
        "units": "degC"
      }
    },
    {
      "type": "Feature",
      "geometry": {
        "type": "Polygon",
        "coordinates": [
          [
            [
              77.1875,
              45.25
            ],
            [
              77.1875,
              45.75
            ],
            [
              77.8125,
              45.75
            ],
            [
              77.8125,
              45.25
            ],
            [
              77.1875,
              45.25
            ]
          ]
        ]
      },
      "properties": {
        "month": "202407",
        "value": 27.61,
        "units": "degC"
      }
    },
    {
      "type": "Feature",
      "geometry": {
        "type": "Polygon",
        "coordinates": [
          [
            [
              77.8125,
              45.25
            ],
            [
              77.8125,
              45.75
            ],
            [
              78.4375,
              45.75
            ],
            [
              78.4375,
              45.25
            ],
            [
              77.8125,
              45.25
            ]
          ]
        ]
      },
      "properties": {
        "month": "202407",
        "value": 27.14,
        "units": "degC"
      }
    },
    {
      "type": "Feature",
      "geometry": {
        "type": "Polygon",
        "coordinates": [
          [
            [
              78.4375,
              45.25
            ],
            [
              78.4375,
              45.75
            ],
            [
              79.0625,
              45.75
            ],
            [
              79.0625,
              45.25
            ],
            [
              78.4375,
              45.25
            ]
          ]
        ]
      },
      "properties": {
        "month": "202407",
        "value": 26.64,
        "units": "degC"
      }
    },
    {
      "type": "Feature",
      "geometry": {
        "type": "Polygon",
        "coordinates": [
          [
            [
              79.0625,
              45.25
            ],
            [
              79.0625,
              45.75
            ],
            [
              79.6875,
              45.75
            ],
            [
              79.6875,
              45.25
            ],
            [
              79.0625,
              45.25
            ]
          ]
        ]
      },
      "properties": {
        "month": "202407",
        "value": 24.84,
        "units": "degC"
      }
    },
    {
      "type": "Feature",
      "geometry": {
        "type": "Polygon",
        "coordinates": [
          [
            [
              79.6875,
              45.25
            ],
            [
              79.6875,
              45.75
            ],
            [
              80.3125,
              45.75
            ],
            [
              80.3125,
              45.25
            ],
            [
              79.6875,
              45.25
            ]
          ]
        ]
      },
      "properties": {
        "month": "202407",
        "value": 22.63,
        "units": "degC"
      }
    },
    {
      "type": "Feature",
      "geometry": {
        "type": "Polygon",
        "coordinates": [
          [
            [
              75.9375,
              45.75
            ],
            [
              75.9375,
              46.25
            ],
            [
              76.5625,
              46.25
            ],
            [
              76.5625,
              45.75
            ],
            [
              75.9375,
              45.75
            ]
          ]
        ]
      },
      "properties": {
        "month": "202407",
        "value": 26.92,
        "units": "degC"
      }
    },
    {
      "type": "Feature",
      "geometry": {
        "type": "Polygon",
        "coordinates": [
          [
            [
              76.5625,
              45.75
            ],
            [
              76.5625,
              46.25
            ],
            [
              77.1875,
              46.25
            ],
            [
              77.1875,
              45.75
            ],
            [
              76.5625,
              45.75
            ]
          ]
        ]
      },
      "properties": {
        "month": "202407",
        "value": 27.07,
        "units": "degC"
      }
    },
    {
      "type": "Feature",
      "geometry": {
        "type": "Polygon",
        "coordinates": [
          [
            [
              77.1875,
              45.75
            ],
            [
              77.1875,
              46.25
            ],
            [
              77.8125,
              46.25
            ],
            [
              77.8125,
              45.75
            ],
            [
              77.1875,
              45.75
            ]
          ]
        ]
      },
      "properties": {
        "month": "202407",
        "value": 27.38,
        "units": "degC"
      }
    },
    {
      "type": "Feature",
      "geometry": {
        "type": "Polygon",
        "coordinates": [
          [
            [
              77.8125,
              45.75
            ],
            [
              77.8125,
              46.25
            ],
            [
              78.4375,
              46.25
            ],
            [
              78.4375,
              45.75
            ],
            [
              77.8125,
              45.75
            ]
          ]
        ]
      },
      "properties": {
        "month": "202407",
        "value": 27.44,
        "units": "degC"
      }
    },
    {
      "type": "Feature",
      "geometry": {
        "type": "Polygon",
        "coordinates": [
          [
            [
              78.4375,
              45.75
            ],
            [
              78.4375,
              46.25
            ],
            [
              79.0625,
              46.25
            ],
            [
              79.0625,
              45.75
            ],
            [
              78.4375,
              45.75
            ]
          ]
        ]
      },
      "properties": {
        "month": "202407",
        "value": 27.25,
        "units": "degC"
      }
    },
    {
      "type": "Feature",
      "geometry": {
        "type": "Polygon",
        "coordinates": [
          [
            [
              79.0625,
              45.75
            ],
            [
              79.0625,
              46.25
            ],
            [
              79.6875,
              46.25
            ],
            [
              79.6875,
              45.75
            ],
            [
              79.0625,
              45.75
            ]
          ]
        ]
      },
      "properties": {
        "month": "202407",
        "value": 27.13,
        "units": "degC"
      }
    },
    {
      "type": "Feature",
      "geometry": {
        "type": "Polygon",
        "coordinates": [
          [
            [
              79.6875,
              45.75
            ],
            [
              79.6875,
              46.25
            ],
            [
              80.3125,
              46.25
            ],
            [
              80.3125,
              45.75
            ],
            [
              79.6875,
              45.75
            ]
          ]
        ]
      },
      "properties": {
        "month": "202407",
        "value": 27.13,
        "units": "degC"
      }
    },
    {
      "type": "Feature",
      "geometry": {
        "type": "Polygon",
        "coordinates": [
          [
            [
              75.9375,
              46.25
            ],
            [
              75.9375,
              46.75
            ],
            [
              76.5625,
              46.75
            ],
            [
              76.5625,
              46.25
            ],
            [
              75.9375,
              46.25
            ]
          ]
        ]
      },
      "properties": {
        "month": "202407",
        "value": 26.63,
        "units": "degC"
      }
    },
    {
      "type": "Feature",
      "geometry": {
        "type": "Polygon",
        "coordinates": [
          [
            [
              76.5625,
              46.25
            ],
            [
              76.5625,
              46.75
            ],
            [
              77.1875,
              46.75
            ],
            [
              77.1875,
              46.25
            ],
            [
              76.5625,
              46.25
            ]
          ]
        ]
      },
      "properties": {
        "month": "202407",
        "value": 26.69,
        "units": "degC"
      }
    },
    {
      "type": "Feature",
      "geometry": {
        "type": "Polygon",
        "coordinates": [
          [
            [
              77.1875,
              46.25
            ],
            [
              77.1875,
              46.75
            ],
            [
              77.8125,
              46.75
            ],
            [
              77.8125,
              46.25
            ],
            [
              77.1875,
              46.25
            ]
          ]
        ]
      },
      "properties": {
        "month": "202407",
        "value": 26.97,
        "units": "degC"
      }
    },
    {
      "type": "Feature",
      "geometry": {
        "type": "Polygon",
        "coordinates": [
          [
            [
              77.8125,
              46.25
            ],
            [
              77.8125,
              46.75
            ],
            [
              78.4375,
              46.75
            ],
            [
              78.4375,
              46.25
            ],
            [
              77.8125,
              46.25
            ]
          ]
        ]
      },
      "properties": {
        "month": "202407",
        "value": 27.19,
        "units": "degC"
      }
    },
    {
      "type": "Feature",
      "geometry": {
        "type": "Polygon",
        "coordinates": [
          [
            [
              78.4375,
              46.25
            ],
            [
              78.4375,
              46.75
            ],
            [
              79.0625,
              46.75
            ],
            [
              79.0625,
              46.25
            ],
            [
              78.4375,
              46.25
            ]
          ]
        ]
      },
      "properties": {
        "month": "202407",
        "value": 27.28,
        "units": "degC"
      }
    },
    {
      "type": "Feature",
      "geometry": {
        "type": "Polygon",
        "coordinates": [
          [
            [
              79.0625,
              46.25
            ],
            [
              79.0625,
              46.75
            ],
            [
              79.6875,
              46.75
            ],
            [
              79.6875,
              46.25
            ],
            [
              79.0625,
              46.25
            ]
          ]
        ]
      },
      "properties": {
        "month": "202407",
        "value": 26.98,
        "units": "degC"
      }
    },
    {
      "type": "Feature",
      "geometry": {
        "type": "Polygon",
        "coordinates": [
          [
            [
              79.6875,
              46.25
            ],
            [
              79.6875,
              46.75
            ],
            [
              80.3125,
              46.75
            ],
            [
              80.3125,
              46.25
            ],
            [
              79.6875,
              46.25
            ]
          ]
        ]
      },
      "properties": {
        "month": "202407",
        "value": 27.01,
        "units": "degC"
      }
    },
    {
      "type": "Feature",
      "geometry": {
        "type": "Polygon",
        "coordinates": [
          [
            [
              75.9375,
              46.75
            ],
            [
              75.9375,
              47.25
            ],
            [
              76.5625,
              47.25
            ],
            [
              76.5625,
              46.75
            ],
            [
              75.9375,
              46.75
            ]
          ]
        ]
      },
      "properties": {
        "month": "202407",
        "value": 25.48,
        "units": "degC"
      }
    },
    {
      "type": "Feature",
      "geometry": {
        "type": "Polygon",
        "coordinates": [
          [
            [
              76.5625,
              46.75
            ],
            [
              76.5625,
              47.25
            ],
            [
              77.1875,
              47.25
            ],
            [
              77.1875,
              46.75
            ],
            [
              76.5625,
              46.75
            ]
          ]
        ]
      },
      "properties": {
        "month": "202407",
        "value": 25.45,
        "units": "degC"
      }
    },
    {
      "type": "Feature",
      "geometry": {
        "type": "Polygon",
        "coordinates": [
          [
            [
              77.1875,
              46.75
            ],
            [
              77.1875,
              47.25
            ],
            [
              77.8125,
              47.25
            ],
            [
              77.8125,
              46.75
            ],
            [
              77.1875,
              46.75
            ]
          ]
        ]
      },
      "properties": {
        "month": "202407",
        "value": 25.36,
        "units": "degC"
      }
    },
    {
      "type": "Feature",
      "geometry": {
        "type": "Polygon",
        "coordinates": [
          [
            [
              77.8125,
              46.75
            ],
            [
              77.8125,
              47.25
            ],
            [
              78.4375,
              47.25
            ],
            [
              78.4375,
              46.75
            ],
            [
              77.8125,
              46.75
            ]
          ]
        ]
      },
      "properties": {
        "month": "202407",
        "value": 25.51,
        "units": "degC"
      }
    },
    {
      "type": "Feature",
      "geometry": {
        "type": "Polygon",
        "coordinates": [
          [
            [
              78.4375,
              46.75
            ],
            [
              78.4375,
              47.25
            ],
            [
              79.0625,
              47.25
            ],
            [
              79.0625,
              46.75
            ],
            [
              78.4375,
              46.75
            ]
          ]
        ]
      },
      "properties": {
        "month": "202407",
        "value": 26.11,
        "units": "degC"
      }
    },
    {
      "type": "Feature",
      "geometry": {
        "type": "Polygon",
        "coordinates": [
          [
            [
              79.0625,
              46.75
            ],
            [
              79.0625,
              47.25
            ],
            [
              79.6875,
              47.25
            ],
            [
              79.6875,
              46.75
            ],
            [
              79.0625,
              46.75
            ]
          ]
        ]
      },
      "properties": {
        "month": "202407",
        "value": 26.94,
        "units": "degC"
      }
    },
    {
      "type": "Feature",
      "geometry": {
        "type": "Polygon",
        "coordinates": [
          [
            [
              79.6875,
              46.75
            ],
            [
              79.6875,
              47.25
            ],
            [
              80.3125,
              47.25
            ],
            [
              80.3125,
              46.75
            ],
            [
              79.6875,
              46.75
            ]
          ]
        ]
      },
      "properties": {
        "month": "202407",
        "value": 27.0,
        "units": "degC"
      }
    },
    {
      "type": "Feature",
      "geometry": {
        "type": "Polygon",
        "coordinates": [
          [
            [
              75.9375,
              47.25
            ],
            [
              75.9375,
              47.75
            ],
            [
              76.5625,
              47.75
            ],
            [
              76.5625,
              47.25
            ],
            [
              75.9375,
              47.25
            ]
          ]
        ]
      },
      "properties": {
        "month": "202407",
        "value": 23.94,
        "units": "degC"
      }
    },
    {
      "type": "Feature",
      "geometry": {
        "type": "Polygon",
        "coordinates": [
          [
            [
              76.5625,
              47.25
            ],
            [
              76.5625,
              47.75
            ],
            [
              77.1875,
              47.75
            ],
            [
              77.1875,
              47.25
            ],
            [
              76.5625,
              47.25
            ]
          ]
        ]
      },
      "properties": {
        "month": "202407",
        "value": 23.93,
        "units": "degC"
      }
    },
    {
      "type": "Feature",
      "geometry": {
        "type": "Polygon",
        "coordinates": [
          [
            [
              77.1875,
              47.25
            ],
            [
              77.1875,
              47.75
            ],
            [
              77.8125,
              47.75
            ],
            [
              77.8125,
              47.25
            ],
            [
              77.1875,
              47.25
            ]
          ]
        ]
      },
      "properties": {
        "month": "202407",
        "value": 23.77,
        "units": "degC"
      }
    },
    {
      "type": "Feature",
      "geometry": {
        "type": "Polygon",
        "coordinates": [
          [
            [
              77.8125,
              47.25
            ],
            [
              77.8125,
              47.75
            ],
            [
              78.4375,
              47.75
            ],
            [
              78.4375,
              47.25
            ],
            [
              77.8125,
              47.25
            ]
          ]
        ]
      },
      "properties": {
        "month": "202407",
        "value": 23.94,
        "units": "degC"
      }
    },
    {
      "type": "Feature",
      "geometry": {
        "type": "Polygon",
        "coordinates": [
          [
            [
              78.4375,
              47.25
            ],
            [
              78.4375,
              47.75
            ],
            [
              79.0625,
              47.75
            ],
            [
              79.0625,
              47.25
            ],
            [
              78.4375,
              47.25
            ]
          ]
        ]
      },
      "properties": {
        "month": "202407",
        "value": 24.85,
        "units": "degC"
      }
    },
    {
      "type": "Feature",
      "geometry": {
        "type": "Polygon",
        "coordinates": [
          [
            [
              79.0625,
              47.25
            ],
            [
              79.0625,
              47.75
            ],
            [
              79.6875,
              47.75
            ],
            [
              79.6875,
              47.25
            ],
            [
              79.0625,
              47.25
            ]
          ]
        ]
      },
      "properties": {
        "month": "202407",
        "value": 25.42,
        "units": "degC"
      }
    },
    {
      "type": "Feature",
      "geometry": {
        "type": "Polygon",
        "coordinates": [
          [
            [
              79.6875,
              47.25
            ],
            [
              79.6875,
              47.75
            ],
            [
              80.3125,
              47.75
            ],
            [
              80.3125,
              47.25
            ],
            [
              79.6875,
              47.25
            ]
          ]
        ]
      },
      "properties": {
        "month": "202407",
        "value": 25.25,
        "units": "degC"
      }
    },
    {
      "type": "Feature",
      "geometry": {
        "type": "Polygon",
        "coordinates": [
          [
            [
              75.9375,
              47.75
            ],
            [
              75.9375,
              48.25
            ],
            [
              76.5625,
              48.25
            ],
            [
              76.5625,
              47.75
            ],
            [
              75.9375,
              47.75
            ]
          ]
        ]
      },
      "properties": {
        "month": "202407",
        "value": 22.48,
        "units": "degC"
      }
    },
    {
      "type": "Feature",
      "geometry": {
        "type": "Polygon",
        "coordinates": [
          [
            [
              76.5625,
              47.75
            ],
            [
              76.5625,
              48.25
            ],
            [
              77.1875,
              48.25
            ],
            [
              77.1875,
              47.75
            ],
            [
              76.5625,
              47.75
            ]
          ]
        ]
      },
      "properties": {
        "month": "202407",
        "value": 22.4,
        "units": "degC"
      }
    },
    {
      "type": "Feature",
      "geometry": {
        "type": "Polygon",
        "coordinates": [
          [
            [
              77.1875,
              47.75
            ],
            [
              77.1875,
              48.25
            ],
            [
              77.8125,
              48.25
            ],
            [
              77.8125,
              47.75
            ],
            [
              77.1875,
              47.75
            ]
          ]
        ]
      },
      "properties": {
        "month": "202407",
        "value": 22.61,
        "units": "degC"
      }
    },
    {
      "type": "Feature",
      "geometry": {
        "type": "Polygon",
        "coordinates": [
          [
            [
              77.8125,
              47.75
            ],
            [
              77.8125,
              48.25
            ],
            [
              78.4375,
              48.25
            ],
            [
              78.4375,
              47.75
            ],
            [
              77.8125,
              47.75
            ]
          ]
        ]
      },
      "properties": {
        "month": "202407",
        "value": 23.27,
        "units": "degC"
      }
    },
    {
      "type": "Feature",
      "geometry": {
        "type": "Polygon",
        "coordinates": [
          [
            [
              78.4375,
              47.75
            ],
            [
              78.4375,
              48.25
            ],
            [
              79.0625,
              48.25
            ],
            [
              79.0625,
              47.75
            ],
            [
              78.4375,
              47.75
            ]
          ]
        ]
      },
      "properties": {
        "month": "202407",
        "value": 23.43,
        "units": "degC"
      }
    },
    {
      "type": "Feature",
      "geometry": {
        "type": "Polygon",
        "coordinates": [
          [
            [
              79.0625,
              47.75
            ],
            [
              79.0625,
              48.25
            ],
            [
              79.6875,
              48.25
            ],
            [
              79.6875,
              47.75
            ],
            [
              79.0625,
              47.75
            ]
          ]
        ]
      },
      "properties": {
        "month": "202407",
        "value": 22.73,
        "units": "degC"
      }
    },
    {
      "type": "Feature",
      "geometry": {
        "type": "Polygon",
        "coordinates": [
          [
            [
              79.6875,
              47.75
            ],
            [
              79.6875,
              48.25
            ],
            [
              80.3125,
              48.25
            ],
            [
              80.3125,
              47.75
            ],
            [
              79.6875,
              47.75
            ]
          ]
        ]
      },
      "properties": {
        "month": "202407",
        "value": 22.69,
        "units": "degC"
      }
    },
    {
      "type": "Feature",
      "geometry": {
        "type": "Polygon",
        "coordinates": [
          [
            [
              75.9375,
              48.25
            ],
            [
              75.9375,
              48.75
            ],
            [
              76.5625,
              48.75
            ],
            [
              76.5625,
              48.25
            ],
            [
              75.9375,
              48.25
            ]
          ]
        ]
      },
      "properties": {
        "month": "202407",
        "value": 20.89,
        "units": "degC"
      }
    },
    {
      "type": "Feature",
      "geometry": {
        "type": "Polygon",
        "coordinates": [
          [
            [
              76.5625,
              48.25
            ],
            [
              76.5625,
              48.75
            ],
            [
              77.1875,
              48.75
            ],
            [
              77.1875,
              48.25
            ],
            [
              76.5625,
              48.25
            ]
          ]
        ]
      },
      "properties": {
        "month": "202407",
        "value": 21.2,
        "units": "degC"
      }
    },
    {
      "type": "Feature",
      "geometry": {
        "type": "Polygon",
        "coordinates": [
          [
            [
              77.1875,
              48.25
            ],
            [
              77.1875,
              48.75
            ],
            [
              77.8125,
              48.75
            ],
            [
              77.8125,
              48.25
            ],
            [
              77.1875,
              48.25
            ]
          ]
        ]
      },
      "properties": {
        "month": "202407",
        "value": 21.54,
        "units": "degC"
      }
    },
    {
      "type": "Feature",
      "geometry": {
        "type": "Polygon",
        "coordinates": [
          [
            [
              77.8125,
              48.25
            ],
            [
              77.8125,
              48.75
            ],
            [
              78.4375,
              48.75
            ],
            [
              78.4375,
              48.25
            ],
            [
              77.8125,
              48.25
            ]
          ]
        ]
      },
      "properties": {
        "month": "202407",
        "value": 21.69,
        "units": "degC"
      }
    },
    {
      "type": "Feature",
      "geometry": {
        "type": "Polygon",
        "coordinates": [
          [
            [
              78.4375,
              48.25
            ],
            [
              78.4375,
              48.75
            ],
            [
              79.0625,
              48.75
            ],
            [
              79.0625,
              48.25
            ],
            [
              78.4375,
              48.25
            ]
          ]
        ]
      },
      "properties": {
        "month": "202407",
        "value": 21.23,
        "units": "degC"
      }
    },
    {
      "type": "Feature",
      "geometry": {
        "type": "Polygon",
        "coordinates": [
          [
            [
              79.0625,
              48.25
            ],
            [
              79.0625,
              48.75
            ],
            [
              79.6875,
              48.75
            ],
            [
              79.6875,
              48.25
            ],
            [
              79.0625,
              48.25
            ]
          ]
        ]
      },
      "properties": {
        "month": "202407",
        "value": 21.33,
        "units": "degC"
      }
    },
    {
      "type": "Feature",
      "geometry": {
        "type": "Polygon",
        "coordinates": [
          [
            [
              79.6875,
              48.25
            ],
            [
              79.6875,
              48.75
            ],
            [
              80.3125,
              48.75
            ],
            [
              80.3125,
              48.25
            ],
            [
              79.6875,
              48.25
            ]
          ]
        ]
      },
      "properties": {
        "month": "202407",
        "value": 21.99,
        "units": "degC"
      }
    },
    {
      "type": "Feature",
      "geometry": {
        "type": "Polygon",
        "coordinates": [
          [
            [
              76.5625,
              48.75
            ],
            [
              75.9375,
              48.75
            ],
            [
              75.9375,
              49.0
            ],
            [
              76.5625,
              49.0
            ],
            [
              76.5625,
              48.75
            ]
          ]
        ]
      },
      "properties": {
        "month": "202407",
        "value": 19.16,
        "units": "degC"
      }
    },
    {
      "type": "Feature",
      "geometry": {
        "type": "Polygon",
        "coordinates": [
          [
            [
              77.1875,
              48.75
            ],
            [
              76.5625,
              48.75
            ],
            [
              76.5625,
              49.0
            ],
            [
              77.1875,
              49.0
            ],
            [
              77.1875,
              48.75
            ]
          ]
        ]
      },
      "properties": {
        "month": "202407",
        "value": 19.58,
        "units": "degC"
      }
    },
    {
      "type": "Feature",
      "geometry": {
        "type": "Polygon",
        "coordinates": [
          [
            [
              77.8125,
              48.75
            ],
            [
              77.1875,
              48.75
            ],
            [
              77.1875,
              49.0
            ],
            [
              77.8125,
              49.0
            ],
            [
              77.8125,
              48.75
            ]
          ]
        ]
      },
      "properties": {
        "month": "202407",
        "value": 20.33,
        "units": "degC"
      }
    },
    {
      "type": "Feature",
      "geometry": {
        "type": "Polygon",
        "coordinates": [
          [
            [
              78.4375,
              48.75
            ],
            [
              77.8125,
              48.75
            ],
            [
              77.8125,
              49.0
            ],
            [
              78.4375,
              49.0
            ],
            [
              78.4375,
              48.75
            ]
          ]
        ]
      },
      "properties": {
        "month": "202407",
        "value": 20.73,
        "units": "degC"
      }
    },
    {
      "type": "Feature",
      "geometry": {
        "type": "Polygon",
        "coordinates": [
          [
            [
              79.0625,
              48.75
            ],
            [
              78.4375,
              48.75
            ],
            [
              78.4375,
              49.0
            ],
            [
              79.0625,
              49.0
            ],
            [
              79.0625,
              48.75
            ]
          ]
        ]
      },
      "properties": {
        "month": "202407",
        "value": 21.37,
        "units": "degC"
      }
    },
    {
      "type": "Feature",
      "geometry": {
        "type": "Polygon",
        "coordinates": [
          [
            [
              79.6875,
              48.75
            ],
            [
              79.0625,
              48.75
            ],
            [
              79.0625,
              49.0
            ],
            [
              79.6875,
              49.0
            ],
            [
              79.6875,
              48.75
            ]
          ]
        ]
      },
      "properties": {
        "month": "202407",
        "value": 22.37,
        "units": "degC"
      }
    },
    {
      "type": "Feature",
      "geometry": {
        "type": "Polygon",
        "coordinates": [
          [
            [
              80.3125,
              48.75
            ],
            [
              79.6875,
              48.75
            ],
            [
              79.6875,
              49.0
            ],
            [
              80.3125,
              49.0
            ],
            [
              80.3125,
              48.75
            ]
          ]
        ]
      },
      "properties": {
        "month": "202407",
        "value": 22.63,
        "units": "degC"
      }
    },
    {
      "type": "Feature",
      "geometry": {
        "type": "Polygon",
        "coordinates": [
          [
            [
              80.3125,
              42.25
            ],
            [
              80.9375,
              42.25
            ],
            [
              80.9375,
              42.0
            ],
            [
              80.3125,
              42.0
            ],
            [
              80.3125,
              42.25
            ]
          ]
        ]
      },
      "properties": {
        "month": "202407",
        "value": 8.99,
        "units": "degC"
      }
    },
    {
      "type": "Feature",
      "geometry": {
        "type": "Polygon",
        "coordinates": [
          [
            [
              80.9375,
              42.25
            ],
            [
              81.5625,
              42.25
            ],
            [
              81.5625,
              42.0
            ],
            [
              80.9375,
              42.0
            ],
            [
              80.9375,
              42.25
            ]
          ]
        ]
      },
      "properties": {
        "month": "202407",
        "value": 14.88,
        "units": "degC"
      }
    },
    {
      "type": "Feature",
      "geometry": {
        "type": "Polygon",
        "coordinates": [
          [
            [
              81.5625,
              42.25
            ],
            [
              82.1875,
              42.25
            ],
            [
              82.1875,
              42.0
            ],
            [
              81.5625,
              42.0
            ],
            [
              81.5625,
              42.25
            ]
          ]
        ]
      },
      "properties": {
        "month": "202407",
        "value": 18.93,
        "units": "degC"
      }
    },
    {
      "type": "Feature",
      "geometry": {
        "type": "Polygon",
        "coordinates": [
          [
            [
              82.1875,
              42.25
            ],
            [
              82.8125,
              42.25
            ],
            [
              82.8125,
              42.0
            ],
            [
              82.1875,
              42.0
            ],
            [
              82.1875,
              42.25
            ]
          ]
        ]
      },
      "properties": {
        "month": "202407",
        "value": 23.03,
        "units": "degC"
      }
    },
    {
      "type": "Feature",
      "geometry": {
        "type": "Polygon",
        "coordinates": [
          [
            [
              82.8125,
              42.25
            ],
            [
              83.4375,
              42.25
            ],
            [
              83.4375,
              42.0
            ],
            [
              82.8125,
              42.0
            ],
            [
              82.8125,
              42.25
            ]
          ]
        ]
      },
      "properties": {
        "month": "202407",
        "value": 23.58,
        "units": "degC"
      }
    },
    {
      "type": "Feature",
      "geometry": {
        "type": "Polygon",
        "coordinates": [
          [
            [
              83.4375,
              42.25
            ],
            [
              84.0625,
              42.25
            ],
            [
              84.0625,
              42.0
            ],
            [
              83.4375,
              42.0
            ],
            [
              83.4375,
              42.25
            ]
          ]
        ]
      },
      "properties": {
        "month": "202407",
        "value": 22.52,
        "units": "degC"
      }
    },
    {
      "type": "Feature",
      "geometry": {
        "type": "Polygon",
        "coordinates": [
          [
            [
              80.3125,
              42.25
            ],
            [
              80.3125,
              42.75
            ],
            [
              80.9375,
              42.75
            ],
            [
              80.9375,
              42.25
            ],
            [
              80.3125,
              42.25
            ]
          ]
        ]
      },
      "properties": {
        "month": "202407",
        "value": 10.94,
        "units": "degC"
      }
    },
    {
      "type": "Feature",
      "geometry": {
        "type": "Polygon",
        "coordinates": [
          [
            [
              80.9375,
              42.25
            ],
            [
              80.9375,
              42.75
            ],
            [
              81.5625,
              42.75
            ],
            [
              81.5625,
              42.25
            ],
            [
              80.9375,
              42.25
            ]
          ]
        ]
      },
      "properties": {
        "month": "202407",
        "value": 10.32,
        "units": "degC"
      }
    },
    {
      "type": "Feature",
      "geometry": {
        "type": "Polygon",
        "coordinates": [
          [
            [
              81.5625,
              42.25
            ],
            [
              81.5625,
              42.75
            ],
            [
              82.1875,
              42.75
            ],
            [
              82.1875,
              42.25
            ],
            [
              81.5625,
              42.25
            ]
          ]
        ]
      },
      "properties": {
        "month": "202407",
        "value": 10.92,
        "units": "degC"
      }
    },
    {
      "type": "Feature",
      "geometry": {
        "type": "Polygon",
        "coordinates": [
          [
            [
              82.1875,
              42.25
            ],
            [
              82.1875,
              42.75
            ],
            [
              82.8125,
              42.75
            ],
            [
              82.8125,
              42.25
            ],
            [
              82.1875,
              42.25
            ]
          ]
        ]
      },
      "properties": {
        "month": "202407",
        "value": 13.13,
        "units": "degC"
      }
    },
    {
      "type": "Feature",
      "geometry": {
        "type": "Polygon",
        "coordinates": [
          [
            [
              82.8125,
              42.25
            ],
            [
              82.8125,
              42.75
            ],
            [
              83.4375,
              42.75
            ],
            [
              83.4375,
              42.25
            ],
            [
              82.8125,
              42.25
            ]
          ]
        ]
      },
      "properties": {
        "month": "202407",
        "value": 12.4,
        "units": "degC"
      }
    },
    {
      "type": "Feature",
      "geometry": {
        "type": "Polygon",
        "coordinates": [
          [
            [
              83.4375,
              42.25
            ],
            [
              83.4375,
              42.75
            ],
            [
              84.0625,
              42.75
            ],
            [
              84.0625,
              42.25
            ],
            [
              83.4375,
              42.25
            ]
          ]
        ]
      },
      "properties": {
        "month": "202407",
        "value": 13.01,
        "units": "degC"
      }
    },
    {
      "type": "Feature",
      "geometry": {
        "type": "Polygon",
        "coordinates": [
          [
            [
              80.3125,
              42.75
            ],
            [
              80.3125,
              43.25
            ],
            [
              80.9375,
              43.25
            ],
            [
              80.9375,
              42.75
            ],
            [
              80.3125,
              42.75
            ]
          ]
        ]
      },
      "properties": {
        "month": "202407",
        "value": 15.44,
        "units": "degC"
      }
    },
    {
      "type": "Feature",
      "geometry": {
        "type": "Polygon",
        "coordinates": [
          [
            [
              80.9375,
              42.75
            ],
            [
              80.9375,
              43.25
            ],
            [
              81.5625,
              43.25
            ],
            [
              81.5625,
              42.75
            ],
            [
              80.9375,
              42.75
            ]
          ]
        ]
      },
      "properties": {
        "month": "202407",
        "value": 17.1,
        "units": "degC"
      }
    },
    {
      "type": "Feature",
      "geometry": {
        "type": "Polygon",
        "coordinates": [
          [
            [
              81.5625,
              42.75
            ],
            [
              81.5625,
              43.25
            ],
            [
              82.1875,
              43.25
            ],
            [
              82.1875,
              42.75
            ],
            [
              81.5625,
              42.75
            ]
          ]
        ]
      },
      "properties": {
        "month": "202407",
        "value": 18.42,
        "units": "degC"
      }
    },
    {
      "type": "Feature",
      "geometry": {
        "type": "Polygon",
        "coordinates": [
          [
            [
              82.1875,
              42.75
            ],
            [
              82.1875,
              43.25
            ],
            [
              82.8125,
              43.25
            ],
            [
              82.8125,
              42.75
            ],
            [
              82.1875,
              42.75
            ]
          ]
        ]
      },
      "properties": {
        "month": "202407",
        "value": 15.2,
        "units": "degC"
      }
    },
    {
      "type": "Feature",
      "geometry": {
        "type": "Polygon",
        "coordinates": [
          [
            [
              82.8125,
              42.75
            ],
            [
              82.8125,
              43.25
            ],
            [
              83.4375,
              43.25
            ],
            [
              83.4375,
              42.75
            ],
            [
              82.8125,
              42.75
            ]
          ]
        ]
      },
      "properties": {
        "month": "202407",
        "value": 12.41,
        "units": "degC"
      }
    },
    {
      "type": "Feature",
      "geometry": {
        "type": "Polygon",
        "coordinates": [
          [
            [
              83.4375,
              42.75
            ],
            [
              83.4375,
              43.25
            ],
            [
              84.0625,
              43.25
            ],
            [
              84.0625,
              42.75
            ],
            [
              83.4375,
              42.75
            ]
          ]
        ]
      },
      "properties": {
        "month": "202407",
        "value": 11.66,
        "units": "degC"
      }
    },
    {
      "type": "Feature",
      "geometry": {
        "type": "Polygon",
        "coordinates": [
          [
            [
              80.3125,
              43.25
            ],
            [
              80.3125,
              43.75
            ],
            [
              80.9375,
              43.75
            ],
            [
              80.9375,
              43.25
            ],
            [
              80.3125,
              43.25
            ]
          ]
        ]
      },
      "properties": {
        "month": "202407",
        "value": 21.59,
        "units": "degC"
      }
    },
    {
      "type": "Feature",
      "geometry": {
        "type": "Polygon",
        "coordinates": [
          [
            [
              80.9375,
              43.25
            ],
            [
              80.9375,
              43.75
            ],
            [
              81.5625,
              43.75
            ],
            [
              81.5625,
              43.25
            ],
            [
              80.9375,
              43.25
            ]
          ]
        ]
      },
      "properties": {
        "month": "202407",
        "value": 19.74,
        "units": "degC"
      }
    },
    {
      "type": "Feature",
      "geometry": {
        "type": "Polygon",
        "coordinates": [
          [
            [
              81.5625,
              43.25
            ],
            [
              81.5625,
              43.75
            ],
            [
              82.1875,
              43.75
            ],
            [
              82.1875,
              43.25
            ],
            [
              81.5625,
              43.25
            ]
          ]
        ]
      },
      "properties": {
        "month": "202407",
        "value": 23.29,
        "units": "degC"
      }
    },
    {
      "type": "Feature",
      "geometry": {
        "type": "Polygon",
        "coordinates": [
          [
            [
              82.1875,
              43.25
            ],
            [
              82.1875,
              43.75
            ],
            [
              82.8125,
              43.75
            ],
            [
              82.8125,
              43.25
            ],
            [
              82.1875,
              43.25
            ]
          ]
        ]
      },
      "properties": {
        "month": "202407",
        "value": 25.38,
        "units": "degC"
      }
    },
    {
      "type": "Feature",
      "geometry": {
        "type": "Polygon",
        "coordinates": [
          [
            [
              82.8125,
              43.25
            ],
            [
              82.8125,
              43.75
            ],
            [
              83.4375,
              43.75
            ],
            [
              83.4375,
              43.25
            ],
            [
              82.8125,
              43.25
            ]
          ]
        ]
      },
      "properties": {
        "month": "202407",
        "value": 23.54,
        "units": "degC"
      }
    },
    {
      "type": "Feature",
      "geometry": {
        "type": "Polygon",
        "coordinates": [
          [
            [
              83.4375,
              43.25
            ],
            [
              83.4375,
              43.75
            ],
            [
              84.0625,
              43.75
            ],
            [
              84.0625,
              43.25
            ],
            [
              83.4375,
              43.25
            ]
          ]
        ]
      },
      "properties": {
        "month": "202407",
        "value": 18.53,
        "units": "degC"
      }
    },
    {
      "type": "Feature",
      "geometry": {
        "type": "Polygon",
        "coordinates": [
          [
            [
              80.3125,
              43.75
            ],
            [
              80.3125,
              44.25
            ],
            [
              80.9375,
              44.25
            ],
            [
              80.9375,
              43.75
            ],
            [
              80.3125,
              43.75
            ]
          ]
        ]
      },
      "properties": {
        "month": "202407",
        "value": 27.81,
        "units": "degC"
      }
    },
    {
      "type": "Feature",
      "geometry": {
        "type": "Polygon",
        "coordinates": [
          [
            [
              80.9375,
              43.75
            ],
            [
              80.9375,
              44.25
            ],
            [
              81.5625,
              44.25
            ],
            [
              81.5625,
              43.75
            ],
            [
              80.9375,
              43.75
            ]
          ]
        ]
      },
      "properties": {
        "month": "202407",
        "value": 26.4,
        "units": "degC"
      }
    },
    {
      "type": "Feature",
      "geometry": {
        "type": "Polygon",
        "coordinates": [
          [
            [
              81.5625,
              43.75
            ],
            [
              81.5625,
              44.25
            ],
            [
              82.1875,
              44.25
            ],
            [
              82.1875,
              43.75
            ],
            [
              81.5625,
              43.75
            ]
          ]
        ]
      },
      "properties": {
        "month": "202407",
        "value": 22.69,
        "units": "degC"
      }
    },
    {
      "type": "Feature",
      "geometry": {
        "type": "Polygon",
        "coordinates": [
          [
            [
              82.1875,
              43.75
            ],
            [
              82.1875,
              44.25
            ],
            [
              82.8125,
              44.25
            ],
            [
              82.8125,
              43.75
            ],
            [
              82.1875,
              43.75
            ]
          ]
        ]
      },
      "properties": {
        "month": "202407",
        "value": 19.98,
        "units": "degC"
      }
    },
    {
      "type": "Feature",
      "geometry": {
        "type": "Polygon",
        "coordinates": [
          [
            [
              82.8125,
              43.75
            ],
            [
              82.8125,
              44.25
            ],
            [
              83.4375,
              44.25
            ],
            [
              83.4375,
              43.75
            ],
            [
              82.8125,
              43.75
            ]
          ]
        ]
      },
      "properties": {
        "month": "202407",
        "value": 16.03,
        "units": "degC"
      }
    },
    {
      "type": "Feature",
      "geometry": {
        "type": "Polygon",
        "coordinates": [
          [
            [
              83.4375,
              43.75
            ],
            [
              83.4375,
              44.25
            ],
            [
              84.0625,
              44.25
            ],
            [
              84.0625,
              43.75
            ],
            [
              83.4375,
              43.75
            ]
          ]
        ]
      },
      "properties": {
        "month": "202407",
        "value": 13.07,
        "units": "degC"
      }
    },
    {
      "type": "Feature",
      "geometry": {
        "type": "Polygon",
        "coordinates": [
          [
            [
              80.3125,
              44.25
            ],
            [
              80.3125,
              44.75
            ],
            [
              80.9375,
              44.75
            ],
            [
              80.9375,
              44.25
            ],
            [
              80.3125,
              44.25
            ]
          ]
        ]
      },
      "properties": {
        "month": "202407",
        "value": 18.26,
        "units": "degC"
      }
    },
    {
      "type": "Feature",
      "geometry": {
        "type": "Polygon",
        "coordinates": [
          [
            [
              80.9375,
              44.25
            ],
            [
              80.9375,
              44.75
            ],
            [
              81.5625,
              44.75
            ],
            [
              81.5625,
              44.25
            ],
            [
              80.9375,
              44.25
            ]
          ]
        ]
      },
      "properties": {
        "month": "202407",
        "value": 18.05,
        "units": "degC"
      }
    },
    {
      "type": "Feature",
      "geometry": {
        "type": "Polygon",
        "coordinates": [
          [
            [
              81.5625,
              44.25
            ],
            [
              81.5625,
              44.75
            ],
            [
              82.1875,
              44.75
            ],
            [
              82.1875,
              44.25
            ],
            [
              81.5625,
              44.25
            ]
          ]
        ]
      },
      "properties": {
        "month": "202407",
        "value": 20.24,
        "units": "degC"
      }
    },
    {
      "type": "Feature",
      "geometry": {
        "type": "Polygon",
        "coordinates": [
          [
            [
              82.1875,
              44.25
            ],
            [
              82.1875,
              44.75
            ],
            [
              82.8125,
              44.75
            ],
            [
              82.8125,
              44.25
            ],
            [
              82.1875,
              44.25
            ]
          ]
        ]
      },
      "properties": {
        "month": "202407",
        "value": 26.08,
        "units": "degC"
      }
    },
    {
      "type": "Feature",
      "geometry": {
        "type": "Polygon",
        "coordinates": [
          [
            [
              82.8125,
              44.25
            ],
            [
              82.8125,
              44.75
            ],
            [
              83.4375,
              44.75
            ],
            [
              83.4375,
              44.25
            ],
            [
              82.8125,
              44.25
            ]
          ]
        ]
      },
      "properties": {
        "month": "202407",
        "value": 24.38,
        "units": "degC"
      }
    },
    {
      "type": "Feature",
      "geometry": {
        "type": "Polygon",
        "coordinates": [
          [
            [
              83.4375,
              44.25
            ],
            [
              83.4375,
              44.75
            ],
            [
              84.0625,
              44.75
            ],
            [
              84.0625,
              44.25
            ],
            [
              83.4375,
              44.25
            ]
          ]
        ]
      },
      "properties": {
        "month": "202407",
        "value": 24.87,
        "units": "degC"
      }
    },
    {
      "type": "Feature",
      "geometry": {
        "type": "Polygon",
        "coordinates": [
          [
            [
              80.3125,
              44.75
            ],
            [
              80.3125,
              45.25
            ],
            [
              80.9375,
              45.25
            ],
            [
              80.9375,
              44.75
            ],
            [
              80.3125,
              44.75
            ]
          ]
        ]
      },
      "properties": {
        "month": "202407",
        "value": 11.16,
        "units": "degC"
      }
    },
    {
      "type": "Feature",
      "geometry": {
        "type": "Polygon",
        "coordinates": [
          [
            [
              80.9375,
              44.75
            ],
            [
              80.9375,
              45.25
            ],
            [
              81.5625,
              45.25
            ],
            [
              81.5625,
              44.75
            ],
            [
              80.9375,
              44.75
            ]
          ]
        ]
      },
      "properties": {
        "month": "202407",
        "value": 15.79,
        "units": "degC"
      }
    },
    {
      "type": "Feature",
      "geometry": {
        "type": "Polygon",
        "coordinates": [
          [
            [
              81.5625,
              44.75
            ],
            [
              81.5625,
              45.25
            ],
            [
              82.1875,
              45.25
            ],
            [
              82.1875,
              44.75
            ],
            [
              81.5625,
              44.75
            ]
          ]
        ]
      },
      "properties": {
        "month": "202407",
        "value": 21.59,
        "units": "degC"
      }
    },
    {
      "type": "Feature",
      "geometry": {
        "type": "Polygon",
        "coordinates": [
          [
            [
              82.1875,
              44.75
            ],
            [
              82.1875,
              45.25
            ],
            [
              82.8125,
              45.25
            ],
            [
              82.8125,
              44.75
            ],
            [
              82.1875,
              44.75
            ]
          ]
        ]
      },
      "properties": {
        "month": "202407",
        "value": 28.76,
        "units": "degC"
      }
    },
    {
      "type": "Feature",
      "geometry": {
        "type": "Polygon",
        "coordinates": [
          [
            [
              82.8125,
              44.75
            ],
            [
              82.8125,
              45.25
            ],
            [
              83.4375,
              45.25
            ],
            [
              83.4375,
              44.75
            ],
            [
              82.8125,
              44.75
            ]
          ]
        ]
      },
      "properties": {
        "month": "202407",
        "value": 27.94,
        "units": "degC"
      }
    },
    {
      "type": "Feature",
      "geometry": {
        "type": "Polygon",
        "coordinates": [
          [
            [
              83.4375,
              44.75
            ],
            [
              83.4375,
              45.25
            ],
            [
              84.0625,
              45.25
            ],
            [
              84.0625,
              44.75
            ],
            [
              83.4375,
              44.75
            ]
          ]
        ]
      },
      "properties": {
        "month": "202407",
        "value": 28.63,
        "units": "degC"
      }
    },
    {
      "type": "Feature",
      "geometry": {
        "type": "Polygon",
        "coordinates": [
          [
            [
              80.3125,
              45.25
            ],
            [
              80.3125,
              45.75
            ],
            [
              80.9375,
              45.75
            ],
            [
              80.9375,
              45.25
            ],
            [
              80.3125,
              45.25
            ]
          ]
        ]
      },
      "properties": {
        "month": "202407",
        "value": 18.98,
        "units": "degC"
      }
    },
    {
      "type": "Feature",
      "geometry": {
        "type": "Polygon",
        "coordinates": [
          [
            [
              80.9375,
              45.25
            ],
            [
              80.9375,
              45.75
            ],
            [
              81.5625,
              45.75
            ],
            [
              81.5625,
              45.25
            ],
            [
              80.9375,
              45.25
            ]
          ]
        ]
      },
      "properties": {
        "month": "202407",
        "value": 15.46,
        "units": "degC"
      }
    },
    {
      "type": "Feature",
      "geometry": {
        "type": "Polygon",
        "coordinates": [
          [
            [
              81.5625,
              45.25
            ],
            [
              81.5625,
              45.75
            ],
            [
              82.1875,
              45.75
            ],
            [
              82.1875,
              45.25
            ],
            [
              81.5625,
              45.25
            ]
          ]
        ]
      },
      "properties": {
        "month": "202407",
        "value": 20.76,
        "units": "degC"
      }
    },
    {
      "type": "Feature",
      "geometry": {
        "type": "Polygon",
        "coordinates": [
          [
            [
              82.1875,
              45.25
            ],
            [
              82.1875,
              45.75
            ],
            [
              82.8125,
              45.75
            ],
            [
              82.8125,
              45.25
            ],
            [
              82.1875,
              45.25
            ]
          ]
        ]
      },
      "properties": {
        "month": "202407",
        "value": 22.34,
        "units": "degC"
      }
    },
    {
      "type": "Feature",
      "geometry": {
        "type": "Polygon",
        "coordinates": [
          [
            [
              82.8125,
              45.25
            ],
            [
              82.8125,
              45.75
            ],
            [
              83.4375,
              45.75
            ],
            [
              83.4375,
              45.25
            ],
            [
              82.8125,
              45.25
            ]
          ]
        ]
      },
      "properties": {
        "month": "202407",
        "value": 17.84,
        "units": "degC"
      }
    },
    {
      "type": "Feature",
      "geometry": {
        "type": "Polygon",
        "coordinates": [
          [
            [
              83.4375,
              45.25
            ],
            [
              83.4375,
              45.75
            ],
            [
              84.0625,
              45.75
            ],
            [
              84.0625,
              45.25
            ],
            [
              83.4375,
              45.25
            ]
          ]
        ]
      },
      "properties": {
        "month": "202407",
        "value": 20.88,
        "units": "degC"
      }
    },
    {
      "type": "Feature",
      "geometry": {
        "type": "Polygon",
        "coordinates": [
          [
            [
              80.3125,
              45.75
            ],
            [
              80.3125,
              46.25
            ],
            [
              80.9375,
              46.25
            ],
            [
              80.9375,
              45.75
            ],
            [
              80.3125,
              45.75
            ]
          ]
        ]
      },
      "properties": {
        "month": "202407",
        "value": 25.9,
        "units": "degC"
      }
    },
    {
      "type": "Feature",
      "geometry": {
        "type": "Polygon",
        "coordinates": [
          [
            [
              80.9375,
              45.75
            ],
            [
              80.9375,
              46.25
            ],
            [
              81.5625,
              46.25
            ],
            [
              81.5625,
              45.75
            ],
            [
              80.9375,
              45.75
            ]
          ]
        ]
      },
      "properties": {
        "month": "202407",
        "value": 26.06,
        "units": "degC"
      }
    },
    {
      "type": "Feature",
      "geometry": {
        "type": "Polygon",
        "coordinates": [
          [
            [
              81.5625,
              45.75
            ],
            [
              81.5625,
              46.25
            ],
            [
              82.1875,
              46.25
            ],
            [
              82.1875,
              45.75
            ],
            [
              81.5625,
              45.75
            ]
          ]
        ]
      },
      "properties": {
        "month": "202407",
        "value": 27.59,
        "units": "degC"
      }
    },
    {
      "type": "Feature",
      "geometry": {
        "type": "Polygon",
        "coordinates": [
          [
            [
              82.1875,
              45.75
            ],
            [
              82.1875,
              46.25
            ],
            [
              82.8125,
              46.25
            ],
            [
              82.8125,
              45.75
            ],
            [
              82.1875,
              45.75
            ]
          ]
        ]
      },
      "properties": {
        "month": "202407",
        "value": 23.3,
        "units": "degC"
      }
    },
    {
      "type": "Feature",
      "geometry": {
        "type": "Polygon",
        "coordinates": [
          [
            [
              82.8125,
              45.75
            ],
            [
              82.8125,
              46.25
            ],
            [
              83.4375,
              46.25
            ],
            [
              83.4375,
              45.75
            ],
            [
              82.8125,
              45.75
            ]
          ]
        ]
      },
      "properties": {
        "month": "202407",
        "value": 20.6,
        "units": "degC"
      }
    },
    {
      "type": "Feature",
      "geometry": {
        "type": "Polygon",
        "coordinates": [
          [
            [
              83.4375,
              45.75
            ],
            [
              83.4375,
              46.25
            ],
            [
              84.0625,
              46.25
            ],
            [
              84.0625,
              45.75
            ],
            [
              83.4375,
              45.75
            ]
          ]
        ]
      },
      "properties": {
        "month": "202407",
        "value": 22.08,
        "units": "degC"
      }
    },
    {
      "type": "Feature",
      "geometry": {
        "type": "Polygon",
        "coordinates": [
          [
            [
              80.3125,
              46.25
            ],
            [
              80.3125,
              46.75
            ],
            [
              80.9375,
              46.75
            ],
            [
              80.9375,
              46.25
            ],
            [
              80.3125,
              46.25
            ]
          ]
        ]
      },
      "properties": {
        "month": "202407",
        "value": 27.55,
        "units": "degC"
      }
    },
    {
      "type": "Feature",
      "geometry": {
        "type": "Polygon",
        "coordinates": [
          [
            [
              80.9375,
              46.25
            ],
            [
              80.9375,
              46.75
            ],
            [
              81.5625,
              46.75
            ],
            [
              81.5625,
              46.25
            ],
            [
              80.9375,
              46.25
            ]
          ]
        ]
      },
      "properties": {
        "month": "202407",
        "value": 27.46,
        "units": "degC"
      }
    },
    {
      "type": "Feature",
      "geometry": {
        "type": "Polygon",
        "coordinates": [
          [
            [
              81.5625,
              46.25
            ],
            [
              81.5625,
              46.75
            ],
            [
              82.1875,
              46.75
            ],
            [
              82.1875,
              46.25
            ],
            [
              81.5625,
              46.25
            ]
          ]
        ]
      },
      "properties": {
        "month": "202407",
        "value": 27.17,
        "units": "degC"
      }
    },
    {
      "type": "Feature",
      "geometry": {
        "type": "Polygon",
        "coordinates": [
          [
            [
              82.1875,
              46.25
            ],
            [
              82.1875,
              46.75
            ],
            [
              82.8125,
              46.75
            ],
            [
              82.8125,
              46.25
            ],
            [
              82.1875,
              46.25
            ]
          ]
        ]
      },
      "properties": {
        "month": "202407",
        "value": 26.64,
        "units": "degC"
      }
    },
    {
      "type": "Feature",
      "geometry": {
        "type": "Polygon",
        "coordinates": [
          [
            [
              82.8125,
              46.25
            ],
            [
              82.8125,
              46.75
            ],
            [
              83.4375,
              46.75
            ],
            [
              83.4375,
              46.25
            ],
            [
              82.8125,
              46.25
            ]
          ]
        ]
      },
      "properties": {
        "month": "202407",
        "value": 26.3,
        "units": "degC"
      }
    },
    {
      "type": "Feature",
      "geometry": {
        "type": "Polygon",
        "coordinates": [
          [
            [
              83.4375,
              46.25
            ],
            [
              83.4375,
              46.75
            ],
            [
              84.0625,
              46.75
            ],
            [
              84.0625,
              46.25
            ],
            [
              83.4375,
              46.25
            ]
          ]
        ]
      },
      "properties": {
        "month": "202407",
        "value": 24.37,
        "units": "degC"
      }
    },
    {
      "type": "Feature",
      "geometry": {
        "type": "Polygon",
        "coordinates": [
          [
            [
              80.3125,
              46.75
            ],
            [
              80.3125,
              47.25
            ],
            [
              80.9375,
              47.25
            ],
            [
              80.9375,
              46.75
            ],
            [
              80.3125,
              46.75
            ]
          ]
        ]
      },
      "properties": {
        "month": "202407",
        "value": 26.36,
        "units": "degC"
      }
    },
    {
      "type": "Feature",
      "geometry": {
        "type": "Polygon",
        "coordinates": [
          [
            [
              80.9375,
              46.75
            ],
            [
              80.9375,
              47.25
            ],
            [
              81.5625,
              47.25
            ],
            [
              81.5625,
              46.75
            ],
            [
              80.9375,
              46.75
            ]
          ]
        ]
      },
      "properties": {
        "month": "202407",
        "value": 25.16,
        "units": "degC"
      }
    },
    {
      "type": "Feature",
      "geometry": {
        "type": "Polygon",
        "coordinates": [
          [
            [
              81.5625,
              46.75
            ],
            [
              81.5625,
              47.25
            ],
            [
              82.1875,
              47.25
            ],
            [
              82.1875,
              46.75
            ],
            [
              81.5625,
              46.75
            ]
          ]
        ]
      },
      "properties": {
        "month": "202407",
        "value": 23.82,
        "units": "degC"
      }
    },
    {
      "type": "Feature",
      "geometry": {
        "type": "Polygon",
        "coordinates": [
          [
            [
              82.1875,
              46.75
            ],
            [
              82.1875,
              47.25
            ],
            [
              82.8125,
              47.25
            ],
            [
              82.8125,
              46.75
            ],
            [
              82.1875,
              46.75
            ]
          ]
        ]
      },
      "properties": {
        "month": "202407",
        "value": 22.23,
        "units": "degC"
      }
    },
    {
      "type": "Feature",
      "geometry": {
        "type": "Polygon",
        "coordinates": [
          [
            [
              82.8125,
              46.75
            ],
            [
              82.8125,
              47.25
            ],
            [
              83.4375,
              47.25
            ],
            [
              83.4375,
              46.75
            ],
            [
              82.8125,
              46.75
            ]
          ]
        ]
      },
      "properties": {
        "month": "202407",
        "value": 21.12,
        "units": "degC"
      }
    },
    {
      "type": "Feature",
      "geometry": {
        "type": "Polygon",
        "coordinates": [
          [
            [
              83.4375,
              46.75
            ],
            [
              83.4375,
              47.25
            ],
            [
              84.0625,
              47.25
            ],
            [
              84.0625,
              46.75
            ],
            [
              83.4375,
              46.75
            ]
          ]
        ]
      },
      "properties": {
        "month": "202407",
        "value": 20.38,
        "units": "degC"
      }
    },
    {
      "type": "Feature",
      "geometry": {
        "type": "Polygon",
        "coordinates": [
          [
            [
              80.3125,
              47.25
            ],
            [
              80.3125,
              47.75
            ],
            [
              80.9375,
              47.75
            ],
            [
              80.9375,
              47.25
            ],
            [
              80.3125,
              47.25
            ]
          ]
        ]
      },
      "properties": {
        "month": "202407",
        "value": 23.75,
        "units": "degC"
      }
    },
    {
      "type": "Feature",
      "geometry": {
        "type": "Polygon",
        "coordinates": [
          [
            [
              80.9375,
              47.25
            ],
            [
              80.9375,
              47.75
            ],
            [
              81.5625,
              47.75
            ],
            [
              81.5625,
              47.25
            ],
            [
              80.9375,
              47.25
            ]
          ]
        ]
      },
      "properties": {
        "month": "202407",
        "value": 20.79,
        "units": "degC"
      }
    },
    {
      "type": "Feature",
      "geometry": {
        "type": "Polygon",
        "coordinates": [
          [
            [
              81.5625,
              47.25
            ],
            [
              81.5625,
              47.75
            ],
            [
              82.1875,
              47.75
            ],
            [
              82.1875,
              47.25
            ],
            [
              81.5625,
              47.25
            ]
          ]
        ]
      },
      "properties": {
        "month": "202407",
        "value": 19.43,
        "units": "degC"
      }
    },
    {
      "type": "Feature",
      "geometry": {
        "type": "Polygon",
        "coordinates": [
          [
            [
              82.1875,
              47.25
            ],
            [
              82.1875,
              47.75
            ],
            [
              82.8125,
              47.75
            ],
            [
              82.8125,
              47.25
            ],
            [
              82.1875,
              47.25
            ]
          ]
        ]
      },
      "properties": {
        "month": "202407",
        "value": 19.93,
        "units": "degC"
      }
    },
    {
      "type": "Feature",
      "geometry": {
        "type": "Polygon",
        "coordinates": [
          [
            [
              82.8125,
              47.25
            ],
            [
              82.8125,
              47.75
            ],
            [
              83.4375,
              47.75
            ],
            [
              83.4375,
              47.25
            ],
            [
              82.8125,
              47.25
            ]
          ]
        ]
      },
      "properties": {
        "month": "202407",
        "value": 21.01,
        "units": "degC"
      }
    },
    {
      "type": "Feature",
      "geometry": {
        "type": "Polygon",
        "coordinates": [
          [
            [
              83.4375,
              47.25
            ],
            [
              83.4375,
              47.75
            ],
            [
              84.0625,
              47.75
            ],
            [
              84.0625,
              47.25
            ],
            [
              83.4375,
              47.25
            ]
          ]
        ]
      },
      "properties": {
        "month": "202407",
        "value": 21.94,
        "units": "degC"
      }
    },
    {
      "type": "Feature",
      "geometry": {
        "type": "Polygon",
        "coordinates": [
          [
            [
              80.3125,
              47.75
            ],
            [
              80.3125,
              48.25
            ],
            [
              80.9375,
              48.25
            ],
            [
              80.9375,
              47.75
            ],
            [
              80.3125,
              47.75
            ]
          ]
        ]
      },
      "properties": {
        "month": "202407",
        "value": 22.53,
        "units": "degC"
      }
    },
    {
      "type": "Feature",
      "geometry": {
        "type": "Polygon",
        "coordinates": [
          [
            [
              80.9375,
              47.75
            ],
            [
              80.9375,
              48.25
            ],
            [
              81.5625,
              48.25
            ],
            [
              81.5625,
              47.75
            ],
            [
              80.9375,
              47.75
            ]
          ]
        ]
      },
      "properties": {
        "month": "202407",
        "value": 21.08,
        "units": "degC"
      }
    },
    {
      "type": "Feature",
      "geometry": {
        "type": "Polygon",
        "coordinates": [
          [
            [
              81.5625,
              47.75
            ],
            [
              81.5625,
              48.25
            ],
            [
              82.1875,
              48.25
            ],
            [
              82.1875,
              47.75
            ],
            [
              81.5625,
              47.75
            ]
          ]
        ]
      },
      "properties": {
        "month": "202407",
        "value": 21.47,
        "units": "degC"
      }
    },
    {
      "type": "Feature",
      "geometry": {
        "type": "Polygon",
        "coordinates": [
          [
            [
              82.1875,
              47.75
            ],
            [
              82.1875,
              48.25
            ],
            [
              82.8125,
              48.25
            ],
            [
              82.8125,
              47.75
            ],
            [
              82.1875,
              47.75
            ]
          ]
        ]
      },
      "properties": {
        "month": "202407",
        "value": 23.52,
        "units": "degC"
      }
    },
    {
      "type": "Feature",
      "geometry": {
        "type": "Polygon",
        "coordinates": [
          [
            [
              82.8125,
              47.75
            ],
            [
              82.8125,
              48.25
            ],
            [
              83.4375,
              48.25
            ],
            [
              83.4375,
              47.75
            ],
            [
              82.8125,
              47.75
            ]
          ]
        ]
      },
      "properties": {
        "month": "202407",
        "value": 25.01,
        "units": "degC"
      }
    },
    {
      "type": "Feature",
      "geometry": {
        "type": "Polygon",
        "coordinates": [
          [
            [
              83.4375,
              47.75
            ],
            [
              83.4375,
              48.25
            ],
            [
              84.0625,
              48.25
            ],
            [
              84.0625,
              47.75
            ],
            [
              83.4375,
              47.75
            ]
          ]
        ]
      },
      "properties": {
        "month": "202407",
        "value": 25.58,
        "units": "degC"
      }
    },
    {
      "type": "Feature",
      "geometry": {
        "type": "Polygon",
        "coordinates": [
          [
            [
              80.3125,
              48.25
            ],
            [
              80.3125,
              48.75
            ],
            [
              80.9375,
              48.75
            ],
            [
              80.9375,
              48.25
            ],
            [
              80.3125,
              48.25
            ]
          ]
        ]
      },
      "properties": {
        "month": "202407",
        "value": 21.81,
        "units": "degC"
      }
    },
    {
      "type": "Feature",
      "geometry": {
        "type": "Polygon",
        "coordinates": [
          [
            [
              80.9375,
              48.25
            ],
            [
              80.9375,
              48.75
            ],
            [
              81.5625,
              48.75
            ],
            [
              81.5625,
              48.25
            ],
            [
              80.9375,
              48.25
            ]
          ]
        ]
      },
      "properties": {
        "month": "202407",
        "value": 21.56,
        "units": "degC"
      }
    },
    {
      "type": "Feature",
      "geometry": {
        "type": "Polygon",
        "coordinates": [
          [
            [
              81.5625,
              48.25
            ],
            [
              81.5625,
              48.75
            ],
            [
              82.1875,
              48.75
            ],
            [
              82.1875,
              48.25
            ],
            [
              81.5625,
              48.25
            ]
          ]
        ]
      },
      "properties": {
        "month": "202407",
        "value": 22.5,
        "units": "degC"
      }
    },
    {
      "type": "Feature",
      "geometry": {
        "type": "Polygon",
        "coordinates": [
          [
            [
              82.1875,
              48.25
            ],
            [
              82.1875,
              48.75
            ],
            [
              82.8125,
              48.75
            ],
            [
              82.8125,
              48.25
            ],
            [
              82.1875,
              48.25
            ]
          ]
        ]
      },
      "properties": {
        "month": "202407",
        "value": 23.81,
        "units": "degC"
      }
    },
    {
      "type": "Feature",
      "geometry": {
        "type": "Polygon",
        "coordinates": [
          [
            [
              82.8125,
              48.25
            ],
            [
              82.8125,
              48.75
            ],
            [
              83.4375,
              48.75
            ],
            [
              83.4375,
              48.25
            ],
            [
              82.8125,
              48.25
            ]
          ]
        ]
      },
      "properties": {
        "month": "202407",
        "value": 24.77,
        "units": "degC"
      }
    },
    {
      "type": "Feature",
      "geometry": {
        "type": "Polygon",
        "coordinates": [
          [
            [
              83.4375,
              48.25
            ],
            [
              83.4375,
              48.75
            ],
            [
              84.0625,
              48.75
            ],
            [
              84.0625,
              48.25
            ],
            [
              83.4375,
              48.25
            ]
          ]
        ]
      },
      "properties": {
        "month": "202407",
        "value": 24.85,
        "units": "degC"
      }
    },
    {
      "type": "Feature",
      "geometry": {
        "type": "Polygon",
        "coordinates": [
          [
            [
              80.9375,
              48.75
            ],
            [
              80.3125,
              48.75
            ],
            [
              80.3125,
              49.0
            ],
            [
              80.9375,
              49.0
            ],
            [
              80.9375,
              48.75
            ]
          ]
        ]
      },
      "properties": {
        "month": "202407",
        "value": 22.49,
        "units": "degC"
      }
    },
    {
      "type": "Feature",
      "geometry": {
        "type": "Polygon",
        "coordinates": [
          [
            [
              81.5625,
              48.75
            ],
            [
              80.9375,
              48.75
            ],
            [
              80.9375,
              49.0
            ],
            [
              81.5625,
              49.0
            ],
            [
              81.5625,
              48.75
            ]
          ]
        ]
      },
      "properties": {
        "month": "202407",
        "value": 22.33,
        "units": "degC"
      }
    },
    {
      "type": "Feature",
      "geometry": {
        "type": "Polygon",
        "coordinates": [
          [
            [
              82.1875,
              48.75
            ],
            [
              81.5625,
              48.75
            ],
            [
              81.5625,
              49.0
            ],
            [
              82.1875,
              49.0
            ],
            [
              82.1875,
              48.75
            ]
          ]
        ]
      },
      "properties": {
        "month": "202407",
        "value": 21.43,
        "units": "degC"
      }
    },
    {
      "type": "Feature",
      "geometry": {
        "type": "Polygon",
        "coordinates": [
          [
            [
              82.8125,
              48.75
            ],
            [
              82.1875,
              48.75
            ],
            [
              82.1875,
              49.0
            ],
            [
              82.8125,
              49.0
            ],
            [
              82.8125,
              48.75
            ]
          ]
        ]
      },
      "properties": {
        "month": "202407",
        "value": 20.31,
        "units": "degC"
      }
    },
    {
      "type": "Feature",
      "geometry": {
        "type": "Polygon",
        "coordinates": [
          [
            [
              83.4375,
              48.75
            ],
            [
              82.8125,
              48.75
            ],
            [
              82.8125,
              49.0
            ],
            [
              83.4375,
              49.0
            ],
            [
              83.4375,
              48.75
            ]
          ]
        ]
      },
      "properties": {
        "month": "202407",
        "value": 21.08,
        "units": "degC"
      }
    },
    {
      "type": "Feature",
      "geometry": {
        "type": "Polygon",
        "coordinates": [
          [
            [
              84.0625,
              48.75
            ],
            [
              83.4375,
              48.75
            ],
            [
              83.4375,
              49.0
            ],
            [
              84.0625,
              49.0
            ],
            [
              84.0625,
              48.75
            ]
          ]
        ]
      },
      "properties": {
        "month": "202407",
        "value": 21.78,
        "units": "degC"
      }
    },
    {
      "type": "Feature",
      "geometry": {
        "type": "Polygon",
        "coordinates": [
          [
            [
              84.0625,
              42.25
            ],
            [
              84.6875,
              42.25
            ],
            [
              84.6875,
              42.0
            ],
            [
              84.0625,
              42.0
            ],
            [
              84.0625,
              42.25
            ]
          ]
        ]
      },
      "properties": {
        "month": "202407",
        "value": 23.87,
        "units": "degC"
      }
    },
    {
      "type": "Feature",
      "geometry": {
        "type": "Polygon",
        "coordinates": [
          [
            [
              84.6875,
              42.25
            ],
            [
              85.0,
              42.25
            ],
            [
              85.0,
              42.0
            ],
            [
              84.6875,
              42.0
            ],
            [
              84.6875,
              42.25
            ]
          ]
        ]
      },
      "properties": {
        "month": "202407",
        "value": 23.68,
        "units": "degC"
      }
    },
    {
      "type": "Feature",
      "geometry": {
        "type": "Polygon",
        "coordinates": [
          [
            [
              84.0625,
              42.25
            ],
            [
              84.0625,
              42.75
            ],
            [
              84.6875,
              42.75
            ],
            [
              84.6875,
              42.25
            ],
            [
              84.0625,
              42.25
            ]
          ]
        ]
      },
      "properties": {
        "month": "202407",
        "value": 14.29,
        "units": "degC"
      }
    },
    {
      "type": "Feature",
      "geometry": {
        "type": "Polygon",
        "coordinates": [
          [
            [
              84.6875,
              42.25
            ],
            [
              84.6875,
              42.75
            ],
            [
              85.0,
              42.75
            ],
            [
              85.0,
              42.25
            ],
            [
              84.6875,
              42.25
            ]
          ]
        ]
      },
      "properties": {
        "month": "202407",
        "value": 12.29,
        "units": "degC"
      }
    },
    {
      "type": "Feature",
      "geometry": {
        "type": "Polygon",
        "coordinates": [
          [
            [
              84.0625,
              42.75
            ],
            [
              84.0625,
              43.25
            ],
            [
              84.6875,
              43.25
            ],
            [
              84.6875,
              42.75
            ],
            [
              84.0625,
              42.75
            ]
          ]
        ]
      },
      "properties": {
        "month": "202407",
        "value": 12.84,
        "units": "degC"
      }
    },
    {
      "type": "Feature",
      "geometry": {
        "type": "Polygon",
        "coordinates": [
          [
            [
              84.6875,
              42.75
            ],
            [
              84.6875,
              43.25
            ],
            [
              85.0,
              43.25
            ],
            [
              85.0,
              42.75
            ],
            [
              84.6875,
              42.75
            ]
          ]
        ]
      },
      "properties": {
        "month": "202407",
        "value": 12.69,
        "units": "degC"
      }
    },
    {
      "type": "Feature",
      "geometry": {
        "type": "Polygon",
        "coordinates": [
          [
            [
              84.0625,
              43.25
            ],
            [
              84.0625,
              43.75
            ],
            [
              84.6875,
              43.75
            ],
            [
              84.6875,
              43.25
            ],
            [
              84.0625,
              43.25
            ]
          ]
        ]
      },
      "properties": {
        "month": "202407",
        "value": 12.46,
        "units": "degC"
      }
    },
    {
      "type": "Feature",
      "geometry": {
        "type": "Polygon",
        "coordinates": [
          [
            [
              84.6875,
              43.25
            ],
            [
              84.6875,
              43.75
            ],
            [
              85.0,
              43.75
            ],
            [
              85.0,
              43.25
            ],
            [
              84.6875,
              43.25
            ]
          ]
        ]
      },
      "properties": {
        "month": "202407",
        "value": 7.95,
        "units": "degC"
      }
    },
    {
      "type": "Feature",
      "geometry": {
        "type": "Polygon",
        "coordinates": [
          [
            [
              84.0625,
              43.75
            ],
            [
              84.0625,
              44.25
            ],
            [
              84.6875,
              44.25
            ],
            [
              84.6875,
              43.75
            ],
            [
              84.0625,
              43.75
            ]
          ]
        ]
      },
      "properties": {
        "month": "202407",
        "value": 14.51,
        "units": "degC"
      }
    },
    {
      "type": "Feature",
      "geometry": {
        "type": "Polygon",
        "coordinates": [
          [
            [
              84.6875,
              43.75
            ],
            [
              84.6875,
              44.25
            ],
            [
              85.0,
              44.25
            ],
            [
              85.0,
              43.75
            ],
            [
              84.6875,
              43.75
            ]
          ]
        ]
      },
      "properties": {
        "month": "202407",
        "value": 16.76,
        "units": "degC"
      }
    },
    {
      "type": "Feature",
      "geometry": {
        "type": "Polygon",
        "coordinates": [
          [
            [
              84.0625,
              44.25
            ],
            [
              84.0625,
              44.75
            ],
            [
              84.6875,
              44.75
            ],
            [
              84.6875,
              44.25
            ],
            [
              84.0625,
              44.25
            ]
          ]
        ]
      },
      "properties": {
        "month": "202407",
        "value": 26.99,
        "units": "degC"
      }
    },
    {
      "type": "Feature",
      "geometry": {
        "type": "Polygon",
        "coordinates": [
          [
            [
              84.6875,
              44.25
            ],
            [
              84.6875,
              44.75
            ],
            [
              85.0,
              44.75
            ],
            [
              85.0,
              44.25
            ],
            [
              84.6875,
              44.25
            ]
          ]
        ]
      },
      "properties": {
        "month": "202407",
        "value": 27.82,
        "units": "degC"
      }
    },
    {
      "type": "Feature",
      "geometry": {
        "type": "Polygon",
        "coordinates": [
          [
            [
              84.0625,
              44.75
            ],
            [
              84.0625,
              45.25
            ],
            [
              84.6875,
              45.25
            ],
            [
              84.6875,
              44.75
            ],
            [
              84.0625,
              44.75
            ]
          ]
        ]
      },
      "properties": {
        "month": "202407",
        "value": 29.51,
        "units": "degC"
      }
    },
    {
      "type": "Feature",
      "geometry": {
        "type": "Polygon",
        "coordinates": [
          [
            [
              84.6875,
              44.75
            ],
            [
              84.6875,
              45.25
            ],
            [
              85.0,
              45.25
            ],
            [
              85.0,
              44.75
            ],
            [
              84.6875,
              44.75
            ]
          ]
        ]
      },
      "properties": {
        "month": "202407",
        "value": 29.75,
        "units": "degC"
      }
    },
    {
      "type": "Feature",
      "geometry": {
        "type": "Polygon",
        "coordinates": [
          [
            [
              84.0625,
              45.25
            ],
            [
              84.0625,
              45.75
            ],
            [
              84.6875,
              45.75
            ],
            [
              84.6875,
              45.25
            ],
            [
              84.0625,
              45.25
            ]
          ]
        ]
      },
      "properties": {
        "month": "202407",
        "value": 25.28,
        "units": "degC"
      }
    },
    {
      "type": "Feature",
      "geometry": {
        "type": "Polygon",
        "coordinates": [
          [
            [
              84.6875,
              45.25
            ],
            [
              84.6875,
              45.75
            ],
            [
              85.0,
              45.75
            ],
            [
              85.0,
              45.25
            ],
            [
              84.6875,
              45.25
            ]
          ]
        ]
      },
      "properties": {
        "month": "202407",
        "value": 29.06,
        "units": "degC"
      }
    },
    {
      "type": "Feature",
      "geometry": {
        "type": "Polygon",
        "coordinates": [
          [
            [
              84.0625,
              45.75
            ],
            [
              84.0625,
              46.25
            ],
            [
              84.6875,
              46.25
            ],
            [
              84.6875,
              45.75
            ],
            [
              84.0625,
              45.75
            ]
          ]
        ]
      },
      "properties": {
        "month": "202407",
        "value": 21.68,
        "units": "degC"
      }
    },
    {
      "type": "Feature",
      "geometry": {
        "type": "Polygon",
        "coordinates": [
          [
            [
              84.6875,
              45.75
            ],
            [
              84.6875,
              46.25
            ],
            [
              85.0,
              46.25
            ],
            [
              85.0,
              45.75
            ],
            [
              84.6875,
              45.75
            ]
          ]
        ]
      },
      "properties": {
        "month": "202407",
        "value": 26.47,
        "units": "degC"
      }
    },
    {
      "type": "Feature",
      "geometry": {
        "type": "Polygon",
        "coordinates": [
          [
            [
              84.0625,
              46.25
            ],
            [
              84.0625,
              46.75
            ],
            [
              84.6875,
              46.75
            ],
            [
              84.6875,
              46.25
            ],
            [
              84.0625,
              46.25
            ]
          ]
        ]
      },
      "properties": {
        "month": "202407",
        "value": 18.65,
        "units": "degC"
      }
    },
    {
      "type": "Feature",
      "geometry": {
        "type": "Polygon",
        "coordinates": [
          [
            [
              84.6875,
              46.25
            ],
            [
              84.6875,
              46.75
            ],
            [
              85.0,
              46.75
            ],
            [
              85.0,
              46.25
            ],
            [
              84.6875,
              46.25
            ]
          ]
        ]
      },
      "properties": {
        "month": "202407",
        "value": 22.6,
        "units": "degC"
      }
    },
    {
      "type": "Feature",
      "geometry": {
        "type": "Polygon",
        "coordinates": [
          [
            [
              84.0625,
              46.75
            ],
            [
              84.0625,
              47.25
            ],
            [
              84.6875,
              47.25
            ],
            [
              84.6875,
              46.75
            ],
            [
              84.0625,
              46.75
            ]
          ]
        ]
      },
      "properties": {
        "month": "202407",
        "value": 19.96,
        "units": "degC"
      }
    },
    {
      "type": "Feature",
      "geometry": {
        "type": "Polygon",
        "coordinates": [
          [
            [
              84.6875,
              46.75
            ],
            [
              84.6875,
              47.25
            ],
            [
              85.0,
              47.25
            ],
            [
              85.0,
              46.75
            ],
            [
              84.6875,
              46.75
            ]
          ]
        ]
      },
      "properties": {
        "month": "202407",
        "value": 16.26,
        "units": "degC"
      }
    },
    {
      "type": "Feature",
      "geometry": {
        "type": "Polygon",
        "coordinates": [
          [
            [
              84.0625,
              47.25
            ],
            [
              84.0625,
              47.75
            ],
            [
              84.6875,
              47.75
            ],
            [
              84.6875,
              47.25
            ],
            [
              84.0625,
              47.25
            ]
          ]
        ]
      },
      "properties": {
        "month": "202407",
        "value": 23.34,
        "units": "degC"
      }
    },
    {
      "type": "Feature",
      "geometry": {
        "type": "Polygon",
        "coordinates": [
          [
            [
              84.6875,
              47.25
            ],
            [
              84.6875,
              47.75
            ],
            [
              85.0,
              47.75
            ],
            [
              85.0,
              47.25
            ],
            [
              84.6875,
              47.25
            ]
          ]
        ]
      },
      "properties": {
        "month": "202407",
        "value": 22.66,
        "units": "degC"
      }
    },
    {
      "type": "Feature",
      "geometry": {
        "type": "Polygon",
        "coordinates": [
          [
            [
              84.0625,
              47.75
            ],
            [
              84.0625,
              48.25
            ],
            [
              84.6875,
              48.25
            ],
            [
              84.6875,
              47.75
            ],
            [
              84.0625,
              47.75
            ]
          ]
        ]
      },
      "properties": {
        "month": "202407",
        "value": 25.41,
        "units": "degC"
      }
    },
    {
      "type": "Feature",
      "geometry": {
        "type": "Polygon",
        "coordinates": [
          [
            [
              84.6875,
              47.75
            ],
            [
              84.6875,
              48.25
            ],
            [
              85.0,
              48.25
            ],
            [
              85.0,
              47.75
            ],
            [
              84.6875,
              47.75
            ]
          ]
        ]
      },
      "properties": {
        "month": "202407",
        "value": 25.53,
        "units": "degC"
      }
    },
    {
      "type": "Feature",
      "geometry": {
        "type": "Polygon",
        "coordinates": [
          [
            [
              84.0625,
              48.25
            ],
            [
              84.0625,
              48.75
            ],
            [
              84.6875,
              48.75
            ],
            [
              84.6875,
              48.25
            ],
            [
              84.0625,
              48.25
            ]
          ]
        ]
      },
      "properties": {
        "month": "202407",
        "value": 22.95,
        "units": "degC"
      }
    },
    {
      "type": "Feature",
      "geometry": {
        "type": "Polygon",
        "coordinates": [
          [
            [
              84.6875,
              48.25
            ],
            [
              84.6875,
              48.75
            ],
            [
              85.0,
              48.75
            ],
            [
              85.0,
              48.25
            ],
            [
              84.6875,
              48.25
            ]
          ]
        ]
      },
      "properties": {
        "month": "202407",
        "value": 20.92,
        "units": "degC"
      }
    },
    {
      "type": "Feature",
      "geometry": {
        "type": "Polygon",
        "coordinates": [
          [
            [
              84.6875,
              48.75
            ],
            [
              84.0625,
              48.75
            ],
            [
              84.0625,
              49.0
            ],
            [
              84.6875,
              49.0
            ],
            [
              84.6875,
              48.75
            ]
          ]
        ]
      },
      "properties": {
        "month": "202407",
        "value": 18.82,
        "units": "degC"
      }
    },
    {
      "type": "Feature",
      "geometry": {
        "type": "Polygon",
        "coordinates": [
          [
            [
              84.6875,
              48.75
            ],
            [
              84.6875,
              49.0
            ],
            [
              85.0,
              49.0
            ],
            [
              85.0,
              48.75
            ],
            [
              84.6875,
              48.75
            ]
          ]
        ]
      },
      "properties": {
        "month": "202407",
        "value": 15.86,
        "units": "degC"
      }
    }
  ]
}