{
  "type": "FeatureCollection",
  "features": [
    {
      "type": "Feature",
      "geometry": {
        "type": "Polygon",
        "coordinates": [
          [
            [
              72.1875,
              42.25
            ],
            [
              72.1875,
              42.0
            ],
            [
              72.0,
              42.0
            ],
            [
              72.0,
              42.25
            ],
            [
              72.1875,
              42.25
            ]
          ]
        ]
      },
      "properties": {
        "month": "202411",
        "value": -4.25,
        "units": "degC"
      }
    },
    {
      "type": "Feature",
      "geometry": {
        "type": "Polygon",
        "coordinates": [
          [
            [
              72.1875,
              42.25
            ],
            [
              72.8125,
              42.25
            ],
            [
              72.8125,
              42.0
            ],
            [
              72.1875,
              42.0
            ],
            [
              72.1875,
              42.25
            ]
          ]
        ]
      },
      "properties": {
        "month": "202411",
        "value": -2.22,
        "units": "degC"
      }
    },
    {
      "type": "Feature",
      "geometry": {
        "type": "Polygon",
        "coordinates": [
          [
            [
              72.1875,
              42.75
            ],
            [
              72.1875,
              42.25
            ],
            [
              72.0,
              42.25
            ],
            [
              72.0,
              42.75
            ],
            [
              72.1875,
              42.75
            ]
          ]
        ]
      },
      "properties": {
        "month": "202411",
        "value": 1.33,
        "units": "degC"
      }
    },
    {
      "type": "Feature",
      "geometry": {
        "type": "Polygon",
        "coordinates": [
          [
            [
              72.1875,
              42.25
            ],
            [
              72.1875,
              42.75
            ],
            [
              72.8125,
              42.75
            ],
            [
              72.8125,
              42.25
            ],
            [
              72.1875,
              42.25
            ]
          ]
        ]
      },
      "properties": {
        "month": "202411",
        "value": -1.04,
        "units": "degC"
      }
    },
    {
      "type": "Feature",
      "geometry": {
        "type": "Polygon",
        "coordinates": [
          [
            [
              72.1875,
              43.25
            ],
            [
              72.1875,
              42.75
            ],
            [
              72.0,
              42.75
            ],
            [
              72.0,
              43.25
            ],
            [
              72.1875,
              43.25
            ]
          ]
        ]
      },
      "properties": {
        "month": "202411",
        "value": 4.33,
        "units": "degC"
      }
    },
    {
      "type": "Feature",
      "geometry": {
        "type": "Polygon",
        "coordinates": [
          [
            [
              72.1875,
              42.75
            ],
            [
              72.1875,
              43.25
            ],
            [
              72.8125,
              43.25
            ],
            [
              72.8125,
              42.75
            ],
            [
              72.1875,
              42.75
            ]
          ]
        ]
      },
      "properties": {
        "month": "202411",
        "value": 3.59,
        "units": "degC"
      }
    },
    {
      "type": "Feature",
      "geometry": {
        "type": "Polygon",
        "coordinates": [
          [
            [
              72.1875,
              43.75
            ],
            [
              72.1875,
              43.25
            ],
            [
              72.0,
              43.25
            ],
            [
              72.0,
              43.75
            ],
            [
              72.1875,
              43.75
            ]
          ]
        ]
      },
      "properties": {
        "month": "202411",
        "value": 4.61,
        "units": "degC"
      }
    },
    {
      "type": "Feature",
      "geometry": {
        "type": "Polygon",
        "coordinates": [
          [
            [
              72.1875,
              43.25
            ],
            [
              72.1875,
              43.75
            ],
            [
              72.8125,
              43.75
            ],
            [
              72.8125,
              43.25
            ],
            [
              72.1875,
              43.25
            ]
          ]
        ]
      },
      "properties": {
        "month": "202411",
        "value": 4.41,
        "units": "degC"
      }
    },
    {
      "type": "Feature",
      "geometry": {
        "type": "Polygon",
        "coordinates": [
          [
            [
              72.1875,
              44.25
            ],
            [
              72.1875,
              43.75
            ],
            [
              72.0,
              43.75
            ],
            [
              72.0,
              44.25
            ],
            [
              72.1875,
              44.25
            ]
          ]
        ]
      },
      "properties": {
        "month": "202411",
        "value": 3.24,
        "units": "degC"
      }
    },
    {
      "type": "Feature",
      "geometry": {
        "type": "Polygon",
        "coordinates": [
          [
            [
              72.1875,
              43.75
            ],
            [
              72.1875,
              44.25
            ],
            [
              72.8125,
              44.25
            ],
            [
              72.8125,
              43.75
            ],
            [
              72.1875,
              43.75
            ]
          ]
        ]
      },
      "properties": {
        "month": "202411",
        "value": 3.34,
        "units": "degC"
      }
    },
    {
      "type": "Feature",
      "geometry": {
        "type": "Polygon",
        "coordinates": [
          [
            [
              72.1875,
              44.75
            ],
            [
              72.1875,
              44.25
            ],
            [
              72.0,
              44.25
            ],
            [
              72.0,
              44.75
            ],
            [
              72.1875,
              44.75
            ]
          ]
        ]
      },
      "properties": {
        "month": "202411",
        "value": 2.11,
        "units": "degC"
      }
    },
    {
      "type": "Feature",
      "geometry": {
        "type": "Polygon",
        "coordinates": [
          [
            [
              72.1875,
              44.25
            ],
            [
              72.1875,
              44.75
            ],
            [
              72.8125,
              44.75
            ],
            [
              72.8125,
              44.25
            ],
            [
              72.1875,
              44.25
            ]
          ]
        ]
      },
      "properties": {
        "month": "202411",
        "value": 2.28,
        "units": "degC"
      }
    },
    {
      "type": "Feature",
      "geometry": {
        "type": "Polygon",
        "coordinates": [
          [
            [
              72.1875,
              45.25
            ],
            [
              72.1875,
              44.75
            ],
            [
              72.0,
              44.75
            ],
            [
              72.0,
              45.25
            ],
            [
              72.1875,
              45.25
            ]
          ]
        ]
      },
      "properties": {
        "month": "202411",
        "value": 1.35,
        "units": "degC"
      }
    },
    {
      "type": "Feature",
      "geometry": {
        "type": "Polygon",
        "coordinates": [
          [
            [
              72.1875,
              44.75
            ],
            [
              72.1875,
              45.25
            ],
            [
              72.8125,
              45.25
            ],
            [
              72.8125,
              44.75
            ],
            [
              72.1875,
              44.75
            ]
          ]
        ]
      },
      "properties": {
        "month": "202411",
        "value": 1.38,
        "units": "degC"
      }
    },
    {
      "type": "Feature",
      "geometry": {
        "type": "Polygon",
        "coordinates": [
          [
            [
              72.1875,
              45.75
            ],
            [
              72.1875,
              45.25
            ],
            [
              72.0,
              45.25
            ],
            [
              72.0,
              45.75
            ],
            [
              72.1875,
              45.75
            ]
          ]
        ]
      },
      "properties": {
        "month": "202411",
        "value": 0.34,
        "units": "degC"
      }
    },
    {
      "type": "Feature",
      "geometry": {
        "type": "Polygon",
        "coordinates": [
          [
            [
              72.1875,
              45.25
            ],
            [
              72.1875,
              45.75
            ],
            [
              72.8125,
              45.75
            ],
            [
              72.8125,
              45.25
            ],
            [
              72.1875,
              45.25
            ]
          ]
        ]
      },
      "properties": {
        "month": "202411",
        "value": -0.14,
        "units": "degC"
      }
    },
    {
      "type": "Feature",
      "geometry": {
        "type": "Polygon",
        "coordinates": [
          [
            [
              72.1875,
              46.25
            ],
            [
              72.1875,
              45.75
            ],
            [
              72.0,
              45.75
            ],
            [
              72.0,
              46.25
            ],
            [
              72.1875,
              46.25
            ]
          ]
        ]
      },
      "properties": {
        "month": "202411",
        "value": -0.51,
        "units": "degC"
      }
    },
    {
      "type": "Feature",
      "geometry": {
        "type": "Polygon",
        "coordinates": [
          [
            [
              72.1875,
              45.75
            ],
            [
              72.1875,
              46.25
            ],
            [
              72.8125,
              46.25
            ],
            [
              72.8125,
              45.75
            ],
            [
              72.1875,
              45.75
            ]
          ]
        ]
      },
      "properties": {
        "month": "202411",
        "value": -0.87,
        "units": "degC"
      }
    },
    {
      "type": "Feature",
      "geometry": {
        "type": "Polygon",
        "coordinates": [
          [
            [
              72.1875,
              46.75
            ],
            [
              72.1875,
              46.25
            ],
            [
              72.0,
              46.25
            ],
            [
              72.0,
              46.75
            ],
            [
              72.1875,
              46.75
            ]
          ]
        ]
      },
      "properties": {
        "month": "202411",
        "value": -1.29,
        "units": "degC"
      }
    },
    {
      "type": "Feature",
      "geometry": {
        "type": "Polygon",
        "coordinates": [
          [
            [
              72.1875,
              46.25
            ],
            [
              72.1875,
              46.75
            ],
            [
              72.8125,
              46.75
            ],
            [
              72.8125,
              46.25
            ],
            [
              72.1875,
              46.25
            ]
          ]
        ]
      },
      "properties": {
        "month": "202411",
        "value": -1.41,
        "units": "degC"
      }
    },
    {
      "type": "Feature",
      "geometry": {
        "type": "Polygon",
        "coordinates": [
          [
            [
              72.1875,
              47.25
            ],
            [
              72.1875,
              46.75
            ],
            [
              72.0,
              46.75
            ],
            [
              72.0,
              47.25
            ],
            [
              72.1875,
              47.25
            ]
          ]
        ]
      },
      "properties": {
        "month": "202411",
        "value": -1.9,
        "units": "degC"
      }
    },
    {
      "type": "Feature",
      "geometry": {
        "type": "Polygon",
        "coordinates": [
          [
            [
              72.1875,
              46.75
            ],
            [
              72.1875,
              47.25
            ],
            [
              72.8125,
              47.25
            ],
            [
              72.8125,
              46.75
            ],
            [
              72.1875,
              46.75
            ]
          ]
        ]
      },
      "properties": {
        "month": "202411",
        "value": -2.32,
        "units": "degC"
      }
    },
    {
      "type": "Feature",
      "geometry": {
        "type": "Polygon",
        "coordinates": [
          [
            [
              72.1875,
              47.75
            ],
            [
              72.1875,
              47.25
            ],
            [
              72.0,
              47.25
            ],
            [
              72.0,
              47.75
            ],
            [
              72.1875,
              47.75
            ]
          ]
        ]
      },
      "properties": {
        "month": "202411",
        "value": -3.45,
        "units": "degC"
      }
    },
    {
      "type": "Feature",
      "geometry": {
        "type": "Polygon",
        "coordinates": [
          [
            [
              72.1875,
              47.25
            ],
            [
              72.1875,
              47.75
            ],
            [
              72.8125,
              47.75
            ],
            [
              72.8125,
              47.25
            ],
            [
              72.1875,
              47.25
            ]
          ]
        ]
      },
      "properties": {
        "month": "202411",
        "value": -3.69,
        "units": "degC"
      }
    },
    {
      "type": "Feature",
      "geometry": {
        "type": "Polygon",
        "coordinates": [
          [
            [
              72.1875,
              48.25
            ],
            [
              72.1875,
              47.75
            ],
            [
              72.0,
              47.75
            ],
            [
              72.0,
              48.25
            ],
            [
              72.1875,
              48.25
            ]
          ]
        ]
      },
      "properties": {
        "month": "202411",
        "value": -3.96,
        "units": "degC"
      }
    },
    {
      "type": "Feature",
      "geometry": {
        "type": "Polygon",
        "coordinates": [
          [
            [
              72.1875,
              47.75
            ],
            [
              72.1875,
              48.25
            ],
            [
              72.8125,
              48.25
            ],
            [
              72.8125,
              47.75
            ],
            [
              72.1875,
              47.75
            ]
          ]
        ]
      },
      "properties": {
        "month": "202411",
        "value": -4.54,
        "units": "degC"
      }
    },
    {
      "type": "Feature",
      "geometry": {
        "type": "Polygon",
        "coordinates": [
          [
            [
              72.1875,
              48.75
            ],
            [
              72.1875,
              48.25
            ],
            [
              72.0,
              48.25
            ],
            [
              72.0,
              48.75
            ],
            [
              72.1875,
              48.75
            ]
          ]
        ]
      },
      "properties": {
        "month": "202411",
        "value": -4.19,
        "units": "degC"
      }
    },
    {
      "type": "Feature",
      "geometry": {
        "type": "Polygon",
        "coordinates": [
          [
            [
              72.1875,
              48.25
            ],
            [
              72.1875,
              48.75
            ],
            [
              72.8125,
              48.75
            ],
            [
              72.8125,
              48.25
            ],
            [
              72.1875,
              48.25
            ]
          ]
        ]
      },
      "properties": {
        "month": "202411",
        "value": -4.51,
        "units": "degC"
      }
    },
    {
      "type": "Feature",
      "geometry": {
        "type": "Polygon",
        "coordinates": [
          [
            [
              72.1875,
              48.75
            ],
            [
              72.0,
              48.75
            ],
            [
              72.0,
              49.0
            ],
            [
              72.1875,
              49.0
            ],
            [
              72.1875,
              48.75
            ]
          ]
        ]
      },
      "properties": {
        "month": "202411",
        "value": -4.8,
        "units": "degC"
      }
    },
    {
      "type": "Feature",
      "geometry": {
        "type": "Polygon",
        "coordinates": [
          [
            [
              72.8125,
              48.75
            ],
            [
              72.1875,
              48.75
            ],
            [
              72.1875,
              49.0
            ],
            [
              72.8125,
              49.0
            ],
            [
              72.8125,
              48.75
            ]
          ]
        ]
      },
      "properties": {
        "month": "202411",
        "value": -5.13,
        "units": "degC"
      }
    },
    {
      "type": "Feature",
      "geometry": {
        "type": "Polygon",
        "coordinates": [
          [
            [
              72.8125,
              42.25
            ],
            [
              73.4375,
              42.25
            ],
            [
              73.4375,
              42.0
            ],
            [
              72.8125,
              42.0
            ],
            [
              72.8125,
              42.25
            ]
          ]
        ]
      },
      "properties": {
        "month": "202411",
        "value": -2.78,
        "units": "degC"
      }
    },
    {
      "type": "Feature",
      "geometry": {
        "type": "Polygon",
        "coordinates": [
          [
            [
              73.4375,
              42.25
            ],
            [
              74.0625,
              42.25
            ],
            [
              74.0625,
              42.0
            ],
            [
              73.4375,
              42.0
            ],
            [
              73.4375,
              42.25
            ]
          ]
        ]
      },
      "properties": {
        "month": "202411",
        "value": -5.16,
        "units": "degC"
      }
    },
    {
      "type": "Feature",
      "geometry": {
        "type": "Polygon",
        "coordinates": [
          [
            [
              74.0625,
              42.25
            ],
            [
              74.6875,
              42.25
            ],
            [
              74.6875,
              42.0
            ],
            [
              74.0625,
              42.0
            ],
            [
              74.0625,
              42.25
            ]
          ]
        ]
      },
      "properties": {
        "month": "202411",
        "value": -5.34,
        "units": "degC"
      }
    },
    {
      "type": "Feature",
      "geometry": {
        "type": "Polygon",
        "coordinates": [
          [
            [
              74.6875,
              42.25
            ],
            [
              75.3125,
              42.25
            ],
            [
              75.3125,
              42.0
            ],
            [
              74.6875,
              42.0
            ],
            [
              74.6875,
              42.25
            ]
          ]
        ]
      },
      "properties": {
        "month": "202411",
        "value": -5.98,
        "units": "degC"
      }
    },
    {
      "type": "Feature",
      "geometry": {
        "type": "Polygon",
        "coordinates": [
          [
            [
              75.3125,
              42.25
            ],
            [
              75.9375,
              42.25
            ],
            [
              75.9375,
              42.0
            ],
            [
              75.3125,
              42.0
            ],
            [
              75.3125,
              42.25
            ]
          ]
        ]
      },
      "properties": {
        "month": "202411",
        "value": -5.21,
        "units": "degC"
      }
    },
    {
      "type": "Feature",
      "geometry": {
        "type": "Polygon",
        "coordinates": [
          [
            [
              72.8125,
              42.25
            ],
            [
              72.8125,
              42.75
            ],
            [
              73.4375,
              42.75
            ],
            [
              73.4375,
              42.25
            ],
            [
              72.8125,
              42.25
            ]
          ]
        ]
      },
      "properties": {
        "month": "202411",
        "value": -4.15,
        "units": "degC"
      }
    },
    {
      "type": "Feature",
      "geometry": {
        "type": "Polygon",
        "coordinates": [
          [
            [
              73.4375,
              42.25
            ],
            [
              73.4375,
              42.75
            ],
            [
              74.0625,
              42.75
            ],
            [
              74.0625,
              42.25
            ],
            [
              73.4375,
              42.25
            ]
          ]
        ]
      },
      "properties": {
        "month": "202411",
        "value": -5.74,
        "units": "degC"
      }
    },
    {
      "type": "Feature",
      "geometry": {
        "type": "Polygon",
        "coordinates": [
          [
            [
              74.0625,
              42.25
            ],
            [
              74.0625,
              42.75
            ],
            [
              74.6875,
              42.75
            ],
            [
              74.6875,
              42.25
            ],
            [
              74.0625,
              42.25
            ]
          ]
        ]
      },
      "properties": {
        "month": "202411",
        "value": -4.61,
        "units": "degC"
      }
    },
    {
      "type": "Feature",
      "geometry": {
        "type": "Polygon",
        "coordinates": [
          [
            [
              74.6875,
              42.25
            ],
            [
              74.6875,
              42.75
            ],
            [
              75.3125,
              42.75
            ],
            [
              75.3125,
              42.25
            ],
            [
              74.6875,
              42.25
            ]
          ]
        ]
      },
      "properties": {
        "month": "202411",
        "value": -3.47,
        "units": "degC"
      }
    },
    {
      "type": "Feature",
      "geometry": {
        "type": "Polygon",
        "coordinates": [
          [
            [
              75.3125,
              42.25
            ],
            [
              75.3125,
              42.75
            ],
            [
              75.9375,
              42.75
            ],
            [
              75.9375,
              42.25
            ],
            [
              75.3125,
              42.25
            ]
          ]
        ]
      },
      "properties": {
        "month": "202411",
        "value": -1.35,
        "units": "degC"
      }
    },
    {
      "type": "Feature",
      "geometry": {
        "type": "Polygon",
        "coordinates": [
          [
            [
              72.8125,
              42.75
            ],
            [
              72.8125,
              43.25
            ],
            [
              73.4375,
              43.25
            ],
            [
              73.4375,
              42.75
            ],
            [
              72.8125,
              42.75
            ]
          ]
        ]
      },
      "properties": {
        "month": "202411",
        "value": 5.67,
        "units": "degC"
      }
    },
    {
      "type": "Feature",
      "geometry": {
        "type": "Polygon",
        "coordinates": [
          [
            [
              73.4375,
              42.75
            ],
            [
              73.4375,
              43.25
            ],
            [
              74.0625,
              43.25
            ],
            [
              74.0625,
              42.75
            ],
            [
              73.4375,
              42.75
            ]
          ]
        ]
      },
      "properties": {
        "month": "202411",
        "value": 7.3,
        "units": "degC"
      }
    },
    {
      "type": "Feature",
      "geometry": {
        "type": "Polygon",
        "coordinates": [
          [
            [
              74.0625,
              42.75
            ],
            [
              74.0625,
              43.25
            ],
            [
              74.6875,
              43.25
            ],
            [
              74.6875,
              42.75
            ],
            [
              74.0625,
              42.75
            ]
          ]
        ]
      },
      "properties": {
        "month": "202411",
        "value": 7.48,
        "units": "degC"
      }
    },
    {
      "type": "Feature",
      "geometry": {
        "type": "Polygon",
        "coordinates": [
          [
            [
              74.6875,
              42.75
            ],
            [
              74.6875,
              43.25
            ],
            [
              75.3125,
              43.25
            ],
            [
              75.3125,
              42.75
            ],
            [
              74.6875,
              42.75
            ]
          ]
        ]
      },
      "properties": {
        "month": "202411",
        "value": 5.72,
        "units": "degC"
      }
    },
    {
      "type": "Feature",
      "geometry": {
        "type": "Polygon",
        "coordinates": [
          [
            [
              75.3125,
              42.75
            ],
            [
              75.3125,
              43.25
            ],
            [
              75.9375,
              43.25
            ],
            [
              75.9375,
              42.75
            ],
            [
              75.3125,
              42.75
            ]
          ]
        ]
      },
      "properties": {
        "month": "202411",
        "value": 1.96,
        "units": "degC"
      }
    },
    {
      "type": "Feature",
      "geometry": {
        "type": "Polygon",
        "coordinates": [
          [
            [
              72.8125,
              43.25
            ],
            [
              72.8125,
              43.75
            ],
            [
              73.4375,
              43.75
            ],
            [
              73.4375,
              43.25
            ],
            [
              72.8125,
              43.25
            ]
          ]
        ]
      },
      "properties": {
        "month": "202411",
        "value": 4.17,
        "units": "degC"
      }
    },
    {
      "type": "Feature",
      "geometry": {
        "type": "Polygon",
        "coordinates": [
          [
            [
              73.4375,
              43.25
            ],
            [
              73.4375,
              43.75
            ],
            [
              74.0625,
              43.75
            ],
            [
              74.0625,
              43.25
            ],
            [
              73.4375,
              43.25
            ]
          ]
        ]
      },
      "properties": {
        "month": "202411",
        "value": 4.61,
        "units": "degC"
      }
    },
    {
      "type": "Feature",
      "geometry": {
        "type": "Polygon",
        "coordinates": [
          [
            [
              74.0625,
              43.25
            ],
            [
              74.0625,
              43.75
            ],
            [
              74.6875,
              43.75
            ],
            [
              74.6875,
              43.25
            ],
            [
              74.0625,
              43.25
            ]
          ]
        ]
      },
      "properties": {
        "month": "202411",
        "value": 3.82,
        "units": "degC"
      }
    },
    {
      "type": "Feature",
      "geometry": {
        "type": "Polygon",
        "coordinates": [
          [
            [
              74.6875,
              43.25
            ],
            [
              74.6875,
              43.75
            ],
            [
              75.3125,
              43.75
            ],
            [
              75.3125,
              43.25
            ],
            [
              74.6875,
              43.25
            ]
          ]
        ]
      },
      "properties": {
        "month": "202411",
        "value": 2.78,
        "units": "degC"
      }
    },
    {
      "type": "Feature",
      "geometry": {
        "type": "Polygon",
        "coordinates": [
          [
            [
              75.3125,
              43.25
            ],
            [
              75.3125,
              43.75
            ],
            [
              75.9375,
              43.75
            ],
            [
              75.9375,
              43.25
            ],
            [
              75.3125,
              43.25
            ]
          ]
        ]
      },
      "properties": {
        "month": "202411",
        "value": 4.34,
        "units": "degC"
      }
    },
    {
      "type": "Feature",
      "geometry": {
        "type": "Polygon",
        "coordinates": [
          [
            [
              72.8125,
              43.75
            ],
            [
              72.8125,
              44.25
            ],
            [
              73.4375,
              44.25
            ],
            [
              73.4375,
              43.75
            ],
            [
              72.8125,
              43.75
            ]
          ]
        ]
      },
      "properties": {
        "month": "202411",
        "value": 3.6,
        "units": "degC"
      }
    },
    {
      "type": "Feature",
      "geometry": {
        "type": "Polygon",
        "coordinates": [
          [
            [
              73.4375,
              43.75
            ],
            [
              73.4375,
              44.25
            ],
            [
              74.0625,
              44.25
            ],
            [
              74.0625,
              43.75
            ],
            [
              73.4375,
              43.75
            ]
          ]
        ]
      },
      "properties": {
        "month": "202411",
        "value": 3.87,
        "units": "degC"
      }
    },
    {
      "type": "Feature",
      "geometry": {
        "type": "Polygon",
        "coordinates": [
          [
            [
              74.0625,
              43.75
            ],
            [
              74.0625,
              44.25
            ],
            [
              74.6875,
              44.25
            ],
            [
              74.6875,
              43.75
            ],
            [
              74.0625,
              43.75
            ]
          ]
        ]
      },
      "properties": {
        "month": "202411",
        "value": 2.87,
        "units": "degC"
      }
    },
    {
      "type": "Feature",
      "geometry": {
        "type": "Polygon",
        "coordinates": [
          [
            [
              74.6875,
              43.75
            ],
            [
              74.6875,
              44.25
            ],
            [
              75.3125,
              44.25
            ],
            [
              75.3125,
              43.75
            ],
            [
              74.6875,
              43.75
            ]
          ]
        ]
      },
      "properties": {
        "month": "202411",
        "value": 2.4,
        "units": "degC"
      }
    },
    {
      "type": "Feature",
      "geometry": {
        "type": "Polygon",
        "coordinates": [
          [
            [
              75.3125,
              43.75
            ],
            [
              75.3125,
              44.25
            ],
            [
              75.9375,
              44.25
            ],
            [
              75.9375,
              43.75
            ],
            [
              75.3125,
              43.75
            ]
          ]
        ]
      },
      "properties": {
        "month": "202411",
        "value": 2.58,
        "units": "degC"
      }
    },
    {
      "type": "Feature",
      "geometry": {
        "type": "Polygon",
        "coordinates": [
          [
            [
              72.8125,
              44.25
            ],
            [
              72.8125,
              44.75
            ],
            [
              73.4375,
              44.75
            ],
            [
              73.4375,
              44.25
            ],
            [
              72.8125,
              44.25
            ]
          ]
        ]
      },
      "properties": {
        "month": "202411",
        "value": 2.22,
        "units": "degC"
      }
    },
    {
      "type": "Feature",
      "geometry": {
        "type": "Polygon",
        "coordinates": [
          [
            [
              73.4375,
              44.25
            ],
            [
              73.4375,
              44.75
            ],
            [
              74.0625,
              44.75
            ],
            [
              74.0625,
              44.25
            ],
            [
              73.4375,
              44.25
            ]
          ]
        ]
      },
      "properties": {
        "month": "202411",
        "value": 2.01,
        "units": "degC"
      }
    },
    {
      "type": "Feature",
      "geometry": {
        "type": "Polygon",
        "coordinates": [
          [
            [
              74.0625,
              44.25
            ],
            [
              74.0625,
              44.75
            ],
            [
              74.6875,
              44.75
            ],
            [
              74.6875,
              44.25
            ],
            [
              74.0625,
              44.25
            ]
          ]
        ]
      },
      "properties": {
        "month": "202411",
        "value": 2.1,
        "units": "degC"
      }
    },
    {
      "type": "Feature",
      "geometry": {
        "type": "Polygon",
        "coordinates": [
          [
            [
              74.6875,
              44.25
            ],
            [
              74.6875,
              44.75
            ],
            [
              75.3125,
              44.75
            ],
            [
              75.3125,
              44.25
            ],
            [
              74.6875,
              44.25
            ]
          ]
        ]
      },
      "properties": {
        "month": "202411",
        "value": 2.69,
        "units": "degC"
      }
    },
    {
      "type": "Feature",
      "geometry": {
        "type": "Polygon",
        "coordinates": [
          [
            [
              75.3125,
              44.25
            ],
            [
              75.3125,
              44.75
            ],
            [
              75.9375,
              44.75
            ],
            [
              75.9375,
              44.25
            ],
            [
              75.3125,
              44.25
            ]
          ]
        ]
      },
      "properties": {
        "month": "202411",
        "value": 2.98,
        "units": "degC"
      }
    },
    {
      "type": "Feature",
      "geometry": {
        "type": "Polygon",
        "coordinates": [
          [
            [
              72.8125,
              44.75
            ],
            [
              72.8125,
              45.25
            ],
            [
              73.4375,
              45.25
            ],
            [
              73.4375,
              44.75
            ],
            [
              72.8125,
              44.75
            ]
          ]
        ]
      },
      "properties": {
        "month": "202411",
        "value": 0.59,
        "units": "degC"
      }
    },
    {
      "type": "Feature",
      "geometry": {
        "type": "Polygon",
        "coordinates": [
          [
            [
              73.4375,
              44.75
            ],
            [
              73.4375,
              45.25
            ],
            [
              74.0625,
              45.25
            ],
            [
              74.0625,
              44.75
            ],
            [
              73.4375,
              44.75
            ]
          ]
        ]
      },
      "properties": {
        "month": "202411",
        "value": 0.73,
        "units": "degC"
      }
    },
    {
      "type": "Feature",
      "geometry": {
        "type": "Polygon",
        "coordinates": [
          [
            [
              74.0625,
              44.75
            ],
            [
              74.0625,
              45.25
            ],
            [
              74.6875,
              45.25
            ],
            [
              74.6875,
              44.75
            ],
            [
              74.0625,
              44.75
            ]
          ]
        ]
      },
      "properties": {
        "month": "202411",
        "value": 1.5,
        "units": "degC"
      }
    },
    {
      "type": "Feature",
      "geometry": {
        "type": "Polygon",
        "coordinates": [
          [
            [
              74.6875,
              44.75
            ],
            [
              74.6875,
              45.25
            ],
            [
              75.3125,
              45.25
            ],
            [
              75.3125,
              44.75
            ],
            [
              74.6875,
              44.75
            ]
          ]
        ]
      },
      "properties": {
        "month": "202411",
        "value": 1.91,
        "units": "degC"
      }
    },
    {
      "type": "Feature",
      "geometry": {
        "type": "Polygon",
        "coordinates": [
          [
            [
              75.3125,
              44.75
            ],
            [
              75.3125,
              45.25
            ],
            [
              75.9375,
              45.25
            ],
            [
              75.9375,
              44.75
            ],
            [
              75.3125,
              44.75
            ]
          ]
        ]
      },
      "properties": {
        "month": "202411",
        "value": 2.06,
        "units": "degC"
      }
    },
    {
      "type": "Feature",
      "geometry": {
        "type": "Polygon",
        "coordinates": [
          [
            [
              72.8125,
              45.25
            ],
            [
              72.8125,
              45.75
            ],
            [
              73.4375,
              45.75
            ],
            [
              73.4375,
              45.25
            ],
            [
              72.8125,
              45.25
            ]
          ]
        ]
      },
      "properties": {
        "month": "202411",
        "value": -0.47,
        "units": "degC"
      }
    },
    {
      "type": "Feature",
      "geometry": {
        "type": "Polygon",
        "coordinates": [
          [
            [
              73.4375,
              45.25
            ],
            [
              73.4375,
              45.75
            ],
            [
              74.0625,
              45.75
            ],
            [
              74.0625,
              45.25
            ],
            [
              73.4375,
              45.25
            ]
          ]
        ]
      },
      "properties": {
        "month": "202411",
        "value": -0.26,
        "units": "degC"
      }
    },
    {
      "type": "Feature",
      "geometry": {
        "type": "Polygon",
        "coordinates": [
          [
            [
              74.0625,
              45.25
            ],
            [
              74.0625,
              45.75
            ],
            [
              74.6875,
              45.75
            ],
            [
              74.6875,
              45.25
            ],
            [
              74.0625,
              45.25
            ]
          ]
        ]
      },
      "properties": {
        "month": "202411",
        "value": 0.39,
        "units": "degC"
      }
    },
    {
      "type": "Feature",
      "geometry": {
        "type": "Polygon",
        "coordinates": [
          [
            [
              74.6875,
              45.25
            ],
            [
              74.6875,
              45.75
            ],
            [
              75.3125,
              45.75
            ],
            [
              75.3125,
              45.25
            ],
            [
              74.6875,
              45.25
            ]
          ]
        ]
      },
      "properties": {
        "month": "202411",
        "value": 0.84,
        "units": "degC"
      }
    },
    {
      "type": "Feature",
      "geometry": {
        "type": "Polygon",
        "coordinates": [
          [
            [
              75.3125,
              45.25
            ],
            [
              75.3125,
              45.75
            ],
            [
              75.9375,
              45.75
            ],
            [
              75.9375,
              45.25
            ],
            [
              75.3125,
              45.25
            ]
          ]
        ]
      },
      "properties": {
        "month": "202411",
        "value": 0.96,
        "units": "degC"
      }
    },
    {
      "type": "Feature",
      "geometry": {
        "type": "Polygon",
        "coordinates": [
          [
            [
              72.8125,
              45.75
            ],
            [
              72.8125,
              46.25
            ],
            [
              73.4375,
              46.25
            ],
            [
              73.4375,
              45.75
            ],
            [
              72.8125,
              45.75
            ]
          ]
        ]
      },
      "properties": {
        "month": "202411",
        "value": -0.87,
        "units": "degC"
      }
    },
    {
      "type": "Feature",
      "geometry": {
        "type": "Polygon",
        "coordinates": [
          [
            [
              73.4375,
              45.75
            ],
            [
              73.4375,
              46.25
            ],
            [
              74.0625,
              46.25
            ],
            [
              74.0625,
              45.75
            ],
            [
              73.4375,
              45.75
            ]
          ]
        ]
      },
      "properties": {
        "month": "202411",
        "value": -1.06,
        "units": "degC"
      }
    },
    {
      "type": "Feature",
      "geometry": {
        "type": "Polygon",
        "coordinates": [
          [
            [
              74.0625,
              45.75
            ],
            [
              74.0625,
              46.25
            ],
            [
              74.6875,
              46.25
            ],
            [
              74.6875,
              45.75
            ],
            [
              74.0625,
              45.75
            ]
          ]
        ]
      },
      "properties": {
        "month": "202411",
        "value": -0.61,
        "units": "degC"
      }
    },
    {
      "type": "Feature",
      "geometry": {
        "type": "Polygon",
        "coordinates": [
          [
            [
              74.6875,
              45.75
            ],
            [
              74.6875,
              46.25
            ],
            [
              75.3125,
              46.25
            ],
            [
              75.3125,
              45.75
            ],
            [
              74.6875,
              45.75
            ]
          ]
        ]
      },
      "properties": {
        "month": "202411",
        "value": 0.11,
        "units": "degC"
      }
    },
    {
      "type": "Feature",
      "geometry": {
        "type": "Polygon",
        "coordinates": [
          [
            [
              75.3125,
              45.75
            ],
            [
              75.3125,
              46.25
            ],
            [
              75.9375,
              46.25
            ],
            [
              75.9375,
              45.75
            ],
            [
              75.3125,
              45.75
            ]
          ]
        ]
      },
      "properties": {
        "month": "202411",
        "value": 0.22,
        "units": "degC"
      }
    },
    {
      "type": "Feature",
      "geometry": {
        "type": "Polygon",
        "coordinates": [
          [
            [
              72.8125,
              46.25
            ],
            [
              72.8125,
              46.75
            ],
            [
              73.4375,
              46.75
            ],
            [
              73.4375,
              46.25
            ],
            [
              72.8125,
              46.25
            ]
          ]
        ]
      },
      "properties": {
        "month": "202411",
        "value": -1.06,
        "units": "degC"
      }
    },
    {
      "type": "Feature",
      "geometry": {
        "type": "Polygon",
        "coordinates": [
          [
            [
              73.4375,
              46.25
            ],
            [
              73.4375,
              46.75
            ],
            [
              74.0625,
              46.75
            ],
            [
              74.0625,
              46.25
            ],
            [
              73.4375,
              46.25
            ]
          ]
        ]
      },
      "properties": {
        "month": "202411",
        "value": -1.02,
        "units": "degC"
      }
    },
    {
      "type": "Feature",
      "geometry": {
        "type": "Polygon",
        "coordinates": [
          [
            [
              74.0625,
              46.25
            ],
            [
              74.0625,
              46.75
            ],
            [
              74.6875,
              46.75
            ],
            [
              74.6875,
              46.25
            ],
            [
              74.0625,
              46.25
            ]
          ]
        ]
      },
      "properties": {
        "month": "202411",
        "value": -1.24,
        "units": "degC"
      }
    },
    {
      "type": "Feature",
      "geometry": {
        "type": "Polygon",
        "coordinates": [
          [
            [
              74.6875,
              46.25
            ],
            [
              74.6875,
              46.75
            ],
            [
              75.3125,
              46.75
            ],
            [
              75.3125,
              46.25
            ],
            [
              74.6875,
              46.25
            ]
          ]
        ]
      },
      "properties": {
        "month": "202411",
        "value": -0.77,
        "units": "degC"
      }
    },
    {
      "type": "Feature",
      "geometry": {
        "type": "Polygon",
        "coordinates": [
          [
            [
              75.3125,
              46.25
            ],
            [
              75.3125,
              46.75
            ],
            [
              75.9375,
              46.75
            ],
            [
              75.9375,
              46.25
            ],
            [
              75.3125,
              46.25
            ]
          ]
        ]
      },
      "properties": {
        "month": "202411",
        "value": -0.27,
        "units": "degC"
      }
    },
    {
      "type": "Feature",
      "geometry": {
        "type": "Polygon",
        "coordinates": [
          [
            [
              72.8125,
              46.75
            ],
            [
              72.8125,
              47.25
            ],
            [
              73.4375,
              47.25
            ],
            [
              73.4375,
              46.75
            ],
            [
              72.8125,
              46.75
            ]
          ]
        ]
      },
      "properties": {
        "month": "202411",
        "value": -2.14,
        "units": "degC"
      }
    },
    {
      "type": "Feature",
      "geometry": {
        "type": "Polygon",
        "coordinates": [
          [
            [
              73.4375,
              46.75
            ],
            [
              73.4375,
              47.25
            ],
            [
              74.0625,
              47.25
            ],
            [
              74.0625,
              46.75
            ],
            [
              73.4375,
              46.75
            ]
          ]
        ]
      },
      "properties": {
        "month": "202411",
        "value": -1.58,
        "units": "degC"
      }
    },
    {
      "type": "Feature",
      "geometry": {
        "type": "Polygon",
        "coordinates": [
          [
            [
              74.0625,
              46.75
            ],
            [
              74.0625,
              47.25
            ],
            [
              74.6875,
              47.25
            ],
            [
              74.6875,
              46.75
            ],
            [
              74.0625,
              46.75
            ]
          ]
        ]
      },
      "properties": {
        "month": "202411",
        "value": -1.08,
        "units": "degC"
      }
    },
    {
      "type": "Feature",
      "geometry": {
        "type": "Polygon",
        "coordinates": [
          [
            [
              74.6875,
              46.75
            ],
            [
              74.6875,
              47.25
            ],
            [
              75.3125,
              47.25
            ],
            [
              75.3125,
              46.75
            ],
            [
              74.6875,
              46.75
            ]
          ]
        ]
      },
      "properties": {
        "month": "202411",
        "value": -1.08,
        "units": "degC"
      }
    },
    {
      "type": "Feature",
      "geometry": {
        "type": "Polygon",
        "coordinates": [
          [
            [
              75.3125,
              46.75
            ],
            [
              75.3125,
              47.25
            ],
            [
              75.9375,
              47.25
            ],
            [
              75.9375,
              46.75
            ],
            [
              75.3125,
              46.75
            ]
          ]
        ]
      },
      "properties": {
        "month": "202411",
        "value": -0.75,
        "units": "degC"
      }
    },
    {
      "type": "Feature",
      "geometry": {
        "type": "Polygon",
        "coordinates": [
          [
            [
              72.8125,
              47.25
            ],
            [
              72.8125,
              47.75
            ],
            [
              73.4375,
              47.75
            ],
            [
              73.4375,
              47.25
            ],
            [
              72.8125,
              47.25
            ]
          ]
        ]
      },
      "properties": {
        "month": "202411",
        "value": -3.63,
        "units": "degC"
      }
    },
    {
      "type": "Feature",
      "geometry": {
        "type": "Polygon",
        "coordinates": [
          [
            [
              73.4375,
              47.25
            ],
            [
              73.4375,
              47.75
            ],
            [
              74.0625,
              47.75
            ],
            [
              74.0625,
              47.25
            ],
            [
              73.4375,
              47.25
            ]
          ]
        ]
      },
      "properties": {
        "month": "202411",
        "value": -3.03,
        "units": "degC"
      }
    },
    {
      "type": "Feature",
      "geometry": {
        "type": "Polygon",
        "coordinates": [
          [
            [
              74.0625,
              47.25
            ],
            [
              74.0625,
              47.75
            ],
            [
              74.6875,
              47.75
            ],
            [
              74.6875,
              47.25
            ],
            [
              74.0625,
              47.25
            ]
          ]
        ]
      },
      "properties": {
        "month": "202411",
        "value": -2.28,
        "units": "degC"
      }
    },
    {
      "type": "Feature",
      "geometry": {
        "type": "Polygon",
        "coordinates": [
          [
            [
              74.6875,
              47.25
            ],
            [
              74.6875,
              47.75
            ],
            [
              75.3125,
              47.75
            ],
            [
              75.3125,
              47.25
            ],
            [
              74.6875,
              47.25
            ]
          ]
        ]
      },
      "properties": {
        "month": "202411",
        "value": -2.26,
        "units": "degC"
      }
    },
    {
      "type": "Feature",
      "geometry": {
        "type": "Polygon",
        "coordinates": [
          [
            [
              75.3125,
              47.25
            ],
            [
              75.3125,
              47.75
            ],
            [
              75.9375,
              47.75
            ],
            [
              75.9375,
              47.25
            ],
            [
              75.3125,
              47.25
            ]
          ]
        ]
      },
      "properties": {
        "month": "202411",
        "value": -1.83,
        "units": "degC"
      }
    },
    {
      "type": "Feature",
      "geometry": {
        "type": "Polygon",
        "coordinates": [
          [
            [
              72.8125,
              47.75
            ],
            [
              72.8125,
              48.25
            ],
            [
              73.4375,
              48.25
            ],
            [
              73.4375,
              47.75
            ],
            [
              72.8125,
              47.75
            ]
          ]
        ]
      },
      "properties": {
        "month": "202411",
        "value": -4.61,
        "units": "degC"
      }
    },
    {
      "type": "Feature",
      "geometry": {
        "type": "Polygon",
        "coordinates": [
          [
            [
              73.4375,
              47.75
            ],
            [
              73.4375,
              48.25
            ],
            [
              74.0625,
              48.25
            ],
            [
              74.0625,
              47.75
            ],
            [
              73.4375,
              47.75
            ]
          ]
        ]
      },
      "properties": {
        "month": "202411",
        "value": -4.11,
        "units": "degC"
      }
    },
    {
      "type": "Feature",
      "geometry": {
        "type": "Polygon",
        "coordinates": [
          [
            [
              74.0625,
              47.75
            ],
            [
              74.0625,
              48.25
            ],
            [
              74.6875,
              48.25
            ],
            [
              74.6875,
              47.75
            ],
            [
              74.0625,
              47.75
            ]
          ]
        ]
      },
      "properties": {
        "month": "202411",
        "value": -3.66,
        "units": "degC"
      }
    },
    {
      "type": "Feature",
      "geometry": {
        "type": "Polygon",
        "coordinates": [
          [
            [
              74.6875,
              47.75
            ],
            [
              74.6875,
              48.25
            ],
            [
              75.3125,
              48.25
            ],
            [
              75.3125,
              47.75
            ],
            [
              74.6875,
              47.75
            ]
          ]
        ]
      },
      "properties": {
        "month": "202411",
        "value": -3.55,
        "units": "degC"
      }
    },
    {
      "type": "Feature",
      "geometry": {
        "type": "Polygon",
        "coordinates": [
          [
            [
              75.3125,
              47.75
            ],
            [
              75.3125,
              48.25
            ],
            [
              75.9375,
              48.25
            ],
            [
              75.9375,
              47.75
            ],
            [
              75.3125,
              47.75
            ]
          ]
        ]
      },
      "properties": {
        "month": "202411",
        "value": -3.07,
        "units": "degC"
      }
    },
    {
      "type": "Feature",
      "geometry": {
        "type": "Polygon",
        "coordinates": [
          [
            [
              72.8125,
              48.25
            ],
            [
              72.8125,
              48.75
            ],
            [
              73.4375,
              48.75
            ],
            [
              73.4375,
              48.25
            ],
            [
              72.8125,
              48.25
            ]
          ]
        ]
      },
      "properties": {
        "month": "202411",
        "value": -4.76,
        "units": "degC"
      }
    },
    {
      "type": "Feature",
      "geometry": {
        "type": "Polygon",
        "coordinates": [
          [
            [
              73.4375,
              48.25
            ],
            [
              73.4375,
              48.75
            ],
            [
              74.0625,
              48.75
            ],
            [
              74.0625,
              48.25
            ],
            [
              73.4375,
              48.25
            ]
          ]
        ]
      },
      "properties": {
        "month": "202411",
        "value": -4.85,
        "units": "degC"
      }
    },
    {
      "type": "Feature",
      "geometry": {
        "type": "Polygon",
        "coordinates": [
          [
            [
              74.0625,
              48.25
            ],
            [
              74.0625,
              48.75
            ],
            [
              74.6875,
              48.75
            ],
            [
              74.6875,
              48.25
            ],
            [
              74.0625,
              48.25
            ]
          ]
        ]
      },
      "properties": {
        "month": "202411",
        "value": -4.76,
        "units": "degC"
      }
    },
    {
      "type": "Feature",
      "geometry": {
        "type": "Polygon",
        "coordinates": [
          [
            [
              74.6875,
              48.25
            ],
            [
              74.6875,
              48.75
            ],
            [
              75.3125,
              48.75
            ],
            [
              75.3125,
              48.25
            ],
            [
              74.6875,
              48.25
            ]
          ]
        ]
      },
      "properties": {
        "month": "202411",
        "value": -4.68,
        "units": "degC"
      }
    },
    {
      "type": "Feature",
      "geometry": {
        "type": "Polygon",
        "coordinates": [
          [
            [
              75.3125,
              48.25
            ],
            [
              75.3125,
              48.75
            ],
            [
              75.9375,
              48.75
            ],
            [
              75.9375,
              48.25
            ],
            [
              75.3125,
              48.25
            ]
          ]
        ]
      },
      "properties": {
        "month": "202411",
        "value": -4.34,
        "units": "degC"
      }
    },
    {
      "type": "Feature",
      "geometry": {
        "type": "Polygon",
        "coordinates": [
          [
            [
              73.4375,
              48.75
            ],
            [
              72.8125,
              48.75
            ],
            [
              72.8125,
              49.0
            ],
            [
              73.4375,
              49.0
            ],
            [
              73.4375,
              48.75
            ]
          ]
        ]
      },
      "properties": {
        "month": "202411",
        "value": -5.05,
        "units": "degC"
      }
    },
    {
      "type": "Feature",
      "geometry": {
        "type": "Polygon",
        "coordinates": [
          [
            [
              74.0625,
              48.75
            ],
            [
              73.4375,
              48.75
            ],
            [
              73.4375,
              49.0
            ],
            [
              74.0625,
              49.0
            ],
            [
              74.0625,
              48.75
            ]
          ]
        ]
      },
      "properties": {
        "month": "202411",
        "value": -4.86,
        "units": "degC"
      }
    },
    {
      "type": "Feature",
      "geometry": {
        "type": "Polygon",
        "coordinates": [
          [
            [
              74.6875,
              48.75
            ],
            [
              74.0625,
              48.75
            ],
            [
              74.0625,
              49.0
            ],
            [
              74.6875,
              49.0
            ],
            [
              74.6875,
              48.75
            ]
          ]
        ]
      },
      "properties": {
        "month": "202411",
        "value": -4.98,
        "units": "degC"
      }
    },
    {
      "type": "Feature",
      "geometry": {
        "type": "Polygon",
        "coordinates": [
          [
            [
              75.3125,
              48.75
            ],
            [
              74.6875,
              48.75
            ],
            [
              74.6875,
              49.0
            ],
            [
              75.3125,
              49.0
            ],
            [
              75.3125,
              48.75
            ]
          ]
        ]
      },
      "properties": {
        "month": "202411",
        "value": -4.79,
        "units": "degC"
      }
    },
    {
      "type": "Feature",
      "geometry": {
        "type": "Polygon",
        "coordinates": [
          [
            [
              75.9375,
              48.75
            ],
            [
              75.3125,
              48.75
            ],
            [
              75.3125,
              49.0
            ],
            [
              75.9375,
              49.0
            ],
            [
              75.9375,
              48.75
            ]
          ]
        ]
      },
      "properties": {
        "month": "202411",
        "value": -4.95,
        "units": "degC"
      }
    },
    {
      "type": "Feature",
      "geometry": {
        "type": "Polygon",
        "coordinates": [
          [
            [
              75.9375,
              42.25
            ],
            [
              76.5625,
              42.25
            ],
            [
              76.5625,
              42.0
            ],
            [
              75.9375,
              42.0
            ],
            [
              75.9375,
              42.25
            ]
          ]
        ]
      },
      "properties": {
        "month": "202411",
        "value": -4.12,
        "units": "degC"
      }
    },
    {
      "type": "Feature",
      "geometry": {
        "type": "Polygon",
        "coordinates": [
          [
            [
              76.5625,
              42.25
            ],
            [
              77.1875,
              42.25
            ],
            [
              77.1875,
              42.0
            ],
            [
              76.5625,
              42.0
            ],
            [
              76.5625,
              42.25
            ]
          ]
        ]
      },
      "properties": {
        "month": "202411",
        "value": -2.62,
        "units": "degC"
      }
    },
    {
      "type": "Feature",
      "geometry": {
        "type": "Polygon",
        "coordinates": [
          [
            [
              77.1875,
              42.25
            ],
            [
              77.8125,
              42.25
            ],
            [
              77.8125,
              42.0
            ],
            [
              77.1875,
              42.0
            ],
            [
              77.1875,
              42.25
            ]
          ]
        ]
      },
      "properties": {
        "month": "202411",
        "value": -3.74,
        "units": "degC"
      }
    },
    {
      "type": "Feature",
      "geometry": {
        "type": "Polygon",
        "coordinates": [
          [
            [
              77.8125,
              42.25
            ],
            [
              78.4375,
              42.25
            ],
            [
              78.4375,
              42.0
            ],
            [
              77.8125,
              42.0
            ],
            [
              77.8125,
              42.25
            ]
          ]
        ]
      },
      "properties": {
        "month": "202411",
        "value": -7.41,
        "units": "degC"
      }
    },
    {
      "type": "Feature",
      "geometry": {
        "type": "Polygon",
        "coordinates": [
          [
            [
              78.4375,
              42.25
            ],
            [
              79.0625,
              42.25
            ],
            [
              79.0625,
              42.0
            ],
            [
              78.4375,
              42.0
            ],
            [
              78.4375,
              42.25
            ]
          ]
        ]
      },
      "properties": {
        "month": "202411",
        "value": -9.54,
        "units": "degC"
      }
    },
    {
      "type": "Feature",
      "geometry": {
        "type": "Polygon",
        "coordinates": [
          [
            [
              79.0625,
              42.25
            ],
            [
              79.6875,
              42.25
            ],
            [
              79.6875,
              42.0
            ],
            [
              79.0625,
              42.0
            ],
            [
              79.0625,
              42.25
            ]
          ]
        ]
      },
      "properties": {
        "month": "202411",
        "value": -8.64,
        "units": "degC"
      }
    },
    {
      "type": "Feature",
      "geometry": {
        "type": "Polygon",
        "coordinates": [
          [
            [
              79.6875,
              42.25
            ],
            [
              80.3125,
              42.25
            ],
            [
              80.3125,
              42.0
            ],
            [
              79.6875,
              42.0
            ],
            [
              79.6875,
              42.25
            ]
          ]
        ]
      },
      "properties": {
        "month": "202411",
        "value": -9.97,
        "units": "degC"
      }
    },
    {
      "type": "Feature",
      "geometry": {
        "type": "Polygon",
        "coordinates": [
          [
            [
              75.9375,
              42.25
            ],
            [
              75.9375,
              42.75
            ],
            [
              76.5625,
              42.75
            ],
            [
              76.5625,
              42.25
            ],
            [
              75.9375,
              42.25
            ]
          ]
        ]
      },
      "properties": {
        "month": "202411",
        "value": -1.24,
        "units": "degC"
      }
    },
    {
      "type": "Feature",
      "geometry": {
        "type": "Polygon",
        "coordinates": [
          [
            [
              76.5625,
              42.25
            ],
            [
              76.5625,
              42.75
            ],
            [
              77.1875,
              42.75
            ],
            [
              77.1875,
              42.25
            ],
            [
              76.5625,
              42.25
            ]
          ]
        ]
      },
      "properties": {
        "month": "202411",
        "value": -0.97,
        "units": "degC"
      }
    },
    {
      "type": "Feature",
      "geometry": {
        "type": "Polygon",
        "coordinates": [
          [
            [
              77.1875,
              42.25
            ],
            [
              77.1875,
              42.75
            ],
            [
              77.8125,
              42.75
            ],
            [
              77.8125,
              42.25
            ],
            [
              77.1875,
              42.25
            ]
          ]
        ]
      },
      "properties": {
        "month": "202411",
        "value": 2.89,
        "units": "degC"
      }
    },
    {
      "type": "Feature",
      "geometry": {
        "type": "Polygon",
        "coordinates": [
          [
            [
              77.8125,
              42.25
            ],
            [
              77.8125,
              42.75
            ],
            [
              78.4375,
              42.75
            ],
            [
              78.4375,
              42.25
            ],
            [
              77.8125,
              42.25
            ]
          ]
        ]
      },
      "properties": {
        "month": "202411",
        "value": 0.43,
        "units": "degC"
      }
    },
    {
      "type": "Feature",
      "geometry": {
        "type": "Polygon",
        "coordinates": [
          [
            [
              78.4375,
              42.25
            ],
            [
              78.4375,
              42.75
            ],
            [
              79.0625,
              42.75
            ],
            [
              79.0625,
              42.25
            ],
            [
              78.4375,
              42.25
            ]
          ]
        ]
      },
      "properties": {
        "month": "202411",
        "value": -3.95,
        "units": "degC"
      }
    },
    {
      "type": "Feature",
      "geometry": {
        "type": "Polygon",
        "coordinates": [
          [
            [
              79.0625,
              42.25
            ],
            [
              79.0625,
              42.75
            ],
            [
              79.6875,
              42.75
            ],
            [
              79.6875,
              42.25
            ],
            [
              79.0625,
              42.25
            ]
          ]
        ]
      },
      "properties": {
        "month": "202411",
        "value": -6.24,
        "units": "degC"
      }
    },
    {
      "type": "Feature",
      "geometry": {
        "type": "Polygon",
        "coordinates": [
          [
            [
              79.6875,
              42.25
            ],
            [
              79.6875,
              42.75
            ],
            [
              80.3125,
              42.75
            ],
            [
              80.3125,
              42.25
            ],
            [
              79.6875,
              42.25
            ]
          ]
        ]
      },
      "properties": {
        "month": "202411",
        "value": -6.79,
        "units": "degC"
      }
    },
    {
      "type": "Feature",
      "geometry": {
        "type": "Polygon",
        "coordinates": [
          [
            [
              75.9375,
              42.75
            ],
            [
              75.9375,
              43.25
            ],
            [
              76.5625,
              43.25
            ],
            [
              76.5625,
              42.75
            ],
            [
              75.9375,
              42.75
            ]
          ]
        ]
      },
      "properties": {
        "month": "202411",
        "value": 0.09,
        "units": "degC"
      }
    },
    {
      "type": "Feature",
      "geometry": {
        "type": "Polygon",
        "coordinates": [
          [
            [
              76.5625,
              42.75
            ],
            [
              76.5625,
              43.25
            ],
            [
              77.1875,
              43.25
            ],
            [
              77.1875,
              42.75
            ],
            [
              76.5625,
              42.75
            ]
          ]
        ]
      },
      "properties": {
        "month": "202411",
        "value": -3.72,
        "units": "degC"
      }
    },
    {
      "type": "Feature",
      "geometry": {
        "type": "Polygon",
        "coordinates": [
          [
            [
              77.1875,
              42.75
            ],
            [
              77.1875,
              43.25
            ],
            [
              77.8125,
              43.25
            ],
            [
              77.8125,
              42.75
            ],
            [
              77.1875,
              42.75
            ]
          ]
        ]
      },
      "properties": {
        "month": "202411",
        "value": -7.41,
        "units": "degC"
      }
    },
    {
      "type": "Feature",
      "geometry": {
        "type": "Polygon",
        "coordinates": [
          [
            [
              77.8125,
              42.75
            ],
            [
              77.8125,
              43.25
            ],
            [
              78.4375,
              43.25
            ],
            [
              78.4375,
              42.75
            ],
            [
              77.8125,
              42.75
            ]
          ]
        ]
      },
      "properties": {
        "month": "202411",
        "value": -2.68,
        "units": "degC"
      }
    },
    {
      "type": "Feature",
      "geometry": {
        "type": "Polygon",
        "coordinates": [
          [
            [
              78.4375,
              42.75
            ],
            [
              78.4375,
              43.25
            ],
            [
              79.0625,
              43.25
            ],
            [
              79.0625,
              42.75
            ],
            [
              78.4375,
              42.75
            ]
          ]
        ]
      },
      "properties": {
        "month": "202411",
        "value": 0.86,
        "units": "degC"
      }
    },
    {
      "type": "Feature",
      "geometry": {
        "type": "Polygon",
        "coordinates": [
          [
            [
              79.0625,
              42.75
            ],
            [
              79.0625,
              43.25
            ],
            [
              79.6875,
              43.25
            ],
            [
              79.6875,
              42.75
            ],
            [
              79.0625,
              42.75
            ]
          ]
        ]
      },
      "properties": {
        "month": "202411",
        "value": -0.36,
        "units": "degC"
      }
    },
    {
      "type": "Feature",
      "geometry": {
        "type": "Polygon",
        "coordinates": [
          [
            [
              79.6875,
              42.75
            ],
            [
              79.6875,
              43.25
            ],
            [
              80.3125,
              43.25
            ],
            [
              80.3125,
              42.75
            ],
            [
              79.6875,
              42.75
            ]
          ]
        ]
      },
      "properties": {
        "month": "202411",
        "value": -2.07,
        "units": "degC"
      }
    },
    {
      "type": "Feature",
      "geometry": {
        "type": "Polygon",
        "coordinates": [
          [
            [
              75.9375,
              43.25
            ],
            [
              75.9375,
              43.75
            ],
            [
              76.5625,
              43.75
            ],
            [
              76.5625,
              43.25
            ],
            [
              75.9375,
              43.25
            ]
          ]
        ]
      },
      "properties": {
        "month": "202411",
        "value": 6.11,
        "units": "degC"
      }
    },
    {
      "type": "Feature",
      "geometry": {
        "type": "Polygon",
        "coordinates": [
          [
            [
              76.5625,
              43.25
            ],
            [
              76.5625,
              43.75
            ],
            [
              77.1875,
              43.75
            ],
            [
              77.1875,
              43.25
            ],
            [
              76.5625,
              43.25
            ]
          ]
        ]
      },
      "properties": {
        "month": "202411",
        "value": 7.07,
        "units": "degC"
      }
    },
    {
      "type": "Feature",
      "geometry": {
        "type": "Polygon",
        "coordinates": [
          [
            [
              77.1875,
              43.25
            ],
            [
              77.1875,
              43.75
            ],
            [
              77.8125,
              43.75
            ],
            [
              77.8125,
              43.25
            ],
            [
              77.1875,
              43.25
            ]
          ]
        ]
      },
      "properties": {
        "month": "202411",
        "value": 7.12,
        "units": "degC"
      }
    },
    {
      "type": "Feature",
      "geometry": {
        "type": "Polygon",
        "coordinates": [
          [
            [
              77.8125,
              43.25
            ],
            [
              77.8125,
              43.75
            ],
            [
              78.4375,
              43.75
            ],
            [
              78.4375,
              43.25
            ],
            [
              77.8125,
              43.25
            ]
          ]
        ]
      },
      "properties": {
        "month": "202411",
        "value": 3.76,
        "units": "degC"
      }
    },
    {
      "type": "Feature",
      "geometry": {
        "type": "Polygon",
        "coordinates": [
          [
            [
              78.4375,
              43.25
            ],
            [
              78.4375,
              43.75
            ],
            [
              79.0625,
              43.75
            ],
            [
              79.0625,
              43.25
            ],
            [
              78.4375,
              43.25
            ]
          ]
        ]
      },
      "properties": {
        "month": "202411",
        "value": 3.2,
        "units": "degC"
      }
    },
    {
      "type": "Feature",
      "geometry": {
        "type": "Polygon",
        "coordinates": [
          [
            [
              79.0625,
              43.25
            ],
            [
              79.0625,
              43.75
            ],
            [
              79.6875,
              43.75
            ],
            [
              79.6875,
              43.25
            ],
            [
              79.0625,
              43.25
            ]
          ]
        ]
      },
      "properties": {
        "month": "202411",
        "value": 4.26,
        "units": "degC"
      }
    },
    {
      "type": "Feature",
      "geometry": {
        "type": "Polygon",
        "coordinates": [
          [
            [
              79.6875,
              43.25
            ],
            [
              79.6875,
              43.75
            ],
            [
              80.3125,
              43.75
            ],
            [
              80.3125,
              43.25
            ],
            [
              79.6875,
              43.25
            ]
          ]
        ]
      },
      "properties": {
        "month": "202411",
        "value": 3.8,
        "units": "degC"
      }
    },
    {
      "type": "Feature",
      "geometry": {
        "type": "Polygon",
        "coordinates": [
          [
            [
              75.9375,
              43.75
            ],
            [
              75.9375,
              44.25
            ],
            [
              76.5625,
              44.25
            ],
            [
              76.5625,
              43.75
            ],
            [
              75.9375,
              43.75
            ]
          ]
        ]
      },
      "properties": {
        "month": "202411",
        "value": 3.28,
        "units": "degC"
      }
    },
    {
      "type": "Feature",
      "geometry": {
        "type": "Polygon",
        "coordinates": [
          [
            [
              76.5625,
              43.75
            ],
            [
              76.5625,
              44.25
            ],
            [
              77.1875,
              44.25
            ],
            [
              77.1875,
              43.75
            ],
            [
              76.5625,
              43.75
            ]
          ]
        ]
      },
      "properties": {
        "month": "202411",
        "value": 3.82,
        "units": "degC"
      }
    },
    {
      "type": "Feature",
      "geometry": {
        "type": "Polygon",
        "coordinates": [
          [
            [
              77.1875,
              43.75
            ],
            [
              77.1875,
              44.25
            ],
            [
              77.8125,
              44.25
            ],
            [
              77.8125,
              43.75
            ],
            [
              77.1875,
              43.75
            ]
          ]
        ]
      },
      "properties": {
        "month": "202411",
        "value": 4.68,
        "units": "degC"
      }
    },
    {
      "type": "Feature",
      "geometry": {
        "type": "Polygon",
        "coordinates": [
          [
            [
              77.8125,
              43.75
            ],
            [
              77.8125,
              44.25
            ],
            [
              78.4375,
              44.25
            ],
            [
              78.4375,
              43.75
            ],
            [
              77.8125,
              43.75
            ]
          ]
        ]
      },
      "properties": {
        "month": "202411",
        "value": 3.05,
        "units": "degC"
      }
    },
    {
      "type": "Feature",
      "geometry": {
        "type": "Polygon",
        "coordinates": [
          [
            [
              78.4375,
              43.75
            ],
            [
              78.4375,
              44.25
            ],
            [
              79.0625,
              44.25
            ],
            [
              79.0625,
              43.75
            ],
            [
              78.4375,
              43.75
            ]
          ]
        ]
      },
      "properties": {
        "month": "202411",
        "value": 3.43,
        "units": "degC"
      }
    },
    {
      "type": "Feature",
      "geometry": {
        "type": "Polygon",
        "coordinates": [
          [
            [
              79.0625,
              43.75
            ],
            [
              79.0625,
              44.25
            ],
            [
              79.6875,
              44.25
            ],
            [
              79.6875,
              43.75
            ],
            [
              79.0625,
              43.75
            ]
          ]
        ]
      },
      "properties": {
        "month": "202411",
        "value": 4.76,
        "units": "degC"
      }
    },
    {
      "type": "Feature",
      "geometry": {
        "type": "Polygon",
        "coordinates": [
          [
            [
              79.6875,
              43.75
            ],
            [
              79.6875,
              44.25
            ],
            [
              80.3125,
              44.25
            ],
            [
              80.3125,
              43.75
            ],
            [
              79.6875,
              43.75
            ]
          ]
        ]
      },
      "properties": {
        "month": "202411",
        "value": 5.48,
        "units": "degC"
      }
    },
    {
      "type": "Feature",
      "geometry": {
        "type": "Polygon",
        "coordinates": [
          [
            [
              75.9375,
              44.25
            ],
            [
              75.9375,
              44.75
            ],
            [
              76.5625,
              44.75
            ],
            [
              76.5625,
              44.25
            ],
            [
              75.9375,
              44.25
            ]
          ]
        ]
      },
      "properties": {
        "month": "202411",
        "value": 3.31,
        "units": "degC"
      }
    },
    {
      "type": "Feature",
      "geometry": {
        "type": "Polygon",
        "coordinates": [
          [
            [
              76.5625,
              44.25
            ],
            [
              76.5625,
              44.75
            ],
            [
              77.1875,
              44.75
            ],
            [
              77.1875,
              44.25
            ],
            [
              76.5625,
              44.25
            ]
          ]
        ]
      },
      "properties": {
        "month": "202411",
        "value": 3.99,
        "units": "degC"
      }
    },
    {
      "type": "Feature",
      "geometry": {
        "type": "Polygon",
        "coordinates": [
          [
            [
              77.1875,
              44.25
            ],
            [
              77.1875,
              44.75
            ],
            [
              77.8125,
              44.75
            ],
            [
              77.8125,
              44.25
            ],
            [
              77.1875,
              44.25
            ]
          ]
        ]
      },
      "properties": {
        "month": "202411",
        "value": 3.24,
        "units": "degC"
      }
    },
    {
      "type": "Feature",
      "geometry": {
        "type": "Polygon",
        "coordinates": [
          [
            [
              77.8125,
              44.25
            ],
            [
              77.8125,
              44.75
            ],
            [
              78.4375,
              44.75
            ],
            [
              78.4375,
              44.25
            ],
            [
              77.8125,
              44.25
            ]
          ]
        ]
      },
      "properties": {
        "month": "202411",
        "value": 2.76,
        "units": "degC"
      }
    },
    {
      "type": "Feature",
      "geometry": {
        "type": "Polygon",
        "coordinates": [
          [
            [
              78.4375,
              44.25
            ],
            [
              78.4375,
              44.75
            ],
            [
              79.0625,
              44.75
            ],
            [
              79.0625,
              44.25
            ],
            [
              78.4375,
              44.25
            ]
          ]
        ]
      },
      "properties": {
        "month": "202411",
        "value": 0.1,
        "units": "degC"
      }
    },
    {
      "type": "Feature",
      "geometry": {
        "type": "Polygon",
        "coordinates": [
          [
            [
              79.0625,
              44.25
            ],
            [
              79.0625,
              44.75
            ],
            [
              79.6875,
              44.75
            ],
            [
              79.6875,
              44.25
            ],
            [
              79.0625,
              44.25
            ]
          ]
        ]
      },
      "properties": {
        "month": "202411",
        "value": -2.65,
        "units": "degC"
      }
    },
    {
      "type": "Feature",
      "geometry": {
        "type": "Polygon",
        "coordinates": [
          [
            [
              79.6875,
              44.25
            ],
            [
              79.6875,
              44.75
            ],
            [
              80.3125,
              44.75
            ],
            [
              80.3125,
              44.25
            ],
            [
              79.6875,
              44.25
            ]
          ]
        ]
      },
      "properties": {
        "month": "202411",
        "value": -2.76,
        "units": "degC"
      }
    },
    {
      "type": "Feature",
      "geometry": {
        "type": "Polygon",
        "coordinates": [
          [
            [
              75.9375,
              44.75
            ],
            [
              75.9375,
              45.25
            ],
            [
              76.5625,
              45.25
            ],
            [
              76.5625,
              44.75
            ],
            [
              75.9375,
              44.75
            ]
          ]
        ]
      },
      "properties": {
        "month": "202411",
        "value": 2.23,
        "units": "degC"
      }
    },
    {
      "type": "Feature",
      "geometry": {
        "type": "Polygon",
        "coordinates": [
          [
            [
              76.5625,
              44.75
            ],
            [
              76.5625,
              45.25
            ],
            [
              77.1875,
              45.25
            ],
            [
              77.1875,
              44.75
            ],
            [
              76.5625,
              44.75
            ]
          ]
        ]
      },
      "properties": {
        "month": "202411",
        "value": 2.61,
        "units": "degC"
      }
    },
    {
      "type": "Feature",
      "geometry": {
        "type": "Polygon",
        "coordinates": [
          [
            [
              77.1875,
              44.75
            ],
            [
              77.1875,
              45.25
            ],
            [
              77.8125,
              45.25
            ],
            [
              77.8125,
              44.75
            ],
            [
              77.1875,
              44.75
            ]
          ]
        ]
      },
      "properties": {
        "month": "202411",
        "value": 2.91,
        "units": "degC"
      }
    },
    {
      "type": "Feature",
      "geometry": {
        "type": "Polygon",
        "coordinates": [
          [
            [
              77.8125,
              44.75
            ],
            [
              77.8125,
              45.25
            ],
            [
              78.4375,
              45.25
            ],
            [
              78.4375,
              44.75
            ],
            [
              77.8125,
              44.75
            ]
          ]
        ]
      },
      "properties": {
        "month": "202411",
        "value": 3.22,
        "units": "degC"
      }
    },
    {
      "type": "Feature",
      "geometry": {
        "type": "Polygon",
        "coordinates": [
          [
            [
              78.4375,
              44.75
            ],
            [
              78.4375,
              45.25
            ],
            [
              79.0625,
              45.25
            ],
            [
              79.0625,
              44.75
            ],
            [
              78.4375,
              44.75
            ]
          ]
        ]
      },
      "properties": {
        "month": "202411",
        "value": 1.55,
        "units": "degC"
      }
    },
    {
      "type": "Feature",
      "geometry": {
        "type": "Polygon",
        "coordinates": [
          [
            [
              79.0625,
              44.75
            ],
            [
              79.0625,
              45.25
            ],
            [
              79.6875,
              45.25
            ],
            [
              79.6875,
              44.75
            ],
            [
              79.0625,
              44.75
            ]
          ]
        ]
      },
      "properties": {
        "month": "202411",
        "value": -4.26,
        "units": "degC"
      }
    },
    {
      "type": "Feature",
      "geometry": {
        "type": "Polygon",
        "coordinates": [
          [
            [
              79.6875,
              44.75
            ],
            [
              79.6875,
              45.25
            ],
            [
              80.3125,
              45.25
            ],
            [
              80.3125,
              44.75
            ],
            [
              79.6875,
              44.75
            ]
          ]
        ]
      },
      "properties": {
        "month": "202411",
        "value": -7.39,
        "units": "degC"
      }
    },
    {
      "type": "Feature",
      "geometry": {
        "type": "Polygon",
        "coordinates": [
          [
            [
              75.9375,
              45.25
            ],
            [
              75.9375,
              45.75
            ],
            [
              76.5625,
              45.75
            ],
            [
              76.5625,
              45.25
            ],
            [
              75.9375,
              45.25
            ]
          ]
        ]
      },
      "properties": {
        "month": "202411",
        "value": 1.03,
        "units": "degC"
      }
    },
    {
      "type": "Feature",
      "geometry": {
        "type": "Polygon",
        "coordinates": [
          [
            [
              76.5625,
              45.25
            ],
            [
              76.5625,
              45.75
            ],
            [
              77.1875,
              45.75
            ],
            [
              77.1875,
              45.25
            ],
            [
              76.5625,
              45.25
            ]
          ]
        ]
      },
      "properties": {
        "month": "202411",
        "value": 1.2,
        "units": "degC"
      }
    },
    {
      "type": "Feature",
      "geometry": {
        "type": "Polygon",
        "coordinates": [
          [
            [
              77.1875,
              45.25
            ],
            [
              77.1875,
              45.75
            ],
            [
              77.8125,
              45.75
            ],
            [
              77.8125,
              45.25
            ],
            [
              77.1875,
              45.25
            ]
          ]
        ]
      },
      "properties": {
        "month": "202411",
        "value": 1.56,
        "units": "degC"
      }
    },
    {
      "type": "Feature",
      "geometry": {
        "type": "Polygon",
        "coordinates": [
          [
            [
              77.8125,
              45.25
            ],
            [
              77.8125,
              45.75
            ],
            [
              78.4375,
              45.75
            ],
            [
              78.4375,
              45.25
            ],
            [
              77.8125,
              45.25
            ]
          ]
        ]
      },
      "properties": {
        "month": "202411",
        "value": 1.95,
        "units": "degC"
      }
    },
    {
      "type": "Feature",
      "geometry": {
        "type": "Polygon",
        "coordinates": [
          [
            [
              78.4375,
              45.25
            ],
            [
              78.4375,
              45.75
            ],
            [
              79.0625,
              45.75
            ],
            [
              79.0625,
              45.25
            ],
            [
              78.4375,
              45.25
            ]
          ]
        ]
      },
      "properties": {
        "month": "202411",
        "value": 2.78,
        "units": "degC"
      }
    },
    {
      "type": "Feature",
      "geometry": {
        "type": "Polygon",
        "coordinates": [
          [
            [
              79.0625,
              45.25
            ],
            [
              79.0625,
              45.75
            ],
            [
              79.6875,
              45.75
            ],
            [
              79.6875,
              45.25
            ],
            [
              79.0625,
              45.25
            ]
          ]
        ]
      },
      "properties": {
        "month": "202411",
        "value": 2.68,
        "units": "degC"
      }
    },
    {
      "type": "Feature",
      "geometry": {
        "type": "Polygon",
        "coordinates": [
          [
            [
              79.6875,
              45.25
            ],
            [
              79.6875,
              45.75
            ],
            [
              80.3125,
              45.75
            ],
            [
              80.3125,
              45.25
            ],
            [
              79.6875,
              45.25
            ]
          ]
        ]
      },
      "properties": {
        "month": "202411",
        "value": 1.73,
        "units": "degC"
      }
    },
    {
      "type": "Feature",
      "geometry": {
        "type": "Polygon",
        "coordinates": [
          [
            [
              75.9375,
              45.75
            ],
            [
              75.9375,
              46.25
            ],
            [
              76.5625,
              46.25
            ],
            [
              76.5625,
              45.75
            ],
            [
              75.9375,
              45.75
            ]
          ]
        ]
      },
      "properties": {
        "month": "202411",
        "value": 0.18,
        "units": "degC"
      }
    },
    {
      "type": "Feature",
      "geometry": {
        "type": "Polygon",
        "coordinates": [
          [
            [
              76.5625,
              45.75
            ],
            [
              76.5625,
              46.25
            ],
            [
              77.1875,
              46.25
            ],
            [
              77.1875,
              45.75
            ],
            [
              76.5625,
              45.75
            ]
          ]
        ]
      },
      "properties": {
        "month": "202411",
        "value": 0.23,
        "units": "degC"
      }
    },
    {
      "type": "Feature",
      "geometry": {
        "type": "Polygon",
        "coordinates": [
          [
            [
              77.1875,
              45.75
            ],
            [
              77.1875,
              46.25
            ],
            [
              77.8125,
              46.25
            ],
            [
              77.8125,
              45.75
            ],
            [
              77.1875,
              45.75
            ]
          ]
        ]
      },
      "properties": {
        "month": "202411",
        "value": 0.35,
        "units": "degC"
      }
    },
    {
      "type": "Feature",
      "geometry": {
        "type": "Polygon",
        "coordinates": [
          [
            [
              77.8125,
              45.75
            ],
            [
              77.8125,
              46.25
            ],
            [
              78.4375,
              46.25
            ],
            [
              78.4375,
              45.75
            ],
            [
              77.8125,
              45.75
            ]
          ]
        ]
      },
      "properties": {
        "month": "202411",
        "value": 0.7,
        "units": "degC"
      }
    },
    {
      "type": "Feature",
      "geometry": {
        "type": "Polygon",
        "coordinates": [
          [
            [
              78.4375,
              45.75
            ],
            [
              78.4375,
              46.25
            ],
            [
              79.0625,
              46.25
            ],
            [
              79.0625,
              45.75
            ],
            [
              78.4375,
              45.75
            ]
          ]
        ]
      },
      "properties": {
        "month": "202411",
        "value": 1.2,
        "units": "degC"
      }
    },
    {
      "type": "Feature",
      "geometry": {
        "type": "Polygon",
        "coordinates": [
          [
            [
              79.0625,
              45.75
            ],
            [
              79.0625,
              46.25
            ],
            [
              79.6875,
              46.25
            ],
            [
              79.6875,
              45.75
            ],
            [
              79.0625,
              45.75
            ]
          ]
        ]
      },
      "properties": {
        "month": "202411",
        "value": 1.52,
        "units": "degC"
      }
    },
    {
      "type": "Feature",
      "geometry": {
        "type": "Polygon",
        "coordinates": [
          [
            [
              79.6875,
              45.75
            ],
            [
              79.6875,
              46.25
            ],
            [
              80.3125,
              46.25
            ],
            [
              80.3125,
              45.75
            ],
            [
              79.6875,
              45.75
            ]
          ]
        ]
      },
      "properties": {
        "month": "202411",
        "value": 2.1,
        "units": "degC"
      }
    },
    {
      "type": "Feature",
      "geometry": {
        "type": "Polygon",
        "coordinates": [
          [
            [
              75.9375,
              46.25
            ],
            [
              75.9375,
              46.75
            ],
            [
              76.5625,
              46.75
            ],
            [
              76.5625,
              46.25
            ],
            [
              75.9375,
              46.25
            ]
          ]
        ]
      },
      "properties": {
        "month": "202411",
        "value": -0.24,
        "units": "degC"
      }
    },
    {
      "type": "Feature",
      "geometry": {
        "type": "Polygon",
        "coordinates": [
          [
            [
              76.5625,
              46.25
            ],
            [
              76.5625,
              46.75
            ],
            [
              77.1875,
              46.75
            ],
            [
              77.1875,
              46.25
            ],
            [
              76.5625,
              46.25
            ]
          ]
        ]
      },
      "properties": {
        "month": "202411",
        "value": -0.13,
        "units": "degC"
      }
    },
    {
      "type": "Feature",
      "geometry": {
        "type": "Polygon",
        "coordinates": [
          [
            [
              77.1875,
              46.25
            ],
            [
              77.1875,
              46.75
            ],
            [
              77.8125,
              46.75
            ],
            [
              77.8125,
              46.25
            ],
            [
              77.1875,
              46.25
            ]
          ]
        ]
      },
      "properties": {
        "month": "202411",
        "value": -0.14,
        "units": "degC"
      }
    },
    {
      "type": "Feature",
      "geometry": {
        "type": "Polygon",
        "coordinates": [
          [
            [
              77.8125,
              46.25
            ],
            [
              77.8125,
              46.75
            ],
            [
              78.4375,
              46.75
            ],
            [
              78.4375,
              46.25
            ],
            [
              77.8125,
              46.25
            ]
          ]
        ]
      },
      "properties": {
        "month": "202411",
        "value": -0.09,
        "units": "degC"
      }
    },
    {
      "type": "Feature",
      "geometry": {
        "type": "Polygon",
        "coordinates": [
          [
            [
              78.4375,
              46.25
            ],
            [
              78.4375,
              46.75
            ],
            [
              79.0625,
              46.75
            ],
            [
              79.0625,
              46.25
            ],
            [
              78.4375,
              46.25
            ]
          ]
        ]
      },
      "properties": {
        "month": "202411",
        "value": 0.31,
        "units": "degC"
      }
    },
    {
      "type": "Feature",
      "geometry": {
        "type": "Polygon",
        "coordinates": [
          [
            [
              79.0625,
              46.25
            ],
            [
              79.0625,
              46.75
            ],
            [
              79.6875,
              46.75
            ],
            [
              79.6875,
              46.25
            ],
            [
              79.0625,
              46.25
            ]
          ]
        ]
      },
      "properties": {
        "month": "202411",
        "value": 0.53,
        "units": "degC"
      }
    },
    {
      "type": "Feature",
      "geometry": {
        "type": "Polygon",
        "coordinates": [
          [
            [
              79.6875,
              46.25
            ],
            [
              79.6875,
              46.75
            ],
            [
              80.3125,
              46.75
            ],
            [
              80.3125,
              46.25
            ],
            [
              79.6875,
              46.25
            ]
          ]
        ]
      },
      "properties": {
        "month": "202411",
        "value": 0.54,
        "units": "degC"
      }
    },
    {
      "type": "Feature",
      "geometry": {
        "type": "Polygon",
        "coordinates": [
          [
            [
              75.9375,
              46.75
            ],
            [
              75.9375,
              47.25
            ],
            [
              76.5625,
              47.25
            ],
            [
              76.5625,
              46.75
            ],
            [
              75.9375,
              46.75
            ]
          ]
        ]
      },
      "properties": {
        "month": "202411",
        "value": -0.58,
        "units": "degC"
      }
    },
    {
      "type": "Feature",
      "geometry": {
        "type": "Polygon",
        "coordinates": [
          [
            [
              76.5625,
              46.75
            ],
            [
              76.5625,
              47.25
            ],
            [
              77.1875,
              47.25
            ],
            [
              77.1875,
              46.75
            ],
            [
              76.5625,
              46.75
            ]
          ]
        ]
      },
      "properties": {
        "month": "202411",
        "value": -0.46,
        "units": "degC"
      }
    },
    {
      "type": "Feature",
      "geometry": {
        "type": "Polygon",
        "coordinates": [
          [
            [
              77.1875,
              46.75
            ],
            [
              77.1875,
              47.25
            ],
            [
              77.8125,
              47.25
            ],
            [
              77.8125,
              46.75
            ],
            [
              77.1875,
              46.75
            ]
          ]
        ]
      },
      "properties": {
        "month": "202411",
        "value": -0.57,
        "units": "degC"
      }
    },
    {
      "type": "Feature",
      "geometry": {
        "type": "Polygon",
        "coordinates": [
          [
            [
              77.8125,
              46.75
            ],
            [
              77.8125,
              47.25
            ],
            [
              78.4375,
              47.25
            ],
            [
              78.4375,
              46.75
            ],
            [
              77.8125,
              46.75
            ]
          ]
        ]
      },
      "properties": {
        "month": "202411",
        "value": -0.7,
        "units": "degC"
      }
    },
    {
      "type": "Feature",
      "geometry": {
        "type": "Polygon",
        "coordinates": [
          [
            [
              78.4375,
              46.75
            ],
            [
              78.4375,
              47.25
            ],
            [
              79.0625,
              47.25
            ],
            [
              79.0625,
              46.75
            ],
            [
              78.4375,
              46.75
            ]
          ]
        ]
      },
      "properties": {
        "month": "202411",
        "value": -0.64,
        "units": "degC"
      }
    },
    {
      "type": "Feature",
      "geometry": {
        "type": "Polygon",
        "coordinates": [
          [
            [
              79.0625,
              46.75
            ],
            [
              79.0625,
              47.25
            ],
            [
              79.6875,
              47.25
            ],
            [
              79.6875,
              46.75
            ],
            [
              79.0625,
              46.75
            ]
          ]
        ]
      },
      "properties": {
        "month": "202411",
        "value": 0.07,
        "units": "degC"
      }
    },
    {
      "type": "Feature",
      "geometry": {
        "type": "Polygon",
        "coordinates": [
          [
            [
              79.6875,
              46.75
            ],
            [
              79.6875,
              47.25
            ],
            [
              80.3125,
              47.25
            ],
            [
              80.3125,
              46.75
            ],
            [
              79.6875,
              46.75
            ]
          ]
        ]
      },
      "properties": {
        "month": "202411",
        "value": 0.54,
        "units": "degC"
      }
    },
    {
      "type": "Feature",
      "geometry": {
        "type": "Polygon",
        "coordinates": [
          [
            [
              75.9375,
              47.25
            ],
            [
              75.9375,
              47.75
            ],
            [
              76.5625,
              47.75
            ],
            [
              76.5625,
              47.25
            ],
            [
              75.9375,
              47.25
            ]
          ]
        ]
      },
      "properties": {
        "month": "202411",
        "value": -1.55,
        "units": "degC"
      }
    },
    {
      "type": "Feature",
      "geometry": {
        "type": "Polygon",
        "coordinates": [
          [
            [
              76.5625,
              47.25
            ],
            [
              76.5625,
              47.75
            ],
            [
              77.1875,
              47.75
            ],
            [
              77.1875,
              47.25
            ],
            [
              76.5625,
              47.25
            ]
          ]
        ]
      },
      "properties": {
        "month": "202411",
        "value": -1.62,
        "units": "degC"
      }
    },
    {
      "type": "Feature",
      "geometry": {
        "type": "Polygon",
        "coordinates": [
          [
            [
              77.1875,
              47.25
            ],
            [
              77.1875,
              47.75
            ],
            [
              77.8125,
              47.75
            ],
            [
              77.8125,
              47.25
            ],
            [
              77.1875,
              47.25
            ]
          ]
        ]
      },
      "properties": {
        "month": "202411",
        "value": -1.88,
        "units": "degC"
      }
    },
    {
      "type": "Feature",
      "geometry": {
        "type": "Polygon",
        "coordinates": [
          [
            [
              77.8125,
              47.25
            ],
            [
              77.8125,
              47.75
            ],
            [
              78.4375,
              47.75
            ],
            [
              78.4375,
              47.25
            ],
            [
              77.8125,
              47.25
            ]
          ]
        ]
      },
      "properties": {
        "month": "202411",
        "value": -1.96,
        "units": "degC"
      }
    },
    {
      "type": "Feature",
      "geometry": {
        "type": "Polygon",
        "coordinates": [
          [
            [
              78.4375,
              47.25
            ],
            [
              78.4375,
              47.75
            ],
            [
              79.0625,
              47.75
            ],
            [
              79.0625,
              47.25
            ],
            [
              78.4375,
              47.25
            ]
          ]
        ]
      },
      "properties": {
        "month": "202411",
        "value": -1.42,
        "units": "degC"
      }
    },
    {
      "type": "Feature",
      "geometry": {
        "type": "Polygon",
        "coordinates": [
          [
            [
              79.0625,
              47.25
            ],
            [
              79.0625,
              47.75
            ],
            [
              79.6875,
              47.75
            ],
            [
              79.6875,
              47.25
            ],
            [
              79.0625,
              47.25
            ]
          ]
        ]
      },
      "properties": {
        "month": "202411",
        "value": -0.89,
        "units": "degC"
      }
    },
    {
      "type": "Feature",
      "geometry": {
        "type": "Polygon",
        "coordinates": [
          [
            [
              79.6875,
              47.25
            ],
            [
              79.6875,
              47.75
            ],
            [
              80.3125,
              47.75
            ],
            [
              80.3125,
              47.25
            ],
            [
              79.6875,
              47.25
            ]
          ]
        ]
      },
      "properties": {
        "month": "202411",
        "value": -0.64,
        "units": "degC"
      }
    },
    {
      "type": "Feature",
      "geometry": {
        "type": "Polygon",
        "coordinates": [
          [
            [
              75.9375,
              47.75
            ],
            [
              75.9375,
              48.25
            ],
            [
              76.5625,
              48.25
            ],
            [
              76.5625,
              47.75
            ],
            [
              75.9375,
              47.75
            ]
          ]
        ]
      },
      "properties": {
        "month": "202411",
        "value": -2.76,
        "units": "degC"
      }
    },
    {
      "type": "Feature",
      "geometry": {
        "type": "Polygon",
        "coordinates": [
          [
            [
              76.5625,
              47.75
            ],
            [
              76.5625,
              48.25
            ],
            [
              77.1875,
              48.25
            ],
            [
              77.1875,
              47.75
            ],
            [
              76.5625,
              47.75
            ]
          ]
        ]
      },
      "properties": {
        "month": "202411",
        "value": -2.82,
        "units": "degC"
      }
    },
    {
      "type": "Feature",
      "geometry": {
        "type": "Polygon",
        "coordinates": [
          [
            [
              77.1875,
              47.75
            ],
            [
              77.1875,
              48.25
            ],
            [
              77.8125,
              48.25
            ],
            [
              77.8125,
              47.75
            ],
            [
              77.1875,
              47.75
            ]
          ]
        ]
      },
      "properties": {
        "month": "202411",
        "value": -2.79,
        "units": "degC"
      }
    },
    {
      "type": "Feature",
      "geometry": {
        "type": "Polygon",
        "coordinates": [
          [
            [
              77.8125,
              47.75
            ],
            [
              77.8125,
              48.25
            ],
            [
              78.4375,
              48.25
            ],
            [
              78.4375,
              47.75
            ],
            [
              77.8125,
              47.75
            ]
          ]
        ]
      },
      "properties": {
        "month": "202411",
        "value": -2.44,
        "units": "degC"
      }
    },
    {
      "type": "Feature",
      "geometry": {
        "type": "Polygon",
        "coordinates": [
          [
            [
              78.4375,
              47.75
            ],
            [
              78.4375,
              48.25
            ],
            [
              79.0625,
              48.25
            ],
            [
              79.0625,
              47.75
            ],
            [
              78.4375,
              47.75
            ]
          ]
        ]
      },
      "properties": {
        "month": "202411",
        "value": -2.29,
        "units": "degC"
      }
    },
    {
      "type": "Feature",
      "geometry": {
        "type": "Polygon",
        "coordinates": [
          [
            [
              79.0625,
              47.75
            ],
            [
              79.0625,
              48.25
            ],
            [
              79.6875,
              48.25
            ],
            [
              79.6875,
              47.75
            ],
            [
              79.0625,
              47.75
            ]
          ]
        ]
      },
      "properties": {
        "month": "202411",
        "value": -2.82,
        "units": "degC"
      }
    },
    {
      "type": "Feature",
      "geometry": {
        "type": "Polygon",
        "coordinates": [
          [
            [
              79.6875,
              47.75
            ],
            [
              79.6875,
              48.25
            ],
            [
              80.3125,
              48.25
            ],
            [
              80.3125,
              47.75
            ],
            [
              79.6875,
              47.75
            ]
          ]
        ]
      },
      "properties": {
        "month": "202411",
        "value": -2.88,
        "units": "degC"
      }
    },
    {
      "type": "Feature",
      "geometry": {
        "type": "Polygon",
        "coordinates": [
          [
            [
              75.9375,
              48.25
            ],
            [
              75.9375,
              48.75
            ],
            [
              76.5625,
              48.75
            ],
            [
              76.5625,
              48.25
            ],
            [
              75.9375,
              48.25
            ]
          ]
        ]
      },
      "properties": {
        "month": "202411",
        "value": -3.81,
        "units": "degC"
      }
    },
    {
      "type": "Feature",
      "geometry": {
        "type": "Polygon",
        "coordinates": [
          [
            [
              76.5625,
              48.25
            ],
            [
              76.5625,
              48.75
            ],
            [
              77.1875,
              48.75
            ],
            [
              77.1875,
              48.25
            ],
            [
              76.5625,
              48.25
            ]
          ]
        ]
      },
      "properties": {
        "month": "202411",
        "value": -3.62,
        "units": "degC"
      }
    },
    {
      "type": "Feature",
      "geometry": {
        "type": "Polygon",
        "coordinates": [
          [
            [
              77.1875,
              48.25
            ],
            [
              77.1875,
              48.75
            ],
            [
              77.8125,
              48.75
            ],
            [
              77.8125,
              48.25
            ],
            [
              77.1875,
              48.25
            ]
          ]
        ]
      },
      "properties": {
        "month": "202411",
        "value": -3.43,
        "units": "degC"
      }
    },
    {
      "type": "Feature",
      "geometry": {
        "type": "Polygon",
        "coordinates": [
          [
            [
              77.8125,
              48.25
            ],
            [
              77.8125,
              48.75
            ],
            [
              78.4375,
              48.75
            ],
            [
              78.4375,
              48.25
            ],
            [
              77.8125,
              48.25
            ]
          ]
        ]
      },
      "properties": {
        "month": "202411",
        "value": -3.28,
        "units": "degC"
      }
    },
    {
      "type": "Feature",
      "geometry": {
        "type": "Polygon",
        "coordinates": [
          [
            [
              78.4375,
              48.25
            ],
            [
              78.4375,
              48.75
            ],
            [
              79.0625,
              48.75
            ],
            [
              79.0625,
              48.25
            ],
            [
              78.4375,
              48.25
            ]
          ]
        ]
      },
      "properties": {
        "month": "202411",
        "value": -3.61,
        "units": "degC"
      }
    },
    {
      "type": "Feature",
      "geometry": {
        "type": "Polygon",
        "coordinates": [
          [
            [
              79.0625,
              48.25
            ],
            [
              79.0625,
              48.75
            ],
            [
              79.6875,
              48.75
            ],
            [
              79.6875,
              48.25
            ],
            [
              79.0625,
              48.25
            ]
          ]
        ]
      },
      "properties": {
        "month": "202411",
        "value": -3.77,
        "units": "degC"
      }
    },
    {
      "type": "Feature",
      "geometry": {
        "type": "Polygon",
        "coordinates": [
          [
            [
              79.6875,
              48.25
            ],
            [
              79.6875,
              48.75
            ],
            [
              80.3125,
              48.75
            ],
            [
              80.3125,
              48.25
            ],
            [
              79.6875,
              48.25
            ]
          ]
        ]
      },
      "properties": {
        "month": "202411",
        "value": -3.83,
        "units": "degC"
      }
    },
    {
      "type": "Feature",
      "geometry": {
        "type": "Polygon",
        "coordinates": [
          [
            [
              76.5625,
              48.75
            ],
            [
              75.9375,
              48.75
            ],
            [
              75.9375,
              49.0
            ],
            [
              76.5625,
              49.0
            ],
            [
              76.5625,
              48.75
            ]
          ]
        ]
      },
      "properties": {
        "month": "202411",
        "value": -4.81,
        "units": "degC"
      }
    },
    {
      "type": "Feature",
      "geometry": {
        "type": "Polygon",
        "coordinates": [
          [
            [
              77.1875,
              48.75
            ],
            [
              76.5625,
              48.75
            ],
            [
              76.5625,
              49.0
            ],
            [
              77.1875,
              49.0
            ],
            [
              77.1875,
              48.75
            ]
          ]
        ]
      },
      "properties": {
        "month": "202411",
        "value": -4.62,
        "units": "degC"
      }
    },
    {
      "type": "Feature",
      "geometry": {
        "type": "Polygon",
        "coordinates": [
          [
            [
              77.8125,
              48.75
            ],
            [
              77.1875,
              48.75
            ],
            [
              77.1875,
              49.0
            ],
            [
              77.8125,
              49.0
            ],
            [
              77.8125,
              48.75
            ]
          ]
        ]
      },
      "properties": {
        "month": "202411",
        "value": -4.16,
        "units": "degC"
      }
    },
    {
      "type": "Feature",
      "geometry": {
        "type": "Polygon",
        "coordinates": [
          [
            [
              78.4375,
              48.75
            ],
            [
              77.8125,
              48.75
            ],
            [
              77.8125,
              49.0
            ],
            [
              78.4375,
              49.0
            ],
            [
              78.4375,
              48.75
            ]
          ]
        ]
      },
      "properties": {
        "month": "202411",
        "value": -3.75,
        "units": "degC"
      }
    },
    {
      "type": "Feature",
      "geometry": {
        "type": "Polygon",
        "coordinates": [
          [
            [
              79.0625,
              48.75
            ],
            [
              78.4375,
              48.75
            ],
            [
              78.4375,
              49.0
            ],
            [
              79.0625,
              49.0
            ],
            [
              79.0625,
              48.75
            ]
          ]
        ]
      },
      "properties": {
        "month": "202411",
        "value": -3.37,
        "units": "degC"
      }
    },
    {
      "type": "Feature",
      "geometry": {
        "type": "Polygon",
        "coordinates": [
          [
            [
              79.6875,
              48.75
            ],
            [
              79.0625,
              48.75
            ],
            [
              79.0625,
              49.0
            ],
            [
              79.6875,
              49.0
            ],
            [
              79.6875,
              48.75
            ]
          ]
        ]
      },
      "properties": {
        "month": "202411",
        "value": -3.25,
        "units": "degC"
      }
    },
    {
      "type": "Feature",
      "geometry": {
        "type": "Polygon",
        "coordinates": [
          [
            [
              80.3125,
              48.75
            ],
            [
              79.6875,
              48.75
            ],
            [
              79.6875,
              49.0
            ],
            [
              80.3125,
              49.0
            ],
            [
              80.3125,
              48.75
            ]
          ]
        ]
      },
      "properties": {
        "month": "202411",
        "value": -3.83,
        "units": "degC"
      }
    },
    {
      "type": "Feature",
      "geometry": {
        "type": "Polygon",
        "coordinates": [
          [
            [
              80.3125,
              42.25
            ],
            [
              80.9375,
              42.25
            ],
            [
              80.9375,
              42.0
            ],
            [
              80.3125,
              42.0
            ],
            [
              80.3125,
              42.25
            ]
          ]
        ]
      },
      "properties": {
        "month": "202411",
        "value": -7.9,
        "units": "degC"
      }
    },
    {
      "type": "Feature",
      "geometry": {
        "type": "Polygon",
        "coordinates": [
          [
            [
              80.9375,
              42.25
            ],
            [
              81.5625,
              42.25
            ],
            [
              81.5625,
              42.0
            ],
            [
              80.9375,
              42.0
            ],
            [
              80.9375,
              42.25
            ]
          ]
        ]
      },
      "properties": {
        "month": "202411",
        "value": -3.82,
        "units": "degC"
      }
    },
    {
      "type": "Feature",
      "geometry": {
        "type": "Polygon",
        "coordinates": [
          [
            [
              81.5625,
              42.25
            ],
            [
              82.1875,
              42.25
            ],
            [
              82.1875,
              42.0
            ],
            [
              81.5625,
              42.0
            ],
            [
              81.5625,
              42.25
            ]
          ]
        ]
      },
      "properties": {
        "month": "202411",
        "value": -1.04,
        "units": "degC"
      }
    },
    {
      "type": "Feature",
      "geometry": {
        "type": "Polygon",
        "coordinates": [
          [
            [
              82.1875,
              42.25
            ],
            [
              82.8125,
              42.25
            ],
            [
              82.8125,
              42.0
            ],
            [
              82.1875,
              42.0
            ],
            [
              82.1875,
              42.25
            ]
          ]
        ]
      },
      "properties": {
        "month": "202411",
        "value": 1.59,
        "units": "degC"
      }
    },
    {
      "type": "Feature",
      "geometry": {
        "type": "Polygon",
        "coordinates": [
          [
            [
              82.8125,
              42.25
            ],
            [
              83.4375,
              42.25
            ],
            [
              83.4375,
              42.0
            ],
            [
              82.8125,
              42.0
            ],
            [
              82.8125,
              42.25
            ]
          ]
        ]
      },
      "properties": {
        "month": "202411",
        "value": 1.74,
        "units": "degC"
      }
    },
    {
      "type": "Feature",
      "geometry": {
        "type": "Polygon",
        "coordinates": [
          [
            [
              83.4375,
              42.25
            ],
            [
              84.0625,
              42.25
            ],
            [
              84.0625,
              42.0
            ],
            [
              83.4375,
              42.0
            ],
            [
              83.4375,
              42.25
            ]
          ]
        ]
      },
      "properties": {
        "month": "202411",
        "value": 0.66,
        "units": "degC"
      }
    },
    {
      "type": "Feature",
      "geometry": {
        "type": "Polygon",
        "coordinates": [
          [
            [
              80.3125,
              42.25
            ],
            [
              80.3125,
              42.75
            ],
            [
              80.9375,
              42.75
            ],
            [
              80.9375,
              42.25
            ],
            [
              80.3125,
              42.25
            ]
          ]
        ]
      },
      "properties": {
        "month": "202411",
        "value": -5.58,
        "units": "degC"
      }
    },
    {
      "type": "Feature",
      "geometry": {
        "type": "Polygon",
        "coordinates": [
          [
            [
              80.9375,
              42.25
            ],
            [
              80.9375,
              42.75
            ],
            [
              81.5625,
              42.75
            ],
            [
              81.5625,
              42.25
            ],
            [
              80.9375,
              42.25
            ]
          ]
        ]
      },
      "properties": {
        "month": "202411",
        "value": -6.19,
        "units": "degC"
      }
    },
    {
      "type": "Feature",
      "geometry": {
        "type": "Polygon",
        "coordinates": [
          [
            [
              81.5625,
              42.25
            ],
            [
              81.5625,
              42.75
            ],
            [
              82.1875,
              42.75
            ],
            [
              82.1875,
              42.25
            ],
            [
              81.5625,
              42.25
            ]
          ]
        ]
      },
      "properties": {
        "month": "202411",
        "value": -6.25,
        "units": "degC"
      }
    },
    {
      "type": "Feature",
      "geometry": {
        "type": "Polygon",
        "coordinates": [
          [
            [
              82.1875,
              42.25
            ],
            [
              82.1875,
              42.75
            ],
            [
              82.8125,
              42.75
            ],
            [
              82.8125,
              42.25
            ],
            [
              82.1875,
              42.25
            ]
          ]
        ]
      },
      "properties": {
        "month": "202411",
        "value": -6.0,
        "units": "degC"
      }
    },
    {
      "type": "Feature",
      "geometry": {
        "type": "Polygon",
        "coordinates": [
          [
            [
              82.8125,
              42.25
            ],
            [
              82.8125,
              42.75
            ],
            [
              83.4375,
              42.75
            ],
            [
              83.4375,
              42.25
            ],
            [
              82.8125,
              42.25
            ]
          ]
        ]
      },
      "properties": {
        "month": "202411",
        "value": -7.09,
        "units": "degC"
      }
    },
    {
      "type": "Feature",
      "geometry": {
        "type": "Polygon",
        "coordinates": [
          [
            [
              83.4375,
              42.25
            ],
            [
              83.4375,
              42.75
            ],
            [
              84.0625,
              42.75
            ],
            [
              84.0625,
              42.25
            ],
            [
              83.4375,
              42.25
            ]
          ]
        ]
      },
      "properties": {
        "month": "202411",
        "value": -6.62,
        "units": "degC"
      }
    },
    {
      "type": "Feature",
      "geometry": {
        "type": "Polygon",
        "coordinates": [
          [
            [
              80.3125,
              42.75
            ],
            [
              80.3125,
              43.25
            ],
            [
              80.9375,
              43.25
            ],
            [
              80.9375,
              42.75
            ],
            [
              80.3125,
              42.75
            ]
          ]
        ]
      },
      "properties": {
        "month": "202411",
        "value": -1.09,
        "units": "degC"
      }
    },
    {
      "type": "Feature",
      "geometry": {
        "type": "Polygon",
        "coordinates": [
          [
            [
              80.9375,
              42.75
            ],
            [
              80.9375,
              43.25
            ],
            [
              81.5625,
              43.25
            ],
            [
              81.5625,
              42.75
            ],
            [
              80.9375,
              42.75
            ]
          ]
        ]
      },
      "properties": {
        "month": "202411",
        "value": 0.03,
        "units": "degC"
      }
    },
    {
      "type": "Feature",
      "geometry": {
        "type": "Polygon",
        "coordinates": [
          [
            [
              81.5625,
              42.75
            ],
            [
              81.5625,
              43.25
            ],
            [
              82.1875,
              43.25
            ],
            [
              82.1875,
              42.75
            ],
            [
              81.5625,
              42.75
            ]
          ]
        ]
      },
      "properties": {
        "month": "202411",
        "value": 0.43,
        "units": "degC"
      }
    },
    {
      "type": "Feature",
      "geometry": {
        "type": "Polygon",
        "coordinates": [
          [
            [
              82.1875,
              42.75
            ],
            [
              82.1875,
              43.25
            ],
            [
              82.8125,
              43.25
            ],
            [
              82.8125,
              42.75
            ],
            [
              82.1875,
              42.75
            ]
          ]
        ]
      },
      "properties": {
        "month": "202411",
        "value": -2.57,
        "units": "degC"
      }
    },
    {
      "type": "Feature",
      "geometry": {
        "type": "Polygon",
        "coordinates": [
          [
            [
              82.8125,
              42.75
            ],
            [
              82.8125,
              43.25
            ],
            [
              83.4375,
              43.25
            ],
            [
              83.4375,
              42.75
            ],
            [
              82.8125,
              42.75
            ]
          ]
        ]
      },
      "properties": {
        "month": "202411",
        "value": -4.96,
        "units": "degC"
      }
    },
    {
      "type": "Feature",
      "geometry": {
        "type": "Polygon",
        "coordinates": [
          [
            [
              83.4375,
              42.75
            ],
            [
              83.4375,
              43.25
            ],
            [
              84.0625,
              43.25
            ],
            [
              84.0625,
              42.75
            ],
            [
              83.4375,
              42.75
            ]
          ]
        ]
      },
      "properties": {
        "month": "202411",
        "value": -6.95,
        "units": "degC"
      }
    },
    {
      "type": "Feature",
      "geometry": {
        "type": "Polygon",
        "coordinates": [
          [
            [
              80.3125,
              43.25
            ],
            [
              80.3125,
              43.75
            ],
            [
              80.9375,
              43.75
            ],
            [
              80.9375,
              43.25
            ],
            [
              80.3125,
              43.25
            ]
          ]
        ]
      },
      "properties": {
        "month": "202411",
        "value": 1.88,
        "units": "degC"
      }
    },
    {
      "type": "Feature",
      "geometry": {
        "type": "Polygon",
        "coordinates": [
          [
            [
              80.9375,
              43.25
            ],
            [
              80.9375,
              43.75
            ],
            [
              81.5625,
              43.75
            ],
            [
              81.5625,
              43.25
            ],
            [
              80.9375,
              43.25
            ]
          ]
        ]
      },
      "properties": {
        "month": "202411",
        "value": -0.36,
        "units": "degC"
      }
    },
    {
      "type": "Feature",
      "geometry": {
        "type": "Polygon",
        "coordinates": [
          [
            [
              81.5625,
              43.25
            ],
            [
              81.5625,
              43.75
            ],
            [
              82.1875,
              43.75
            ],
            [
              82.1875,
              43.25
            ],
            [
              81.5625,
              43.25
            ]
          ]
        ]
      },
      "properties": {
        "month": "202411",
        "value": 2.08,
        "units": "degC"
      }
    },
    {
      "type": "Feature",
      "geometry": {
        "type": "Polygon",
        "coordinates": [
          [
            [
              82.1875,
              43.25
            ],
            [
              82.1875,
              43.75
            ],
            [
              82.8125,
              43.75
            ],
            [
              82.8125,
              43.25
            ],
            [
              82.1875,
              43.25
            ]
          ]
        ]
      },
      "properties": {
        "month": "202411",
        "value": 4.5,
        "units": "degC"
      }
    },
    {
      "type": "Feature",
      "geometry": {
        "type": "Polygon",
        "coordinates": [
          [
            [
              82.8125,
              43.25
            ],
            [
              82.8125,
              43.75
            ],
            [
              83.4375,
              43.75
            ],
            [
              83.4375,
              43.25
            ],
            [
              82.8125,
              43.25
            ]
          ]
        ]
      },
      "properties": {
        "month": "202411",
        "value": 3.02,
        "units": "degC"
      }
    },
    {
      "type": "Feature",
      "geometry": {
        "type": "Polygon",
        "coordinates": [
          [
            [
              83.4375,
              43.25
            ],
            [
              83.4375,
              43.75
            ],
            [
              84.0625,
              43.75
            ],
            [
              84.0625,
              43.25
            ],
            [
              83.4375,
              43.25
            ]
          ]
        ]
      },
      "properties": {
        "month": "202411",
        "value": -1.55,
        "units": "degC"
      }
    },
    {
      "type": "Feature",
      "geometry": {
        "type": "Polygon",
        "coordinates": [
          [
            [
              80.3125,
              43.75
            ],
            [
              80.3125,
              44.25
            ],
            [
              80.9375,
              44.25
            ],
            [
              80.9375,
              43.75
            ],
            [
              80.3125,
              43.75
            ]
          ]
        ]
      },
      "properties": {
        "month": "202411",
        "value": 4.96,
        "units": "degC"
      }
    },
    {
      "type": "Feature",
      "geometry": {
        "type": "Polygon",
        "coordinates": [
          [
            [
              80.9375,
              43.75
            ],
            [
              80.9375,
              44.25
            ],
            [
              81.5625,
              44.25
            ],
            [
              81.5625,
              43.75
            ],
            [
              80.9375,
              43.75
            ]
          ]
        ]
      },
      "properties": {
        "month": "202411",
        "value": 3.69,
        "units": "degC"
      }
    },
    {
      "type": "Feature",
      "geometry": {
        "type": "Polygon",
        "coordinates": [
          [
            [
              81.5625,
              43.75
            ],
            [
              81.5625,
              44.25
            ],
            [
              82.1875,
              44.25
            ],
            [
              82.1875,
              43.75
            ],
            [
              81.5625,
              43.75
            ]
          ]
        ]
      },
      "properties": {
        "month": "202411",
        "value": 0.81,
        "units": "degC"
      }
    },
    {
      "type": "Feature",
      "geometry": {
        "type": "Polygon",
        "coordinates": [
          [
            [
              82.1875,
              43.75
            ],
            [
              82.1875,
              44.25
            ],
            [
              82.8125,
              44.25
            ],
            [
              82.8125,
              43.75
            ],
            [
              82.1875,
              43.75
            ]
          ]
        ]
      },
      "properties": {
        "month": "202411",
        "value": -1.57,
        "units": "degC"
      }
    },
    {
      "type": "Feature",
      "geometry": {
        "type": "Polygon",
        "coordinates": [
          [
            [
              82.8125,
              43.75
            ],
            [
              82.8125,
              44.25
            ],
            [
              83.4375,
              44.25
            ],
            [
              83.4375,
              43.75
            ],
            [
              82.8125,
              43.75
            ]
          ]
        ]
      },
      "properties": {
        "month": "202411",
        "value": -4.11,
        "units": "degC"
      }
    },
    {
      "type": "Feature",
      "geometry": {
        "type": "Polygon",
        "coordinates": [
          [
            [
              83.4375,
              43.75
            ],
            [
              83.4375,
              44.25
            ],
            [
              84.0625,
              44.25
            ],
            [
              84.0625,
              43.75
            ],
            [
              83.4375,
              43.75
            ]
          ]
        ]
      },
      "properties": {
        "month": "202411",
        "value": -7.15,
        "units": "degC"
      }
    },
    {
      "type": "Feature",
      "geometry": {
        "type": "Polygon",
        "coordinates": [
          [
            [
              80.3125,
              44.25
            ],
            [
              80.3125,
              44.75
            ],
            [
              80.9375,
              44.75
            ],
            [
              80.9375,
              44.25
            ],
            [
              80.3125,
              44.25
            ]
          ]
        ]
      },
      "properties": {
        "month": "202411",
        "value": -2.37,
        "units": "degC"
      }
    },
    {
      "type": "Feature",
      "geometry": {
        "type": "Polygon",
        "coordinates": [
          [
            [
              80.9375,
              44.25
            ],
            [
              80.9375,
              44.75
            ],
            [
              81.5625,
              44.75
            ],
            [
              81.5625,
              44.25
            ],
            [
              80.9375,
              44.25
            ]
          ]
        ]
      },
      "properties": {
        "month": "202411",
        "value": -3.53,
        "units": "degC"
      }
    },
    {
      "type": "Feature",
      "geometry": {
        "type": "Polygon",
        "coordinates": [
          [
            [
              81.5625,
              44.25
            ],
            [
              81.5625,
              44.75
            ],
            [
              82.1875,
              44.75
            ],
            [
              82.1875,
              44.25
            ],
            [
              81.5625,
              44.25
            ]
          ]
        ]
      },
      "properties": {
        "month": "202411",
        "value": -3.1,
        "units": "degC"
      }
    },
    {
      "type": "Feature",
      "geometry": {
        "type": "Polygon",
        "coordinates": [
          [
            [
              82.1875,
              44.25
            ],
            [
              82.1875,
              44.75
            ],
            [
              82.8125,
              44.75
            ],
            [
              82.8125,
              44.25
            ],
            [
              82.1875,
              44.25
            ]
          ]
        ]
      },
      "properties": {
        "month": "202411",
        "value": 1.0,
        "units": "degC"
      }
    },
    {
      "type": "Feature",
      "geometry": {
        "type": "Polygon",
        "coordinates": [
          [
            [
              82.8125,
              44.25
            ],
            [
              82.8125,
              44.75
            ],
            [
              83.4375,
              44.75
            ],
            [
              83.4375,
              44.25
            ],
            [
              82.8125,
              44.25
            ]
          ]
        ]
      },
      "properties": {
        "month": "202411",
        "value": 1.07,
        "units": "degC"
      }
    },
    {
      "type": "Feature",
      "geometry": {
        "type": "Polygon",
        "coordinates": [
          [
            [
              83.4375,
              44.25
            ],
            [
              83.4375,
              44.75
            ],
            [
              84.0625,
              44.75
            ],
            [
              84.0625,
              44.25
            ],
            [
              83.4375,
              44.25
            ]
          ]
        ]
      },
      "properties": {
        "month": "202411",
        "value": 0.72,
        "units": "degC"
      }
    },
    {
      "type": "Feature",
      "geometry": {
        "type": "Polygon",
        "coordinates": [
          [
            [
              80.3125,
              44.75
            ],
            [
              80.3125,
              45.25
            ],
            [
              80.9375,
              45.25
            ],
            [
              80.9375,
              44.75
            ],
            [
              80.3125,
              44.75
            ]
          ]
        ]
      },
      "properties": {
        "month": "202411",
        "value": -7.79,
        "units": "degC"
      }
    },
    {
      "type": "Feature",
      "geometry": {
        "type": "Polygon",
        "coordinates": [
          [
            [
              80.9375,
              44.75
            ],
            [
              80.9375,
              45.25
            ],
            [
              81.5625,
              45.25
            ],
            [
              81.5625,
              44.75
            ],
            [
              80.9375,
              44.75
            ]
          ]
        ]
      },
      "properties": {
        "month": "202411",
        "value": -4.2,
        "units": "degC"
      }
    },
    {
      "type": "Feature",
      "geometry": {
        "type": "Polygon",
        "coordinates": [
          [
            [
              81.5625,
              44.75
            ],
            [
              81.5625,
              45.25
            ],
            [
              82.1875,
              45.25
            ],
            [
              82.1875,
              44.75
            ],
            [
              81.5625,
              44.75
            ]
          ]
        ]
      },
      "properties": {
        "month": "202411",
        "value": -2.71,
        "units": "degC"
      }
    },
    {
      "type": "Feature",
      "geometry": {
        "type": "Polygon",
        "coordinates": [
          [
            [
              82.1875,
              44.75
            ],
            [
              82.1875,
              45.25
            ],
            [
              82.8125,
              45.25
            ],
            [
              82.8125,
              44.75
            ],
            [
              82.1875,
              44.75
            ]
          ]
        ]
      },
      "properties": {
        "month": "202411",
        "value": 2.69,
        "units": "degC"
      }
    },
    {
      "type": "Feature",
      "geometry": {
        "type": "Polygon",
        "coordinates": [
          [
            [
              82.8125,
              44.75
            ],
            [
              82.8125,
              45.25
            ],
            [
              83.4375,
              45.25
            ],
            [
              83.4375,
              44.75
            ],
            [
              82.8125,
              44.75
            ]
          ]
        ]
      },
      "properties": {
        "month": "202411",
        "value": 2.17,
        "units": "degC"
      }
    },
    {
      "type": "Feature",
      "geometry": {
        "type": "Polygon",
        "coordinates": [
          [
            [
              83.4375,
              44.75
            ],
            [
              83.4375,
              45.25
            ],
            [
              84.0625,
              45.25
            ],
            [
              84.0625,
              44.75
            ],
            [
              83.4375,
              44.75
            ]
          ]
        ]
      },
      "properties": {
        "month": "202411",
        "value": 1.58,
        "units": "degC"
      }
    },
    {
      "type": "Feature",
      "geometry": {
        "type": "Polygon",
        "coordinates": [
          [
            [
              80.3125,
              45.25
            ],
            [
              80.3125,
              45.75
            ],
            [
              80.9375,
              45.75
            ],
            [
              80.9375,
              45.25
            ],
            [
              80.3125,
              45.25
            ]
          ]
        ]
      },
      "properties": {
        "month": "202411",
        "value": -0.9,
        "units": "degC"
      }
    },
    {
      "type": "Feature",
      "geometry": {
        "type": "Polygon",
        "coordinates": [
          [
            [
              80.9375,
              45.25
            ],
            [
              80.9375,
              45.75
            ],
            [
              81.5625,
              45.75
            ],
            [
              81.5625,
              45.25
            ],
            [
              80.9375,
              45.25
            ]
          ]
        ]
      },
      "properties": {
        "month": "202411",
        "value": -4.7,
        "units": "degC"
      }
    },
    {
      "type": "Feature",
      "geometry": {
        "type": "Polygon",
        "coordinates": [
          [
            [
              81.5625,
              45.25
            ],
            [
              81.5625,
              45.75
            ],
            [
              82.1875,
              45.75
            ],
            [
              82.1875,
              45.25
            ],
            [
              81.5625,
              45.25
            ]
          ]
        ]
      },
      "properties": {
        "month": "202411",
        "value": -2.59,
        "units": "degC"
      }
    },
    {
      "type": "Feature",
      "geometry": {
        "type": "Polygon",
        "coordinates": [
          [
            [
              82.1875,
              45.25
            ],
            [
              82.1875,
              45.75
            ],
            [
              82.8125,
              45.75
            ],
            [
              82.8125,
              45.25
            ],
            [
              82.1875,
              45.25
            ]
          ]
        ]
      },
      "properties": {
        "month": "202411",
        "value": -2.07,
        "units": "degC"
      }
    },
    {
      "type": "Feature",
      "geometry": {
        "type": "Polygon",
        "coordinates": [
          [
            [
              82.8125,
              45.25
            ],
            [
              82.8125,
              45.75
            ],
            [
              83.4375,
              45.75
            ],
            [
              83.4375,
              45.25
            ],
            [
              82.8125,
              45.25
            ]
          ]
        ]
      },
      "properties": {
        "month": "202411",
        "value": -6.28,
        "units": "degC"
      }
    },
    {
      "type": "Feature",
      "geometry": {
        "type": "Polygon",
        "coordinates": [
          [
            [
              83.4375,
              45.25
            ],
            [
              83.4375,
              45.75
            ],
            [
              84.0625,
              45.75
            ],
            [
              84.0625,
              45.25
            ],
            [
              83.4375,
              45.25
            ]
          ]
        ]
      },
      "properties": {
        "month": "202411",
        "value": -4.48,
        "units": "degC"
      }
    },
    {
      "type": "Feature",
      "geometry": {
        "type": "Polygon",
        "coordinates": [
          [
            [
              80.3125,
              45.75
            ],
            [
              80.3125,
              46.25
            ],
            [
              80.9375,
              46.25
            ],
            [
              80.9375,
              45.75
            ],
            [
              80.3125,
              45.75
            ]
          ]
        ]
      },
      "properties": {
        "month": "202411",
        "value": 2.44,
        "units": "degC"
      }
    },
    {
      "type": "Feature",
      "geometry": {
        "type": "Polygon",
        "coordinates": [
          [
            [
              80.9375,
              45.75
            ],
            [
              80.9375,
              46.25
            ],
            [
              81.5625,
              46.25
            ],
            [
              81.5625,
              45.75
            ],
            [
              80.9375,
              45.75
            ]
          ]
        ]
      },
      "properties": {
        "month": "202411",
        "value": 3.61,
        "units": "degC"
      }
    },
    {
      "type": "Feature",
      "geometry": {
        "type": "Polygon",
        "coordinates": [
          [
            [
              81.5625,
              45.75
            ],
            [
              81.5625,
              46.25
            ],
            [
              82.1875,
              46.25
            ],
            [
              82.1875,
              45.75
            ],
            [
              81.5625,
              45.75
            ]
          ]
        ]
      },
      "properties": {
        "month": "202411",
        "value": 4.12,
        "units": "degC"
      }
    },
    {
      "type": "Feature",
      "geometry": {
        "type": "Polygon",
        "coordinates": [
          [
            [
              82.1875,
              45.75
            ],
            [
              82.1875,
              46.25
            ],
            [
              82.8125,
              46.25
            ],
            [
              82.8125,
              45.75
            ],
            [
              82.1875,
              45.75
            ]
          ]
        ]
      },
      "properties": {
        "month": "202411",
        "value": -0.04,
        "units": "degC"
      }
    },
    {
      "type": "Feature",
      "geometry": {
        "type": "Polygon",
        "coordinates": [
          [
            [
              82.8125,
              45.75
            ],
            [
              82.8125,
              46.25
            ],
            [
              83.4375,
              46.25
            ],
            [
              83.4375,
              45.75
            ],
            [
              82.8125,
              45.75
            ]
          ]
        ]
      },
      "properties": {
        "month": "202411",
        "value": -1.34,
        "units": "degC"
      }
    },
    {
      "type": "Feature",
      "geometry": {
        "type": "Polygon",
        "coordinates": [
          [
            [
              83.4375,
              45.75
            ],
            [
              83.4375,
              46.25
            ],
            [
              84.0625,
              46.25
            ],
            [
              84.0625,
              45.75
            ],
            [
              83.4375,
              45.75
            ]
          ]
        ]
      },
      "properties": {
        "month": "202411",
        "value": -2.38,
        "units": "degC"
      }
    },
    {
      "type": "Feature",
      "geometry": {
        "type": "Polygon",
        "coordinates": [
          [
            [
              80.3125,
              46.25
            ],
            [
              80.3125,
              46.75
            ],
            [
              80.9375,
              46.75
            ],
            [
              80.9375,
              46.25
            ],
            [
              80.3125,
              46.25
            ]
          ]
        ]
      },
      "properties": {
        "month": "202411",
        "value": 1.19,
        "units": "degC"
      }
    },
    {
      "type": "Feature",
      "geometry": {
        "type": "Polygon",
        "coordinates": [
          [
            [
              80.9375,
              46.25
            ],
            [
              80.9375,
              46.75
            ],
            [
              81.5625,
              46.75
            ],
            [
              81.5625,
              46.25
            ],
            [
              80.9375,
              46.25
            ]
          ]
        ]
      },
      "properties": {
        "month": "202411",
        "value": 1.82,
        "units": "degC"
      }
    },
    {
      "type": "Feature",
      "geometry": {
        "type": "Polygon",
        "coordinates": [
          [
            [
              81.5625,
              46.25
            ],
            [
              81.5625,
              46.75
            ],
            [
              82.1875,
              46.75
            ],
            [
              82.1875,
              46.25
            ],
            [
              81.5625,
              46.25
            ]
          ]
        ]
      },
      "properties": {
        "month": "202411",
        "value": 2.02,
        "units": "degC"
      }
    },
    {
      "type": "Feature",
      "geometry": {
        "type": "Polygon",
        "coordinates": [
          [
            [
              82.1875,
              46.25
            ],
            [
              82.1875,
              46.75
            ],
            [
              82.8125,
              46.75
            ],
            [
              82.8125,
              46.25
            ],
            [
              82.1875,
              46.25
            ]
          ]
        ]
      },
      "properties": {
        "month": "202411",
        "value": 1.47,
        "units": "degC"
      }
    },
    {
      "type": "Feature",
      "geometry": {
        "type": "Polygon",
        "coordinates": [
          [
            [
              82.8125,
              46.25
            ],
            [
              82.8125,
              46.75
            ],
            [
              83.4375,
              46.75
            ],
            [
              83.4375,
              46.25
            ],
            [
              82.8125,
              46.25
            ]
          ]
        ]
      },
      "properties": {
        "month": "202411",
        "value": 1.02,
        "units": "degC"
      }
    },
    {
      "type": "Feature",
      "geometry": {
        "type": "Polygon",
        "coordinates": [
          [
            [
              83.4375,
              46.25
            ],
            [
              83.4375,
              46.75
            ],
            [
              84.0625,
              46.75
            ],
            [
              84.0625,
              46.25
            ],
            [
              83.4375,
              46.25
            ]
          ]
        ]
      },
      "properties": {
        "month": "202411",
        "value": -1.19,
        "units": "degC"
      }
    },
    {
      "type": "Feature",
      "geometry": {
        "type": "Polygon",
        "coordinates": [
          [
            [
              80.3125,
              46.75
            ],
            [
              80.3125,
              47.25
            ],
            [
              80.9375,
              47.25
            ],
            [
              80.9375,
              46.75
            ],
            [
              80.3125,
              46.75
            ]
          ]
        ]
      },
      "properties": {
        "month": "202411",
        "value": 0.52,
        "units": "degC"
      }
    },
    {
      "type": "Feature",
      "geometry": {
        "type": "Polygon",
        "coordinates": [
          [
            [
              80.9375,
              46.75
            ],
            [
              80.9375,
              47.25
            ],
            [
              81.5625,
              47.25
            ],
            [
              81.5625,
              46.75
            ],
            [
              80.9375,
              46.75
            ]
          ]
        ]
      },
      "properties": {
        "month": "202411",
        "value": -0.15,
        "units": "degC"
      }
    },
    {
      "type": "Feature",
      "geometry": {
        "type": "Polygon",
        "coordinates": [
          [
            [
              81.5625,
              46.75
            ],
            [
              81.5625,
              47.25
            ],
            [
              82.1875,
              47.25
            ],
            [
              82.1875,
              46.75
            ],
            [
              81.5625,
              46.75
            ]
          ]
        ]
      },
      "properties": {
        "month": "202411",
        "value": -1.59,
        "units": "degC"
      }
    },
    {
      "type": "Feature",
      "geometry": {
        "type": "Polygon",
        "coordinates": [
          [
            [
              82.1875,
              46.75
            ],
            [
              82.1875,
              47.25
            ],
            [
              82.8125,
              47.25
            ],
            [
              82.8125,
              46.75
            ],
            [
              82.1875,
              46.75
            ]
          ]
        ]
      },
      "properties": {
        "month": "202411",
        "value": -3.38,
        "units": "degC"
      }
    },
    {
      "type": "Feature",
      "geometry": {
        "type": "Polygon",
        "coordinates": [
          [
            [
              82.8125,
              46.75
            ],
            [
              82.8125,
              47.25
            ],
            [
              83.4375,
              47.25
            ],
            [
              83.4375,
              46.75
            ],
            [
              82.8125,
              46.75
            ]
          ]
        ]
      },
      "properties": {
        "month": "202411",
        "value": -4.78,
        "units": "degC"
      }
    },
    {
      "type": "Feature",
      "geometry": {
        "type": "Polygon",
        "coordinates": [
          [
            [
              83.4375,
              46.75
            ],
            [
              83.4375,
              47.25
            ],
            [
              84.0625,
              47.25
            ],
            [
              84.0625,
              46.75
            ],
            [
              83.4375,
              46.75
            ]
          ]
        ]
      },
      "properties": {
        "month": "202411",
        "value": -5.47,
        "units": "degC"
      }
    },
    {
      "type": "Feature",
      "geometry": {
        "type": "Polygon",
        "coordinates": [
          [
            [
              80.3125,
              47.25
            ],
            [
              80.3125,
              47.75
            ],
            [
              80.9375,
              47.75
            ],
            [
              80.9375,
              47.25
            ],
            [
              80.3125,
              47.25
            ]
          ]
        ]
      },
      "properties": {
        "month": "202411",
        "value": -1.42,
        "units": "degC"
      }
    },
    {
      "type": "Feature",
      "geometry": {
        "type": "Polygon",
        "coordinates": [
          [
            [
              80.9375,
              47.25
            ],
            [
              80.9375,
              47.75
            ],
            [
              81.5625,
              47.75
            ],
            [
              81.5625,
              47.25
            ],
            [
              80.9375,
              47.25
            ]
          ]
        ]
      },
      "properties": {
        "month": "202411",
        "value": -3.52,
        "units": "degC"
      }
    },
    {
      "type": "Feature",
      "geometry": {
        "type": "Polygon",
        "coordinates": [
          [
            [
              81.5625,
              47.25
            ],
            [
              81.5625,
              47.75
            ],
            [
              82.1875,
              47.75
            ],
            [
              82.1875,
              47.25
            ],
            [
              81.5625,
              47.25
            ]
          ]
        ]
      },
      "properties": {
        "month": "202411",
        "value": -4.67,
        "units": "degC"
      }
    },
    {
      "type": "Feature",
      "geometry": {
        "type": "Polygon",
        "coordinates": [
          [
            [
              82.1875,
              47.25
            ],
            [
              82.1875,
              47.75
            ],
            [
              82.8125,
              47.75
            ],
            [
              82.8125,
              47.25
            ],
            [
              82.1875,
              47.25
            ]
          ]
        ]
      },
      "properties": {
        "month": "202411",
        "value": -4.37,
        "units": "degC"
      }
    },
    {
      "type": "Feature",
      "geometry": {
        "type": "Polygon",
        "coordinates": [
          [
            [
              82.8125,
              47.25
            ],
            [
              82.8125,
              47.75
            ],
            [
              83.4375,
              47.75
            ],
            [
              83.4375,
              47.25
            ],
            [
              82.8125,
              47.25
            ]
          ]
        ]
      },
      "properties": {
        "month": "202411",
        "value": -3.47,
        "units": "degC"
      }
    },
    {
      "type": "Feature",
      "geometry": {
        "type": "Polygon",
        "coordinates": [
          [
            [
              83.4375,
              47.25
            ],
            [
              83.4375,
              47.75
            ],
            [
              84.0625,
              47.75
            ],
            [
              84.0625,
              47.25
            ],
            [
              83.4375,
              47.25
            ]
          ]
        ]
      },
      "properties": {
        "month": "202411",
        "value": -2.86,
        "units": "degC"
      }
    },
    {
      "type": "Feature",
      "geometry": {
        "type": "Polygon",
        "coordinates": [
          [
            [
              80.3125,
              47.75
            ],
            [
              80.3125,
              48.25
            ],
            [
              80.9375,
              48.25
            ],
            [
              80.9375,
              47.75
            ],
            [
              80.3125,
              47.75
            ]
          ]
        ]
      },
      "properties": {
        "month": "202411",
        "value": -2.81,
        "units": "degC"
      }
    },
    {
      "type": "Feature",
      "geometry": {
        "type": "Polygon",
        "coordinates": [
          [
            [
              80.9375,
              47.75
            ],
            [
              80.9375,
              48.25
            ],
            [
              81.5625,
              48.25
            ],
            [
              81.5625,
              47.75
            ],
            [
              80.9375,
              47.75
            ]
          ]
        ]
      },
      "properties": {
        "month": "202411",
        "value": -3.93,
        "units": "degC"
      }
    },
    {
      "type": "Feature",
      "geometry": {
        "type": "Polygon",
        "coordinates": [
          [
            [
              81.5625,
              47.75
            ],
            [
              81.5625,
              48.25
            ],
            [
              82.1875,
              48.25
            ],
            [
              82.1875,
              47.75
            ],
            [
              81.5625,
              47.75
            ]
          ]
        ]
      },
      "properties": {
        "month": "202411",
        "value": -4.28,
        "units": "degC"
      }
    },
    {
      "type": "Feature",
      "geometry": {
        "type": "Polygon",
        "coordinates": [
          [
            [
              82.1875,
              47.75
            ],
            [
              82.1875,
              48.25
            ],
            [
              82.8125,
              48.25
            ],
            [
              82.8125,
              47.75
            ],
            [
              82.1875,
              47.75
            ]
          ]
        ]
      },
      "properties": {
        "month": "202411",
        "value": -3.21,
        "units": "degC"
      }
    },
    {
      "type": "Feature",
      "geometry": {
        "type": "Polygon",
        "coordinates": [
          [
            [
              82.8125,
              47.75
            ],
            [
              82.8125,
              48.25
            ],
            [
              83.4375,
              48.25
            ],
            [
              83.4375,
              47.75
            ],
            [
              82.8125,
              47.75
            ]
          ]
        ]
      },
      "properties": {
        "month": "202411",
        "value": -2.1,
        "units": "degC"
      }
    },
    {
      "type": "Feature",
      "geometry": {
        "type": "Polygon",
        "coordinates": [
          [
            [
              83.4375,
              47.75
            ],
            [
              83.4375,
              48.25
            ],
            [
              84.0625,
              48.25
            ],
            [
              84.0625,
              47.75
            ],
            [
              83.4375,
              47.75
            ]
          ]
        ]
      },
      "properties": {
        "month": "202411",
        "value": -1.61,
        "units": "degC"
      }
    },
    {
      "type": "Feature",
      "geometry": {
        "type": "Polygon",
        "coordinates": [
          [
            [
              80.3125,
              48.25
            ],
            [
              80.3125,
              48.75
            ],
            [
              80.9375,
              48.75
            ],
            [
              80.9375,
              48.25
            ],
            [
              80.3125,
              48.25
            ]
          ]
        ]
      },
      "properties": {
        "month": "202411",
        "value": -4.28,
        "units": "degC"
      }
    },
    {
      "type": "Feature",
      "geometry": {
        "type": "Polygon",
        "coordinates": [
          [
            [
              80.9375,
              48.25
            ],
            [
              80.9375,
              48.75
            ],
            [
              81.5625,
              48.75
            ],
            [
              81.5625,
              48.25
            ],
            [
              80.9375,
              48.25
            ]
          ]
        ]
      },
      "properties": {
        "month": "202411",
        "value": -4.77,
        "units": "degC"
      }
    },
    {
      "type": "Feature",
      "geometry": {
        "type": "Polygon",
        "coordinates": [
          [
            [
              81.5625,
              48.25
            ],
            [
              81.5625,
              48.75
            ],
            [
              82.1875,
              48.75
            ],
            [
              82.1875,
              48.25
            ],
            [
              81.5625,
              48.25
            ]
          ]
        ]
      },
      "properties": {
        "month": "202411",
        "value": -4.87,
        "units": "degC"
      }
    },
    {
      "type": "Feature",
      "geometry": {
        "type": "Polygon",
        "coordinates": [
          [
            [
              82.1875,
              48.25
            ],
            [
              82.1875,
              48.75
            ],
            [
              82.8125,
              48.75
            ],
            [
              82.8125,
              48.25
            ],
            [
              82.1875,
              48.25
            ]
          ]
        ]
      },
      "properties": {
        "month": "202411",
        "value": -4.19,
        "units": "degC"
      }
    },
    {
      "type": "Feature",
      "geometry": {
        "type": "Polygon",
        "coordinates": [
          [
            [
              82.8125,
              48.25
            ],
            [
              82.8125,
              48.75
            ],
            [
              83.4375,
              48.75
            ],
            [
              83.4375,
              48.25
            ],
            [
              82.8125,
              48.25
            ]
          ]
        ]
      },
      "properties": {
        "month": "202411",
        "value": -3.2,
        "units": "degC"
      }
    },
    {
      "type": "Feature",
      "geometry": {
        "type": "Polygon",
        "coordinates": [
          [
            [
              83.4375,
              48.25
            ],
            [
              83.4375,
              48.75
            ],
            [
              84.0625,
              48.75
            ],
            [
              84.0625,
              48.25
            ],
            [
              83.4375,
              48.25
            ]
          ]
        ]
      },
      "properties": {
        "month": "202411",
        "value": -2.51,
        "units": "degC"
      }
    },
    {
      "type": "Feature",
      "geometry": {
        "type": "Polygon",
        "coordinates": [
          [
            [
              80.9375,
              48.75
            ],
            [
              80.3125,
              48.75
            ],
            [
              80.3125,
              49.0
            ],
            [
              80.9375,
              49.0
            ],
            [
              80.9375,
              48.75
            ]
          ]
        ]
      },
      "properties": {
        "month": "202411",
        "value": -4.07,
        "units": "degC"
      }
    },
    {
      "type": "Feature",
      "geometry": {
        "type": "Polygon",
        "coordinates": [
          [
            [
              81.5625,
              48.75
            ],
            [
              80.9375,
              48.75
            ],
            [
              80.9375,
              49.0
            ],
            [
              81.5625,
              49.0
            ],
            [
              81.5625,
              48.75
            ]
          ]
        ]
      },
      "properties": {
        "month": "202411",
        "value": -4.41,
        "units": "degC"
      }
    },
    {
      "type": "Feature",
      "geometry": {
        "type": "Polygon",
        "coordinates": [
          [
            [
              82.1875,
              48.75
            ],
            [
              81.5625,
              48.75
            ],
            [
              81.5625,
              49.0
            ],
            [
              82.1875,
              49.0
            ],
            [
              82.1875,
              48.75
            ]
          ]
        ]
      },
      "properties": {
        "month": "202411",
        "value": -5.53,
        "units": "degC"
      }
    },
    {
      "type": "Feature",
      "geometry": {
        "type": "Polygon",
        "coordinates": [
          [
            [
              82.8125,
              48.75
            ],
            [
              82.1875,
              48.75
            ],
            [
              82.1875,
              49.0
            ],
            [
              82.8125,
              49.0
            ],
            [
              82.8125,
              48.75
            ]
          ]
        ]
      },
      "properties": {
        "month": "202411",
        "value": -6.62,
        "units": "degC"
      }
    },
    {
      "type": "Feature",
      "geometry": {
        "type": "Polygon",
        "coordinates": [
          [
            [
              83.4375,
              48.75
            ],
            [
              82.8125,
              48.75
            ],
            [
              82.8125,
              49.0
            ],
            [
              83.4375,
              49.0
            ],
            [
              83.4375,
              48.75
            ]
          ]
        ]
      },
      "properties": {
        "month": "202411",
        "value": -6.64,
        "units": "degC"
      }
    },
    {
      "type": "Feature",
      "geometry": {
        "type": "Polygon",
        "coordinates": [
          [
            [
              84.0625,
              48.75
            ],
            [
              83.4375,
              48.75
            ],
            [
              83.4375,
              49.0
            ],
            [
              84.0625,
              49.0
            ],
            [
              84.0625,
              48.75
            ]
          ]
        ]
      },
      "properties": {
        "month": "202411",
        "value": -5.46,
        "units": "degC"
      }
    },
    {
      "type": "Feature",
      "geometry": {
        "type": "Polygon",
        "coordinates": [
          [
            [
              84.0625,
              42.25
            ],
            [
              84.6875,
              42.25
            ],
            [
              84.6875,
              42.0
            ],
            [
              84.0625,
              42.0
            ],
            [
              84.0625,
              42.25
            ]
          ]
        ]
      },
      "properties": {
        "month": "202411",
        "value": 1.36,
        "units": "degC"
      }
    },
    {
      "type": "Feature",
      "geometry": {
        "type": "Polygon",
        "coordinates": [
          [
            [
              84.6875,
              42.25
            ],
            [
              85.0,
              42.25
            ],
            [
              85.0,
              42.0
            ],
            [
              84.6875,
              42.0
            ],
            [
              84.6875,
              42.25
            ]
          ]
        ]
      },
      "properties": {
        "month": "202411",
        "value": 1.09,
        "units": "degC"
      }
    },
    {
      "type": "Feature",
      "geometry": {
        "type": "Polygon",
        "coordinates": [
          [
            [
              84.0625,
              42.25
            ],
            [
              84.0625,
              42.75
            ],
            [
              84.6875,
              42.75
            ],
            [
              84.6875,
              42.25
            ],
            [
              84.0625,
              42.25
            ]
          ]
        ]
      },
      "properties": {
        "month": "202411",
        "value": -5.81,
        "units": "degC"
      }
    },
    {
      "type": "Feature",
      "geometry": {
        "type": "Polygon",
        "coordinates": [
          [
            [
              84.6875,
              42.25
            ],
            [
              84.6875,
              42.75
            ],
            [
              85.0,
              42.75
            ],
            [
              85.0,
              42.25
            ],
            [
              84.6875,
              42.25
            ]
          ]
        ]
      },
      "properties": {
        "month": "202411",
        "value": -7.82,
        "units": "degC"
      }
    },
    {
      "type": "Feature",
      "geometry": {
        "type": "Polygon",
        "coordinates": [
          [
            [
              84.0625,
              42.75
            ],
            [
              84.0625,
              43.25
            ],
            [
              84.6875,
              43.25
            ],
            [
              84.6875,
              42.75
            ],
            [
              84.0625,
              42.75
            ]
          ]
        ]
      },
      "properties": {
        "month": "202411",
        "value": -7.14,
        "units": "degC"
      }
    },
    {
      "type": "Feature",
      "geometry": {
        "type": "Polygon",
        "coordinates": [
          [
            [
              84.6875,
              42.75
            ],
            [
              84.6875,
              43.25
            ],
            [
              85.0,
              43.25
            ],
            [
              85.0,
              42.75
            ],
            [
              84.6875,
              42.75
            ]
          ]
        ]
      },
      "properties": {
        "month": "202411",
        "value": -7.32,
        "units": "degC"
      }
    },
    {
      "type": "Feature",
      "geometry": {
        "type": "Polygon",
        "coordinates": [
          [
            [
              84.0625,
              43.25
            ],
            [
              84.0625,
              43.75
            ],
            [
              84.6875,
              43.75
            ],
            [
              84.6875,
              43.25
            ],
            [
              84.0625,
              43.25
            ]
          ]
        ]
      },
      "properties": {
        "month": "202411",
        "value": -7.38,
        "units": "degC"
      }
    },
    {
      "type": "Feature",
      "geometry": {
        "type": "Polygon",
        "coordinates": [
          [
            [
              84.6875,
              43.25
            ],
            [
              84.6875,
              43.75
            ],
            [
              85.0,
              43.75
            ],
            [
              85.0,
              43.25
            ],
            [
              84.6875,
              43.25
            ]
          ]
        ]
      },
      "properties": {
        "month": "202411",
        "value": -12.17,
        "units": "degC"
      }
    },
    {
      "type": "Feature",
      "geometry": {
        "type": "Polygon",
        "coordinates": [
          [
            [
              84.0625,
              43.75
            ],
            [
              84.0625,
              44.25
            ],
            [
              84.6875,
              44.25
            ],
            [
              84.6875,
              43.75
            ],
            [
              84.0625,
              43.75
            ]
          ]
        ]
      },
      "properties": {
        "month": "202411",
        "value": -5.64,
        "units": "degC"
      }
    },
    {
      "type": "Feature",
      "geometry": {
        "type": "Polygon",
        "coordinates": [
          [
            [
              84.6875,
              43.75
            ],
            [
              84.6875,
              44.25
            ],
            [
              85.0,
              44.25
            ],
            [
              85.0,
              43.75
            ],
            [
              84.6875,
              43.75
            ]
          ]
        ]
      },
      "properties": {
        "month": "202411",
        "value": -3.39,
        "units": "degC"
      }
    },
    {
      "type": "Feature",
      "geometry": {
        "type": "Polygon",
        "coordinates": [
          [
            [
              84.0625,
              44.25
            ],
            [
              84.0625,
              44.75
            ],
            [
              84.6875,
              44.75
            ],
            [
              84.6875,
              44.25
            ],
            [
              84.0625,
              44.25
            ]
          ]
        ]
      },
      "properties": {
        "month": "202411",
        "value": 1.62,
        "units": "degC"
      }
    },
    {
      "type": "Feature",
      "geometry": {
        "type": "Polygon",
        "coordinates": [
          [
            [
              84.6875,
              44.25
            ],
            [
              84.6875,
              44.75
            ],
            [
              85.0,
              44.75
            ],
            [
              85.0,
              44.25
            ],
            [
              84.6875,
              44.25
            ]
          ]
        ]
      },
      "properties": {
        "month": "202411",
        "value": 1.56,
        "units": "degC"
      }
    },
    {
      "type": "Feature",
      "geometry": {
        "type": "Polygon",
        "coordinates": [
          [
            [
              84.0625,
              44.75
            ],
            [
              84.0625,
              45.25
            ],
            [
              84.6875,
              45.25
            ],
            [
              84.6875,
              44.75
            ],
            [
              84.0625,
              44.75
            ]
          ]
        ]
      },
      "properties": {
        "month": "202411",
        "value": 1.38,
        "units": "degC"
      }
    },
    {
      "type": "Feature",
      "geometry": {
        "type": "Polygon",
        "coordinates": [
          [
            [
              84.6875,
              44.75
            ],
            [
              84.6875,
              45.25
            ],
            [
              85.0,
              45.25
            ],
            [
              85.0,
              44.75
            ],
            [
              84.6875,
              44.75
            ]
          ]
        ]
      },
      "properties": {
        "month": "202411",
        "value": 1.14,
        "units": "degC"
      }
    },
    {
      "type": "Feature",
      "geometry": {
        "type": "Polygon",
        "coordinates": [
          [
            [
              84.0625,
              45.25
            ],
            [
              84.0625,
              45.75
            ],
            [
              84.6875,
              45.75
            ],
            [
              84.6875,
              45.25
            ],
            [
              84.0625,
              45.25
            ]
          ]
        ]
      },
      "properties": {
        "month": "202411",
        "value": -1.77,
        "units": "degC"
      }
    },
    {
      "type": "Feature",
      "geometry": {
        "type": "Polygon",
        "coordinates": [
          [
            [
              84.6875,
              45.25
            ],
            [
              84.6875,
              45.75
            ],
            [
              85.0,
              45.75
            ],
            [
              85.0,
              45.25
            ],
            [
              84.6875,
              45.25
            ]
          ]
        ]
      },
      "properties": {
        "month": "202411",
        "value": 0.72,
        "units": "degC"
      }
    },
    {
      "type": "Feature",
      "geometry": {
        "type": "Polygon",
        "coordinates": [
          [
            [
              84.0625,
              45.75
            ],
            [
              84.0625,
              46.25
            ],
            [
              84.6875,
              46.25
            ],
            [
              84.6875,
              45.75
            ],
            [
              84.0625,
              45.75
            ]
          ]
        ]
      },
      "properties": {
        "month": "202411",
        "value": -4.37,
        "units": "degC"
      }
    },
    {
      "type": "Feature",
      "geometry": {
        "type": "Polygon",
        "coordinates": [
          [
            [
              84.6875,
              45.75
            ],
            [
              84.6875,
              46.25
            ],
            [
              85.0,
              46.25
            ],
            [
              85.0,
              45.75
            ],
            [
              84.6875,
              45.75
            ]
          ]
        ]
      },
      "properties": {
        "month": "202411",
        "value": -0.73,
        "units": "degC"
      }
    },
    {
      "type": "Feature",
      "geometry": {
        "type": "Polygon",
        "coordinates": [
          [
            [
              84.0625,
              46.25
            ],
            [
              84.0625,
              46.75
            ],
            [
              84.6875,
              46.75
            ],
            [
              84.6875,
              46.25
            ],
            [
              84.0625,
              46.25
            ]
          ]
        ]
      },
      "properties": {
        "month": "202411",
        "value": -7.2,
        "units": "degC"
      }
    },
    {
      "type": "Feature",
      "geometry": {
        "type": "Polygon",
        "coordinates": [
          [
            [
              84.6875,
              46.25
            ],
            [
              84.6875,
              46.75
            ],
            [
              85.0,
              46.75
            ],
            [
              85.0,
              46.25
            ],
            [
              84.6875,
              46.25
            ]
          ]
        ]
      },
      "properties": {
        "month": "202411",
        "value": -3.55,
        "units": "degC"
      }
    },
    {
      "type": "Feature",
      "geometry": {
        "type": "Polygon",
        "coordinates": [
          [
            [
              84.0625,
              46.75
            ],
            [
              84.0625,
              47.25
            ],
            [
              84.6875,
              47.25
            ],
            [
              84.6875,
              46.75
            ],
            [
              84.0625,
              46.75
            ]
          ]
        ]
      },
      "properties": {
        "month": "202411",
        "value": -4.54,
        "units": "degC"
      }
    },
    {
      "type": "Feature",
      "geometry": {
        "type": "Polygon",
        "coordinates": [
          [
            [
              84.6875,
              46.75
            ],
            [
              84.6875,
              47.25
            ],
            [
              85.0,
              47.25
            ],
            [
              85.0,
              46.75
            ],
            [
              84.6875,
              46.75
            ]
          ]
        ]
      },
      "properties": {
        "month": "202411",
        "value": -7.67,
        "units": "degC"
      }
    },
    {
      "type": "Feature",
      "geometry": {
        "type": "Polygon",
        "coordinates": [
          [
            [
              84.0625,
              47.25
            ],
            [
              84.0625,
              47.75
            ],
            [
              84.6875,
              47.75
            ],
            [
              84.6875,
              47.25
            ],
            [
              84.0625,
              47.25
            ]
          ]
        ]
      },
      "properties": {
        "month": "202411",
        "value": -1.45,
        "units": "degC"
      }
    },
    {
      "type": "Feature",
      "geometry": {
        "type": "Polygon",
        "coordinates": [
          [
            [
              84.6875,
              47.25
            ],
            [
              84.6875,
              47.75
            ],
            [
              85.0,
              47.75
            ],
            [
              85.0,
              47.25
            ],
            [
              84.6875,
              47.25
            ]
          ]
        ]
      },
      "properties": {
        "month": "202411",
        "value": -1.61,
        "units": "degC"
      }
    },
    {
      "type": "Feature",
      "geometry": {
        "type": "Polygon",
        "coordinates": [
          [
            [
              84.0625,
              47.75
            ],
            [
              84.0625,
              48.25
            ],
            [
              84.6875,
              48.25
            ],
            [
              84.6875,
              47.75
            ],
            [
              84.0625,
              47.75
            ]
          ]
        ]
      },
      "properties": {
        "month": "202411",
        "value": -1.25,
        "units": "degC"
      }
    },
    {
      "type": "Feature",
      "geometry": {
        "type": "Polygon",
        "coordinates": [
          [
            [
              84.6875,
              47.75
            ],
            [
              84.6875,
              48.25
            ],
            [
              85.0,
              48.25
            ],
            [
              85.0,
              47.75
            ],
            [
              84.6875,
              47.75
            ]
          ]
        ]
      },
      "properties": {
        "month": "202411",
        "value": -0.54,
        "units": "degC"
      }
    },
    {
      "type": "Feature",
      "geometry": {
        "type": "Polygon",
        "coordinates": [
          [
            [
              84.0625,
              48.25
            ],
            [
              84.0625,
              48.75
            ],
            [
              84.6875,
              48.75
            ],
            [
              84.6875,
              48.25
            ],
            [
              84.0625,
              48.25
            ]
          ]
        ]
      },
      "properties": {
        "month": "202411",
        "value": -3.22,
        "units": "degC"
      }
    },
    {
      "type": "Feature",
      "geometry": {
        "type": "Polygon",
        "coordinates": [
          [
            [
              84.6875,
              48.25
            ],
            [
              84.6875,
              48.75
            ],
            [
              85.0,
              48.75
            ],
            [
              85.0,
              48.25
            ],
            [
              84.6875,
              48.25
            ]
          ]
        ]
      },
      "properties": {
        "month": "202411",
        "value": -5.22,
        "units": "degC"
      }
    },
    {
      "type": "Feature",
      "geometry": {
        "type": "Polygon",
        "coordinates": [
          [
            [
              84.6875,
              48.75
            ],
            [
              84.0625,
              48.75
            ],
            [
              84.0625,
              49.0
            ],
            [
              84.6875,
              49.0
            ],
            [
              84.6875,
              48.75
            ]
          ]
        ]
      },
      "properties": {
        "month": "202411",
        "value": -6.34,
        "units": "degC"
      }
    },
    {
      "type": "Feature",
      "geometry": {
        "type": "Polygon",
        "coordinates": [
          [
            [
              84.6875,
              48.75
            ],
            [
              84.6875,
              49.0
            ],
            [
              85.0,
              49.0
            ],
            [
              85.0,
              48.75
            ],
            [
              84.6875,
              48.75
            ]
          ]
        ]
      },
      "properties": {
        "month": "202411",
        "value": -9.15,
        "units": "degC"
      }
    }
  ]
}