{
  "type": "FeatureCollection",
  "features": [
    {
      "type": "Feature",
      "geometry": {
        "type": "Polygon",
        "coordinates": [
          [
            [
              72.1875,
              42.25
            ],
            [
              72.1875,
              42.0
            ],
            [
              72.0,
              42.0
            ],
            [
              72.0,
              42.25
            ],
            [
              72.1875,
              42.25
            ]
          ]
        ]
      },
      "properties": {
        "month": "202403",
        "value": -5.63,
        "units": "degC"
      }
    },
    {
      "type": "Feature",
      "geometry": {
        "type": "Polygon",
        "coordinates": [
          [
            [
              72.1875,
              42.25
            ],
            [
              72.8125,
              42.25
            ],
            [
              72.8125,
              42.0
            ],
            [
              72.1875,
              42.0
            ],
            [
              72.1875,
              42.25
            ]
          ]
        ]
      },
      "properties": {
        "month": "202403",
        "value": -2.11,
        "units": "degC"
      }
    },
    {
      "type": "Feature",
      "geometry": {
        "type": "Polygon",
        "coordinates": [
          [
            [
              72.1875,
              42.75
            ],
            [
              72.1875,
              42.25
            ],
            [
              72.0,
              42.25
            ],
            [
              72.0,
              42.75
            ],
            [
              72.1875,
              42.75
            ]
          ]
        ]
      },
      "properties": {
        "month": "202403",
        "value": 1.12,
        "units": "degC"
      }
    },
    {
      "type": "Feature",
      "geometry": {
        "type": "Polygon",
        "coordinates": [
          [
            [
              72.1875,
              42.25
            ],
            [
              72.1875,
              42.75
            ],
            [
              72.8125,
              42.75
            ],
            [
              72.8125,
              42.25
            ],
            [
              72.1875,
              42.25
            ]
          ]
        ]
      },
      "properties": {
        "month": "202403",
        "value": -1.02,
        "units": "degC"
      }
    },
    {
      "type": "Feature",
      "geometry": {
        "type": "Polygon",
        "coordinates": [
          [
            [
              72.1875,
              43.25
            ],
            [
              72.1875,
              42.75
            ],
            [
              72.0,
              42.75
            ],
            [
              72.0,
              43.25
            ],
            [
              72.1875,
              43.25
            ]
          ]
        ]
      },
      "properties": {
        "month": "202403",
        "value": 4.03,
        "units": "degC"
      }
    },
    {
      "type": "Feature",
      "geometry": {
        "type": "Polygon",
        "coordinates": [
          [
            [
              72.1875,
              42.75
            ],
            [
              72.1875,
              43.25
            ],
            [
              72.8125,
              43.25
            ],
            [
              72.8125,
              42.75
            ],
            [
              72.1875,
              42.75
            ]
          ]
        ]
      },
      "properties": {
        "month": "202403",
        "value": 3.51,
        "units": "degC"
      }
    },
    {
      "type": "Feature",
      "geometry": {
        "type": "Polygon",
        "coordinates": [
          [
            [
              72.1875,
              43.75
            ],
            [
              72.1875,
              43.25
            ],
            [
              72.0,
              43.25
            ],
            [
              72.0,
              43.75
            ],
            [
              72.1875,
              43.75
            ]
          ]
        ]
      },
      "properties": {
        "month": "202403",
        "value": 5.26,
        "units": "degC"
      }
    },
    {
      "type": "Feature",
      "geometry": {
        "type": "Polygon",
        "coordinates": [
          [
            [
              72.1875,
              43.25
            ],
            [
              72.1875,
              43.75
            ],
            [
              72.8125,
              43.75
            ],
            [
              72.8125,
              43.25
            ],
            [
              72.1875,
              43.25
            ]
          ]
        ]
      },
      "properties": {
        "month": "202403",
        "value": 4.91,
        "units": "degC"
      }
    },
    {
      "type": "Feature",
      "geometry": {
        "type": "Polygon",
        "coordinates": [
          [
            [
              72.1875,
              44.25
            ],
            [
              72.1875,
              43.75
            ],
            [
              72.0,
              43.75
            ],
            [
              72.0,
              44.25
            ],
            [
              72.1875,
              44.25
            ]
          ]
        ]
      },
      "properties": {
        "month": "202403",
        "value": 4.69,
        "units": "degC"
      }
    },
    {
      "type": "Feature",
      "geometry": {
        "type": "Polygon",
        "coordinates": [
          [
            [
              72.1875,
              43.75
            ],
            [
              72.1875,
              44.25
            ],
            [
              72.8125,
              44.25
            ],
            [
              72.8125,
              43.75
            ],
            [
              72.1875,
              43.75
            ]
          ]
        ]
      },
      "properties": {
        "month": "202403",
        "value": 4.78,
        "units": "degC"
      }
    },
    {
      "type": "Feature",
      "geometry": {
        "type": "Polygon",
        "coordinates": [
          [
            [
              72.1875,
              44.75
            ],
            [
              72.1875,
              44.25
            ],
            [
              72.0,
              44.25
            ],
            [
              72.0,
              44.75
            ],
            [
              72.1875,
              44.75
            ]
          ]
        ]
      },
      "properties": {
        "month": "202403",
        "value": 4.04,
        "units": "degC"
      }
    },
    {
      "type": "Feature",
      "geometry": {
        "type": "Polygon",
        "coordinates": [
          [
            [
              72.1875,
              44.25
            ],
            [
              72.1875,
              44.75
            ],
            [
              72.8125,
              44.75
            ],
            [
              72.8125,
              44.25
            ],
            [
              72.1875,
              44.25
            ]
          ]
        ]
      },
      "properties": {
        "month": "202403",
        "value": 4.13,
        "units": "degC"
      }
    },
    {
      "type": "Feature",
      "geometry": {
        "type": "Polygon",
        "coordinates": [
          [
            [
              72.1875,
              45.25
            ],
            [
              72.1875,
              44.75
            ],
            [
              72.0,
              44.75
            ],
            [
              72.0,
              45.25
            ],
            [
              72.1875,
              45.25
            ]
          ]
        ]
      },
      "properties": {
        "month": "202403",
        "value": 3.15,
        "units": "degC"
      }
    },
    {
      "type": "Feature",
      "geometry": {
        "type": "Polygon",
        "coordinates": [
          [
            [
              72.1875,
              44.75
            ],
            [
              72.1875,
              45.25
            ],
            [
              72.8125,
              45.25
            ],
            [
              72.8125,
              44.75
            ],
            [
              72.1875,
              44.75
            ]
          ]
        ]
      },
      "properties": {
        "month": "202403",
        "value": 3.14,
        "units": "degC"
      }
    },
    {
      "type": "Feature",
      "geometry": {
        "type": "Polygon",
        "coordinates": [
          [
            [
              72.1875,
              45.75
            ],
            [
              72.1875,
              45.25
            ],
            [
              72.0,
              45.25
            ],
            [
              72.0,
              45.75
            ],
            [
              72.1875,
              45.75
            ]
          ]
        ]
      },
      "properties": {
        "month": "202403",
        "value": 1.95,
        "units": "degC"
      }
    },
    {
      "type": "Feature",
      "geometry": {
        "type": "Polygon",
        "coordinates": [
          [
            [
              72.1875,
              45.25
            ],
            [
              72.1875,
              45.75
            ],
            [
              72.8125,
              45.75
            ],
            [
              72.8125,
              45.25
            ],
            [
              72.1875,
              45.25
            ]
          ]
        ]
      },
      "properties": {
        "month": "202403",
        "value": 1.52,
        "units": "degC"
      }
    },
    {
      "type": "Feature",
      "geometry": {
        "type": "Polygon",
        "coordinates": [
          [
            [
              72.1875,
              46.25
            ],
            [
              72.1875,
              45.75
            ],
            [
              72.0,
              45.75
            ],
            [
              72.0,
              46.25
            ],
            [
              72.1875,
              46.25
            ]
          ]
        ]
      },
      "properties": {
        "month": "202403",
        "value": 0.71,
        "units": "degC"
      }
    },
    {
      "type": "Feature",
      "geometry": {
        "type": "Polygon",
        "coordinates": [
          [
            [
              72.1875,
              45.75
            ],
            [
              72.1875,
              46.25
            ],
            [
              72.8125,
              46.25
            ],
            [
              72.8125,
              45.75
            ],
            [
              72.1875,
              45.75
            ]
          ]
        ]
      },
      "properties": {
        "month": "202403",
        "value": 0.4,
        "units": "degC"
      }
    },
    {
      "type": "Feature",
      "geometry": {
        "type": "Polygon",
        "coordinates": [
          [
            [
              72.1875,
              46.75
            ],
            [
              72.1875,
              46.25
            ],
            [
              72.0,
              46.25
            ],
            [
              72.0,
              46.75
            ],
            [
              72.1875,
              46.75
            ]
          ]
        ]
      },
      "properties": {
        "month": "202403",
        "value": -0.56,
        "units": "degC"
      }
    },
    {
      "type": "Feature",
      "geometry": {
        "type": "Polygon",
        "coordinates": [
          [
            [
              72.1875,
              46.25
            ],
            [
              72.1875,
              46.75
            ],
            [
              72.8125,
              46.75
            ],
            [
              72.8125,
              46.25
            ],
            [
              72.1875,
              46.25
            ]
          ]
        ]
      },
      "properties": {
        "month": "202403",
        "value": -0.72,
        "units": "degC"
      }
    },
    {
      "type": "Feature",
      "geometry": {
        "type": "Polygon",
        "coordinates": [
          [
            [
              72.1875,
              47.25
            ],
            [
              72.1875,
              46.75
            ],
            [
              72.0,
              46.75
            ],
            [
              72.0,
              47.25
            ],
            [
              72.1875,
              47.25
            ]
          ]
        ]
      },
      "properties": {
        "month": "202403",
        "value": -1.95,
        "units": "degC"
      }
    },
    {
      "type": "Feature",
      "geometry": {
        "type": "Polygon",
        "coordinates": [
          [
            [
              72.1875,
              46.75
            ],
            [
              72.1875,
              47.25
            ],
            [
              72.8125,
              47.25
            ],
            [
              72.8125,
              46.75
            ],
            [
              72.1875,
              46.75
            ]
          ]
        ]
      },
      "properties": {
        "month": "202403",
        "value": -2.52,
        "units": "degC"
      }
    },
    {
      "type": "Feature",
      "geometry": {
        "type": "Polygon",
        "coordinates": [
          [
            [
              72.1875,
              47.75
            ],
            [
              72.1875,
              47.25
            ],
            [
              72.0,
              47.25
            ],
            [
              72.0,
              47.75
            ],
            [
              72.1875,
              47.75
            ]
          ]
        ]
      },
      "properties": {
        "month": "202403",
        "value": -3.96,
        "units": "degC"
      }
    },
    {
      "type": "Feature",
      "geometry": {
        "type": "Polygon",
        "coordinates": [
          [
            [
              72.1875,
              47.25
            ],
            [
              72.1875,
              47.75
            ],
            [
              72.8125,
              47.75
            ],
            [
              72.8125,
              47.25
            ],
            [
              72.1875,
              47.25
            ]
          ]
        ]
      },
      "properties": {
        "month": "202403",
        "value": -4.34,
        "units": "degC"
      }
    },
    {
      "type": "Feature",
      "geometry": {
        "type": "Polygon",
        "coordinates": [
          [
            [
              72.1875,
              48.25
            ],
            [
              72.1875,
              47.75
            ],
            [
              72.0,
              47.75
            ],
            [
              72.0,
              48.25
            ],
            [
              72.1875,
              48.25
            ]
          ]
        ]
      },
      "properties": {
        "month": "202403",
        "value": -4.37,
        "units": "degC"
      }
    },
    {
      "type": "Feature",
      "geometry": {
        "type": "Polygon",
        "coordinates": [
          [
            [
              72.1875,
              47.75
            ],
            [
              72.1875,
              48.25
            ],
            [
              72.8125,
              48.25
            ],
            [
              72.8125,
              47.75
            ],
            [
              72.1875,
              47.75
            ]
          ]
        ]
      },
      "properties": {
        "month": "202403",
        "value": -5.12,
        "units": "degC"
      }
    },
    {
      "type": "Feature",
      "geometry": {
        "type": "Polygon",
        "coordinates": [
          [
            [
              72.1875,
              48.75
            ],
            [
              72.1875,
              48.25
            ],
            [
              72.0,
              48.25
            ],
            [
              72.0,
              48.75
            ],
            [
              72.1875,
              48.75
            ]
          ]
        ]
      },
      "properties": {
        "month": "202403",
        "value": -4.33,
        "units": "degC"
      }
    },
    {
      "type": "Feature",
      "geometry": {
        "type": "Polygon",
        "coordinates": [
          [
            [
              72.1875,
              48.25
            ],
            [
              72.1875,
              48.75
            ],
            [
              72.8125,
              48.75
            ],
            [
              72.8125,
              48.25
            ],
            [
              72.1875,
              48.25
            ]
          ]
        ]
      },
      "properties": {
        "month": "202403",
        "value": -4.81,
        "units": "degC"
      }
    },
    {
      "type": "Feature",
      "geometry": {
        "type": "Polygon",
        "coordinates": [
          [
            [
              72.1875,
              48.75
            ],
            [
              72.0,
              48.75
            ],
            [
              72.0,
              49.0
            ],
            [
              72.1875,
              49.0
            ],
            [
              72.1875,
              48.75
            ]
          ]
        ]
      },
      "properties": {
        "month": "202403",
        "value": -4.9,
        "units": "degC"
      }
    },
    {
      "type": "Feature",
      "geometry": {
        "type": "Polygon",
        "coordinates": [
          [
            [
              72.8125,
              48.75
            ],
            [
              72.1875,
              48.75
            ],
            [
              72.1875,
              49.0
            ],
            [
              72.8125,
              49.0
            ],
            [
              72.8125,
              48.75
            ]
          ]
        ]
      },
      "properties": {
        "month": "202403",
        "value": -5.25,
        "units": "degC"
      }
    },
    {
      "type": "Feature",
      "geometry": {
        "type": "Polygon",
        "coordinates": [
          [
            [
              72.8125,
              42.25
            ],
            [
              73.4375,
              42.25
            ],
            [
              73.4375,
              42.0
            ],
            [
              72.8125,
              42.0
            ],
            [
              72.8125,
              42.25
            ]
          ]
        ]
      },
      "properties": {
        "month": "202403",
        "value": -3.31,
        "units": "degC"
      }
    },
    {
      "type": "Feature",
      "geometry": {
        "type": "Polygon",
        "coordinates": [
          [
            [
              73.4375,
              42.25
            ],
            [
              74.0625,
              42.25
            ],
            [
              74.0625,
              42.0
            ],
            [
              73.4375,
              42.0
            ],
            [
              73.4375,
              42.25
            ]
          ]
        ]
      },
      "properties": {
        "month": "202403",
        "value": -6.02,
        "units": "degC"
      }
    },
    {
      "type": "Feature",
      "geometry": {
        "type": "Polygon",
        "coordinates": [
          [
            [
              74.0625,
              42.25
            ],
            [
              74.6875,
              42.25
            ],
            [
              74.6875,
              42.0
            ],
            [
              74.0625,
              42.0
            ],
            [
              74.0625,
              42.25
            ]
          ]
        ]
      },
      "properties": {
        "month": "202403",
        "value": -6.4,
        "units": "degC"
      }
    },
    {
      "type": "Feature",
      "geometry": {
        "type": "Polygon",
        "coordinates": [
          [
            [
              74.6875,
              42.25
            ],
            [
              75.3125,
              42.25
            ],
            [
              75.3125,
              42.0
            ],
            [
              74.6875,
              42.0
            ],
            [
              74.6875,
              42.25
            ]
          ]
        ]
      },
      "properties": {
        "month": "202403",
        "value": -7.35,
        "units": "degC"
      }
    },
    {
      "type": "Feature",
      "geometry": {
        "type": "Polygon",
        "coordinates": [
          [
            [
              75.3125,
              42.25
            ],
            [
              75.9375,
              42.25
            ],
            [
              75.9375,
              42.0
            ],
            [
              75.3125,
              42.0
            ],
            [
              75.3125,
              42.25
            ]
          ]
        ]
      },
      "properties": {
        "month": "202403",
        "value": -7.3,
        "units": "degC"
      }
    },
    {
      "type": "Feature",
      "geometry": {
        "type": "Polygon",
        "coordinates": [
          [
            [
              72.8125,
              42.25
            ],
            [
              72.8125,
              42.75
            ],
            [
              73.4375,
              42.75
            ],
            [
              73.4375,
              42.25
            ],
            [
              72.8125,
              42.25
            ]
          ]
        ]
      },
      "properties": {
        "month": "202403",
        "value": -5.48,
        "units": "degC"
      }
    },
    {
      "type": "Feature",
      "geometry": {
        "type": "Polygon",
        "coordinates": [
          [
            [
              73.4375,
              42.25
            ],
            [
              73.4375,
              42.75
            ],
            [
              74.0625,
              42.75
            ],
            [
              74.0625,
              42.25
            ],
            [
              73.4375,
              42.25
            ]
          ]
        ]
      },
      "properties": {
        "month": "202403",
        "value": -6.32,
        "units": "degC"
      }
    },
    {
      "type": "Feature",
      "geometry": {
        "type": "Polygon",
        "coordinates": [
          [
            [
              74.0625,
              42.25
            ],
            [
              74.0625,
              42.75
            ],
            [
              74.6875,
              42.75
            ],
            [
              74.6875,
              42.25
            ],
            [
              74.0625,
              42.25
            ]
          ]
        ]
      },
      "properties": {
        "month": "202403",
        "value": -4.31,
        "units": "degC"
      }
    },
    {
      "type": "Feature",
      "geometry": {
        "type": "Polygon",
        "coordinates": [
          [
            [
              74.6875,
              42.25
            ],
            [
              74.6875,
              42.75
            ],
            [
              75.3125,
              42.75
            ],
            [
              75.3125,
              42.25
            ],
            [
              74.6875,
              42.25
            ]
          ]
        ]
      },
      "properties": {
        "month": "202403",
        "value": -3.5,
        "units": "degC"
      }
    },
    {
      "type": "Feature",
      "geometry": {
        "type": "Polygon",
        "coordinates": [
          [
            [
              75.3125,
              42.25
            ],
            [
              75.3125,
              42.75
            ],
            [
              75.9375,
              42.75
            ],
            [
              75.9375,
              42.25
            ],
            [
              75.3125,
              42.25
            ]
          ]
        ]
      },
      "properties": {
        "month": "202403",
        "value": -1.95,
        "units": "degC"
      }
    },
    {
      "type": "Feature",
      "geometry": {
        "type": "Polygon",
        "coordinates": [
          [
            [
              72.8125,
              42.75
            ],
            [
              72.8125,
              43.25
            ],
            [
              73.4375,
              43.25
            ],
            [
              73.4375,
              42.75
            ],
            [
              72.8125,
              42.75
            ]
          ]
        ]
      },
      "properties": {
        "month": "202403",
        "value": 5.91,
        "units": "degC"
      }
    },
    {
      "type": "Feature",
      "geometry": {
        "type": "Polygon",
        "coordinates": [
          [
            [
              73.4375,
              42.75
            ],
            [
              73.4375,
              43.25
            ],
            [
              74.0625,
              43.25
            ],
            [
              74.0625,
              42.75
            ],
            [
              73.4375,
              42.75
            ]
          ]
        ]
      },
      "properties": {
        "month": "202403",
        "value": 7.38,
        "units": "degC"
      }
    },
    {
      "type": "Feature",
      "geometry": {
        "type": "Polygon",
        "coordinates": [
          [
            [
              74.0625,
              42.75
            ],
            [
              74.0625,
              43.25
            ],
            [
              74.6875,
              43.25
            ],
            [
              74.6875,
              42.75
            ],
            [
              74.0625,
              42.75
            ]
          ]
        ]
      },
      "properties": {
        "month": "202403",
        "value": 7.76,
        "units": "degC"
      }
    },
    {
      "type": "Feature",
      "geometry": {
        "type": "Polygon",
        "coordinates": [
          [
            [
              74.6875,
              42.75
            ],
            [
              74.6875,
              43.25
            ],
            [
              75.3125,
              43.25
            ],
            [
              75.3125,
              42.75
            ],
            [
              74.6875,
              42.75
            ]
          ]
        ]
      },
      "properties": {
        "month": "202403",
        "value": 5.92,
        "units": "degC"
      }
    },
    {
      "type": "Feature",
      "geometry": {
        "type": "Polygon",
        "coordinates": [
          [
            [
              75.3125,
              42.75
            ],
            [
              75.3125,
              43.25
            ],
            [
              75.9375,
              43.25
            ],
            [
              75.9375,
              42.75
            ],
            [
              75.3125,
              42.75
            ]
          ]
        ]
      },
      "properties": {
        "month": "202403",
        "value": 1.7,
        "units": "degC"
      }
    },
    {
      "type": "Feature",
      "geometry": {
        "type": "Polygon",
        "coordinates": [
          [
            [
              72.8125,
              43.25
            ],
            [
              72.8125,
              43.75
            ],
            [
              73.4375,
              43.75
            ],
            [
              73.4375,
              43.25
            ],
            [
              72.8125,
              43.25
            ]
          ]
        ]
      },
      "properties": {
        "month": "202403",
        "value": 4.81,
        "units": "degC"
      }
    },
    {
      "type": "Feature",
      "geometry": {
        "type": "Polygon",
        "coordinates": [
          [
            [
              73.4375,
              43.25
            ],
            [
              73.4375,
              43.75
            ],
            [
              74.0625,
              43.75
            ],
            [
              74.0625,
              43.25
            ],
            [
              73.4375,
              43.25
            ]
          ]
        ]
      },
      "properties": {
        "month": "202403",
        "value": 5.41,
        "units": "degC"
      }
    },
    {
      "type": "Feature",
      "geometry": {
        "type": "Polygon",
        "coordinates": [
          [
            [
              74.0625,
              43.25
            ],
            [
              74.0625,
              43.75
            ],
            [
              74.6875,
              43.75
            ],
            [
              74.6875,
              43.25
            ],
            [
              74.0625,
              43.25
            ]
          ]
        ]
      },
      "properties": {
        "month": "202403",
        "value": 4.63,
        "units": "degC"
      }
    },
    {
      "type": "Feature",
      "geometry": {
        "type": "Polygon",
        "coordinates": [
          [
            [
              74.6875,
              43.25
            ],
            [
              74.6875,
              43.75
            ],
            [
              75.3125,
              43.75
            ],
            [
              75.3125,
              43.25
            ],
            [
              74.6875,
              43.25
            ]
          ]
        ]
      },
      "properties": {
        "month": "202403",
        "value": 3.69,
        "units": "degC"
      }
    },
    {
      "type": "Feature",
      "geometry": {
        "type": "Polygon",
        "coordinates": [
          [
            [
              75.3125,
              43.25
            ],
            [
              75.3125,
              43.75
            ],
            [
              75.9375,
              43.75
            ],
            [
              75.9375,
              43.25
            ],
            [
              75.3125,
              43.25
            ]
          ]
        ]
      },
      "properties": {
        "month": "202403",
        "value": 5.13,
        "units": "degC"
      }
    },
    {
      "type": "Feature",
      "geometry": {
        "type": "Polygon",
        "coordinates": [
          [
            [
              72.8125,
              43.75
            ],
            [
              72.8125,
              44.25
            ],
            [
              73.4375,
              44.25
            ],
            [
              73.4375,
              43.75
            ],
            [
              72.8125,
              43.75
            ]
          ]
        ]
      },
      "properties": {
        "month": "202403",
        "value": 4.93,
        "units": "degC"
      }
    },
    {
      "type": "Feature",
      "geometry": {
        "type": "Polygon",
        "coordinates": [
          [
            [
              73.4375,
              43.75
            ],
            [
              73.4375,
              44.25
            ],
            [
              74.0625,
              44.25
            ],
            [
              74.0625,
              43.75
            ],
            [
              73.4375,
              43.75
            ]
          ]
        ]
      },
      "properties": {
        "month": "202403",
        "value": 5.09,
        "units": "degC"
      }
    },
    {
      "type": "Feature",
      "geometry": {
        "type": "Polygon",
        "coordinates": [
          [
            [
              74.0625,
              43.75
            ],
            [
              74.0625,
              44.25
            ],
            [
              74.6875,
              44.25
            ],
            [
              74.6875,
              43.75
            ],
            [
              74.0625,
              43.75
            ]
          ]
        ]
      },
      "properties": {
        "month": "202403",
        "value": 4.01,
        "units": "degC"
      }
    },
    {
      "type": "Feature",
      "geometry": {
        "type": "Polygon",
        "coordinates": [
          [
            [
              74.6875,
              43.75
            ],
            [
              74.6875,
              44.25
            ],
            [
              75.3125,
              44.25
            ],
            [
              75.3125,
              43.75
            ],
            [
              74.6875,
              43.75
            ]
          ]
        ]
      },
      "properties": {
        "month": "202403",
        "value": 3.56,
        "units": "degC"
      }
    },
    {
      "type": "Feature",
      "geometry": {
        "type": "Polygon",
        "coordinates": [
          [
            [
              75.3125,
              43.75
            ],
            [
              75.3125,
              44.25
            ],
            [
              75.9375,
              44.25
            ],
            [
              75.9375,
              43.75
            ],
            [
              75.3125,
              43.75
            ]
          ]
        ]
      },
      "properties": {
        "month": "202403",
        "value": 3.64,
        "units": "degC"
      }
    },
    {
      "type": "Feature",
      "geometry": {
        "type": "Polygon",
        "coordinates": [
          [
            [
              72.8125,
              44.25
            ],
            [
              72.8125,
              44.75
            ],
            [
              73.4375,
              44.75
            ],
            [
              73.4375,
              44.25
            ],
            [
              72.8125,
              44.25
            ]
          ]
        ]
      },
      "properties": {
        "month": "202403",
        "value": 3.85,
        "units": "degC"
      }
    },
    {
      "type": "Feature",
      "geometry": {
        "type": "Polygon",
        "coordinates": [
          [
            [
              73.4375,
              44.25
            ],
            [
              73.4375,
              44.75
            ],
            [
              74.0625,
              44.75
            ],
            [
              74.0625,
              44.25
            ],
            [
              73.4375,
              44.25
            ]
          ]
        ]
      },
      "properties": {
        "month": "202403",
        "value": 3.53,
        "units": "degC"
      }
    },
    {
      "type": "Feature",
      "geometry": {
        "type": "Polygon",
        "coordinates": [
          [
            [
              74.0625,
              44.25
            ],
            [
              74.0625,
              44.75
            ],
            [
              74.6875,
              44.75
            ],
            [
              74.6875,
              44.25
            ],
            [
              74.0625,
              44.25
            ]
          ]
        ]
      },
      "properties": {
        "month": "202403",
        "value": 3.56,
        "units": "degC"
      }
    },
    {
      "type": "Feature",
      "geometry": {
        "type": "Polygon",
        "coordinates": [
          [
            [
              74.6875,
              44.25
            ],
            [
              74.6875,
              44.75
            ],
            [
              75.3125,
              44.75
            ],
            [
              75.3125,
              44.25
            ],
            [
              74.6875,
              44.25
            ]
          ]
        ]
      },
      "properties": {
        "month": "202403",
        "value": 4.07,
        "units": "degC"
      }
    },
    {
      "type": "Feature",
      "geometry": {
        "type": "Polygon",
        "coordinates": [
          [
            [
              75.3125,
              44.25
            ],
            [
              75.3125,
              44.75
            ],
            [
              75.9375,
              44.75
            ],
            [
              75.9375,
              44.25
            ],
            [
              75.3125,
              44.25
            ]
          ]
        ]
      },
      "properties": {
        "month": "202403",
        "value": 4.29,
        "units": "degC"
      }
    },
    {
      "type": "Feature",
      "geometry": {
        "type": "Polygon",
        "coordinates": [
          [
            [
              72.8125,
              44.75
            ],
            [
              72.8125,
              45.25
            ],
            [
              73.4375,
              45.25
            ],
            [
              73.4375,
              44.75
            ],
            [
              72.8125,
              44.75
            ]
          ]
        ]
      },
      "properties": {
        "month": "202403",
        "value": 2.2,
        "units": "degC"
      }
    },
    {
      "type": "Feature",
      "geometry": {
        "type": "Polygon",
        "coordinates": [
          [
            [
              73.4375,
              44.75
            ],
            [
              73.4375,
              45.25
            ],
            [
              74.0625,
              45.25
            ],
            [
              74.0625,
              44.75
            ],
            [
              73.4375,
              44.75
            ]
          ]
        ]
      },
      "properties": {
        "month": "202403",
        "value": 2.37,
        "units": "degC"
      }
    },
    {
      "type": "Feature",
      "geometry": {
        "type": "Polygon",
        "coordinates": [
          [
            [
              74.0625,
              44.75
            ],
            [
              74.0625,
              45.25
            ],
            [
              74.6875,
              45.25
            ],
            [
              74.6875,
              44.75
            ],
            [
              74.0625,
              44.75
            ]
          ]
        ]
      },
      "properties": {
        "month": "202403",
        "value": 3.11,
        "units": "degC"
      }
    },
    {
      "type": "Feature",
      "geometry": {
        "type": "Polygon",
        "coordinates": [
          [
            [
              74.6875,
              44.75
            ],
            [
              74.6875,
              45.25
            ],
            [
              75.3125,
              45.25
            ],
            [
              75.3125,
              44.75
            ],
            [
              74.6875,
              44.75
            ]
          ]
        ]
      },
      "properties": {
        "month": "202403",
        "value": 3.45,
        "units": "degC"
      }
    },
    {
      "type": "Feature",
      "geometry": {
        "type": "Polygon",
        "coordinates": [
          [
            [
              75.3125,
              44.75
            ],
            [
              75.3125,
              45.25
            ],
            [
              75.9375,
              45.25
            ],
            [
              75.9375,
              44.75
            ],
            [
              75.3125,
              44.75
            ]
          ]
        ]
      },
      "properties": {
        "month": "202403",
        "value": 3.51,
        "units": "degC"
      }
    },
    {
      "type": "Feature",
      "geometry": {
        "type": "Polygon",
        "coordinates": [
          [
            [
              72.8125,
              45.25
            ],
            [
              72.8125,
              45.75
            ],
            [
              73.4375,
              45.75
            ],
            [
              73.4375,
              45.25
            ],
            [
              72.8125,
              45.25
            ]
          ]
        ]
      },
      "properties": {
        "month": "202403",
        "value": 1.4,
        "units": "degC"
      }
    },
    {
      "type": "Feature",
      "geometry": {
        "type": "Polygon",
        "coordinates": [
          [
            [
              73.4375,
              45.25
            ],
            [
              73.4375,
              45.75
            ],
            [
              74.0625,
              45.75
            ],
            [
              74.0625,
              45.25
            ],
            [
              73.4375,
              45.25
            ]
          ]
        ]
      },
      "properties": {
        "month": "202403",
        "value": 1.96,
        "units": "degC"
      }
    },
    {
      "type": "Feature",
      "geometry": {
        "type": "Polygon",
        "coordinates": [
          [
            [
              74.0625,
              45.25
            ],
            [
              74.0625,
              45.75
            ],
            [
              74.6875,
              45.75
            ],
            [
              74.6875,
              45.25
            ],
            [
              74.0625,
              45.25
            ]
          ]
        ]
      },
      "properties": {
        "month": "202403",
        "value": 2.36,
        "units": "degC"
      }
    },
    {
      "type": "Feature",
      "geometry": {
        "type": "Polygon",
        "coordinates": [
          [
            [
              74.6875,
              45.25
            ],
            [
              74.6875,
              45.75
            ],
            [
              75.3125,
              45.75
            ],
            [
              75.3125,
              45.25
            ],
            [
              74.6875,
              45.25
            ]
          ]
        ]
      },
      "properties": {
        "month": "202403",
        "value": 2.58,
        "units": "degC"
      }
    },
    {
      "type": "Feature",
      "geometry": {
        "type": "Polygon",
        "coordinates": [
          [
            [
              75.3125,
              45.25
            ],
            [
              75.3125,
              45.75
            ],
            [
              75.9375,
              45.75
            ],
            [
              75.9375,
              45.25
            ],
            [
              75.3125,
              45.25
            ]
          ]
        ]
      },
      "properties": {
        "month": "202403",
        "value": 2.64,
        "units": "degC"
      }
    },
    {
      "type": "Feature",
      "geometry": {
        "type": "Polygon",
        "coordinates": [
          [
            [
              72.8125,
              45.75
            ],
            [
              72.8125,
              46.25
            ],
            [
              73.4375,
              46.25
            ],
            [
              73.4375,
              45.75
            ],
            [
              72.8125,
              45.75
            ]
          ]
        ]
      },
      "properties": {
        "month": "202403",
        "value": 0.72,
        "units": "degC"
      }
    },
    {
      "type": "Feature",
      "geometry": {
        "type": "Polygon",
        "coordinates": [
          [
            [
              73.4375,
              45.75
            ],
            [
              73.4375,
              46.25
            ],
            [
              74.0625,
              46.25
            ],
            [
              74.0625,
              45.75
            ],
            [
              73.4375,
              45.75
            ]
          ]
        ]
      },
      "properties": {
        "month": "202403",
        "value": 1.18,
        "units": "degC"
      }
    },
    {
      "type": "Feature",
      "geometry": {
        "type": "Polygon",
        "coordinates": [
          [
            [
              74.0625,
              45.75
            ],
            [
              74.0625,
              46.25
            ],
            [
              74.6875,
              46.25
            ],
            [
              74.6875,
              45.75
            ],
            [
              74.0625,
              45.75
            ]
          ]
        ]
      },
      "properties": {
        "month": "202403",
        "value": 1.47,
        "units": "degC"
      }
    },
    {
      "type": "Feature",
      "geometry": {
        "type": "Polygon",
        "coordinates": [
          [
            [
              74.6875,
              45.75
            ],
            [
              74.6875,
              46.25
            ],
            [
              75.3125,
              46.25
            ],
            [
              75.3125,
              45.75
            ],
            [
              74.6875,
              45.75
            ]
          ]
        ]
      },
      "properties": {
        "month": "202403",
        "value": 1.84,
        "units": "degC"
      }
    },
    {
      "type": "Feature",
      "geometry": {
        "type": "Polygon",
        "coordinates": [
          [
            [
              75.3125,
              45.75
            ],
            [
              75.3125,
              46.25
            ],
            [
              75.9375,
              46.25
            ],
            [
              75.9375,
              45.75
            ],
            [
              75.3125,
              45.75
            ]
          ]
        ]
      },
      "properties": {
        "month": "202403",
        "value": 1.96,
        "units": "degC"
      }
    },
    {
      "type": "Feature",
      "geometry": {
        "type": "Polygon",
        "coordinates": [
          [
            [
              72.8125,
              46.25
            ],
            [
              72.8125,
              46.75
            ],
            [
              73.4375,
              46.75
            ],
            [
              73.4375,
              46.25
            ],
            [
              72.8125,
              46.25
            ]
          ]
        ]
      },
      "properties": {
        "month": "202403",
        "value": -0.34,
        "units": "degC"
      }
    },
    {
      "type": "Feature",
      "geometry": {
        "type": "Polygon",
        "coordinates": [
          [
            [
              73.4375,
              46.25
            ],
            [
              73.4375,
              46.75
            ],
            [
              74.0625,
              46.75
            ],
            [
              74.0625,
              46.25
            ],
            [
              73.4375,
              46.25
            ]
          ]
        ]
      },
      "properties": {
        "month": "202403",
        "value": 0.06,
        "units": "degC"
      }
    },
    {
      "type": "Feature",
      "geometry": {
        "type": "Polygon",
        "coordinates": [
          [
            [
              74.0625,
              46.25
            ],
            [
              74.0625,
              46.75
            ],
            [
              74.6875,
              46.75
            ],
            [
              74.6875,
              46.25
            ],
            [
              74.0625,
              46.25
            ]
          ]
        ]
      },
      "properties": {
        "month": "202403",
        "value": 0.56,
        "units": "degC"
      }
    },
    {
      "type": "Feature",
      "geometry": {
        "type": "Polygon",
        "coordinates": [
          [
            [
              74.6875,
              46.25
            ],
            [
              74.6875,
              46.75
            ],
            [
              75.3125,
              46.75
            ],
            [
              75.3125,
              46.25
            ],
            [
              74.6875,
              46.25
            ]
          ]
        ]
      },
      "properties": {
        "month": "202403",
        "value": 0.91,
        "units": "degC"
      }
    },
    {
      "type": "Feature",
      "geometry": {
        "type": "Polygon",
        "coordinates": [
          [
            [
              75.3125,
              46.25
            ],
            [
              75.3125,
              46.75
            ],
            [
              75.9375,
              46.75
            ],
            [
              75.9375,
              46.25
            ],
            [
              75.3125,
              46.25
            ]
          ]
        ]
      },
      "properties": {
        "month": "202403",
        "value": 1.2,
        "units": "degC"
      }
    },
    {
      "type": "Feature",
      "geometry": {
        "type": "Polygon",
        "coordinates": [
          [
            [
              72.8125,
              46.75
            ],
            [
              72.8125,
              47.25
            ],
            [
              73.4375,
              47.25
            ],
            [
              73.4375,
              46.75
            ],
            [
              72.8125,
              46.75
            ]
          ]
        ]
      },
      "properties": {
        "month": "202403",
        "value": -2.16,
        "units": "degC"
      }
    },
    {
      "type": "Feature",
      "geometry": {
        "type": "Polygon",
        "coordinates": [
          [
            [
              73.4375,
              46.75
            ],
            [
              73.4375,
              47.25
            ],
            [
              74.0625,
              47.25
            ],
            [
              74.0625,
              46.75
            ],
            [
              73.4375,
              46.75
            ]
          ]
        ]
      },
      "properties": {
        "month": "202403",
        "value": -1.62,
        "units": "degC"
      }
    },
    {
      "type": "Feature",
      "geometry": {
        "type": "Polygon",
        "coordinates": [
          [
            [
              74.0625,
              46.75
            ],
            [
              74.0625,
              47.25
            ],
            [
              74.6875,
              47.25
            ],
            [
              74.6875,
              46.75
            ],
            [
              74.0625,
              46.75
            ]
          ]
        ]
      },
      "properties": {
        "month": "202403",
        "value": -0.89,
        "units": "degC"
      }
    },
    {
      "type": "Feature",
      "geometry": {
        "type": "Polygon",
        "coordinates": [
          [
            [
              74.6875,
              46.75
            ],
            [
              74.6875,
              47.25
            ],
            [
              75.3125,
              47.25
            ],
            [
              75.3125,
              46.75
            ],
            [
              74.6875,
              46.75
            ]
          ]
        ]
      },
      "properties": {
        "month": "202403",
        "value": -0.55,
        "units": "degC"
      }
    },
    {
      "type": "Feature",
      "geometry": {
        "type": "Polygon",
        "coordinates": [
          [
            [
              75.3125,
              46.75
            ],
            [
              75.3125,
              47.25
            ],
            [
              75.9375,
              47.25
            ],
            [
              75.9375,
              46.75
            ],
            [
              75.3125,
              46.75
            ]
          ]
        ]
      },
      "properties": {
        "month": "202403",
        "value": -0.13,
        "units": "degC"
      }
    },
    {
      "type": "Feature",
      "geometry": {
        "type": "Polygon",
        "coordinates": [
          [
            [
              72.8125,
              47.25
            ],
            [
              72.8125,
              47.75
            ],
            [
              73.4375,
              47.75
            ],
            [
              73.4375,
              47.25
            ],
            [
              72.8125,
              47.25
            ]
          ]
        ]
      },
      "properties": {
        "month": "202403",
        "value": -4.05,
        "units": "degC"
      }
    },
    {
      "type": "Feature",
      "geometry": {
        "type": "Polygon",
        "coordinates": [
          [
            [
              73.4375,
              47.25
            ],
            [
              73.4375,
              47.75
            ],
            [
              74.0625,
              47.75
            ],
            [
              74.0625,
              47.25
            ],
            [
              73.4375,
              47.25
            ]
          ]
        ]
      },
      "properties": {
        "month": "202403",
        "value": -3.24,
        "units": "degC"
      }
    },
    {
      "type": "Feature",
      "geometry": {
        "type": "Polygon",
        "coordinates": [
          [
            [
              74.0625,
              47.25
            ],
            [
              74.0625,
              47.75
            ],
            [
              74.6875,
              47.75
            ],
            [
              74.6875,
              47.25
            ],
            [
              74.0625,
              47.25
            ]
          ]
        ]
      },
      "properties": {
        "month": "202403",
        "value": -2.6,
        "units": "degC"
      }
    },
    {
      "type": "Feature",
      "geometry": {
        "type": "Polygon",
        "coordinates": [
          [
            [
              74.6875,
              47.25
            ],
            [
              74.6875,
              47.75
            ],
            [
              75.3125,
              47.75
            ],
            [
              75.3125,
              47.25
            ],
            [
              74.6875,
              47.25
            ]
          ]
        ]
      },
      "properties": {
        "month": "202403",
        "value": -2.69,
        "units": "degC"
      }
    },
    {
      "type": "Feature",
      "geometry": {
        "type": "Polygon",
        "coordinates": [
          [
            [
              75.3125,
              47.25
            ],
            [
              75.3125,
              47.75
            ],
            [
              75.9375,
              47.75
            ],
            [
              75.9375,
              47.25
            ],
            [
              75.3125,
              47.25
            ]
          ]
        ]
      },
      "properties": {
        "month": "202403",
        "value": -1.98,
        "units": "degC"
      }
    },
    {
      "type": "Feature",
      "geometry": {
        "type": "Polygon",
        "coordinates": [
          [
            [
              72.8125,
              47.75
            ],
            [
              72.8125,
              48.25
            ],
            [
              73.4375,
              48.25
            ],
            [
              73.4375,
              47.75
            ],
            [
              72.8125,
              47.75
            ]
          ]
        ]
      },
      "properties": {
        "month": "202403",
        "value": -5.21,
        "units": "degC"
      }
    },
    {
      "type": "Feature",
      "geometry": {
        "type": "Polygon",
        "coordinates": [
          [
            [
              73.4375,
              47.75
            ],
            [
              73.4375,
              48.25
            ],
            [
              74.0625,
              48.25
            ],
            [
              74.0625,
              47.75
            ],
            [
              73.4375,
              47.75
            ]
          ]
        ]
      },
      "properties": {
        "month": "202403",
        "value": -4.84,
        "units": "degC"
      }
    },
    {
      "type": "Feature",
      "geometry": {
        "type": "Polygon",
        "coordinates": [
          [
            [
              74.0625,
              47.75
            ],
            [
              74.0625,
              48.25
            ],
            [
              74.6875,
              48.25
            ],
            [
              74.6875,
              47.75
            ],
            [
              74.0625,
              47.75
            ]
          ]
        ]
      },
      "properties": {
        "month": "202403",
        "value": -4.54,
        "units": "degC"
      }
    },
    {
      "type": "Feature",
      "geometry": {
        "type": "Polygon",
        "coordinates": [
          [
            [
              74.6875,
              47.75
            ],
            [
              74.6875,
              48.25
            ],
            [
              75.3125,
              48.25
            ],
            [
              75.3125,
              47.75
            ],
            [
              74.6875,
              47.75
            ]
          ]
        ]
      },
      "properties": {
        "month": "202403",
        "value": -4.36,
        "units": "degC"
      }
    },
    {
      "type": "Feature",
      "geometry": {
        "type": "Polygon",
        "coordinates": [
          [
            [
              75.3125,
              47.75
            ],
            [
              75.3125,
              48.25
            ],
            [
              75.9375,
              48.25
            ],
            [
              75.9375,
              47.75
            ],
            [
              75.3125,
              47.75
            ]
          ]
        ]
      },
      "properties": {
        "month": "202403",
        "value": -3.73,
        "units": "degC"
      }
    },
    {
      "type": "Feature",
      "geometry": {
        "type": "Polygon",
        "coordinates": [
          [
            [
              72.8125,
              48.25
            ],
            [
              72.8125,
              48.75
            ],
            [
              73.4375,
              48.75
            ],
            [
              73.4375,
              48.25
            ],
            [
              72.8125,
              48.25
            ]
          ]
        ]
      },
      "properties": {
        "month": "202403",
        "value": -5.33,
        "units": "degC"
      }
    },
    {
      "type": "Feature",
      "geometry": {
        "type": "Polygon",
        "coordinates": [
          [
            [
              73.4375,
              48.25
            ],
            [
              73.4375,
              48.75
            ],
            [
              74.0625,
              48.75
            ],
            [
              74.0625,
              48.25
            ],
            [
              73.4375,
              48.25
            ]
          ]
        ]
      },
      "properties": {
        "month": "202403",
        "value": -5.73,
        "units": "degC"
      }
    },
    {
      "type": "Feature",
      "geometry": {
        "type": "Polygon",
        "coordinates": [
          [
            [
              74.0625,
              48.25
            ],
            [
              74.0625,
              48.75
            ],
            [
              74.6875,
              48.75
            ],
            [
              74.6875,
              48.25
            ],
            [
              74.0625,
              48.25
            ]
          ]
        ]
      },
      "properties": {
        "month": "202403",
        "value": -5.85,
        "units": "degC"
      }
    },
    {
      "type": "Feature",
      "geometry": {
        "type": "Polygon",
        "coordinates": [
          [
            [
              74.6875,
              48.25
            ],
            [
              74.6875,
              48.75
            ],
            [
              75.3125,
              48.75
            ],
            [
              75.3125,
              48.25
            ],
            [
              74.6875,
              48.25
            ]
          ]
        ]
      },
      "properties": {
        "month": "202403",
        "value": -5.8,
        "units": "degC"
      }
    },
    {
      "type": "Feature",
      "geometry": {
        "type": "Polygon",
        "coordinates": [
          [
            [
              75.3125,
              48.25
            ],
            [
              75.3125,
              48.75
            ],
            [
              75.9375,
              48.75
            ],
            [
              75.9375,
              48.25
            ],
            [
              75.3125,
              48.25
            ]
          ]
        ]
      },
      "properties": {
        "month": "202403",
        "value": -5.4,
        "units": "degC"
      }
    },
    {
      "type": "Feature",
      "geometry": {
        "type": "Polygon",
        "coordinates": [
          [
            [
              73.4375,
              48.75
            ],
            [
              72.8125,
              48.75
            ],
            [
              72.8125,
              49.0
            ],
            [
              73.4375,
              49.0
            ],
            [
              73.4375,
              48.75
            ]
          ]
        ]
      },
      "properties": {
        "month": "202403",
        "value": -5.48,
        "units": "degC"
      }
    },
    {
      "type": "Feature",
      "geometry": {
        "type": "Polygon",
        "coordinates": [
          [
            [
              74.0625,
              48.75
            ],
            [
              73.4375,
              48.75
            ],
            [
              73.4375,
              49.0
            ],
            [
              74.0625,
              49.0
            ],
            [
              74.0625,
              48.75
            ]
          ]
        ]
      },
      "properties": {
        "month": "202403",
        "value": -5.5,
        "units": "degC"
      }
    },
    {
      "type": "Feature",
      "geometry": {
        "type": "Polygon",
        "coordinates": [
          [
            [
              74.6875,
              48.75
            ],
            [
              74.0625,
              48.75
            ],
            [
              74.0625,
              49.0
            ],
            [
              74.6875,
              49.0
            ],
            [
              74.6875,
              48.75
            ]
          ]
        ]
      },
      "properties": {
        "month": "202403",
        "value": -5.73,
        "units": "degC"
      }
    },
    {
      "type": "Feature",
      "geometry": {
        "type": "Polygon",
        "coordinates": [
          [
            [
              75.3125,
              48.75
            ],
            [
              74.6875,
              48.75
            ],
            [
              74.6875,
              49.0
            ],
            [
              75.3125,
              49.0
            ],
            [
              75.3125,
              48.75
            ]
          ]
        ]
      },
      "properties": {
        "month": "202403",
        "value": -5.54,
        "units": "degC"
      }
    },
    {
      "type": "Feature",
      "geometry": {
        "type": "Polygon",
        "coordinates": [
          [
            [
              75.9375,
              48.75
            ],
            [
              75.3125,
              48.75
            ],
            [
              75.3125,
              49.0
            ],
            [
              75.9375,
              49.0
            ],
            [
              75.9375,
              48.75
            ]
          ]
        ]
      },
      "properties": {
        "month": "202403",
        "value": -5.73,
        "units": "degC"
      }
    },
    {
      "type": "Feature",
      "geometry": {
        "type": "Polygon",
        "coordinates": [
          [
            [
              75.9375,
              42.25
            ],
            [
              76.5625,
              42.25
            ],
            [
              76.5625,
              42.0
            ],
            [
              75.9375,
              42.0
            ],
            [
              75.9375,
              42.25
            ]
          ]
        ]
      },
      "properties": {
        "month": "202403",
        "value": -6.32,
        "units": "degC"
      }
    },
    {
      "type": "Feature",
      "geometry": {
        "type": "Polygon",
        "coordinates": [
          [
            [
              76.5625,
              42.25
            ],
            [
              77.1875,
              42.25
            ],
            [
              77.1875,
              42.0
            ],
            [
              76.5625,
              42.0
            ],
            [
              76.5625,
              42.25
            ]
          ]
        ]
      },
      "properties": {
        "month": "202403",
        "value": -4.68,
        "units": "degC"
      }
    },
    {
      "type": "Feature",
      "geometry": {
        "type": "Polygon",
        "coordinates": [
          [
            [
              77.1875,
              42.25
            ],
            [
              77.8125,
              42.25
            ],
            [
              77.8125,
              42.0
            ],
            [
              77.1875,
              42.0
            ],
            [
              77.1875,
              42.25
            ]
          ]
        ]
      },
      "properties": {
        "month": "202403",
        "value": -5.73,
        "units": "degC"
      }
    },
    {
      "type": "Feature",
      "geometry": {
        "type": "Polygon",
        "coordinates": [
          [
            [
              77.8125,
              42.25
            ],
            [
              78.4375,
              42.25
            ],
            [
              78.4375,
              42.0
            ],
            [
              77.8125,
              42.0
            ],
            [
              77.8125,
              42.25
            ]
          ]
        ]
      },
      "properties": {
        "month": "202403",
        "value": -9.55,
        "units": "degC"
      }
    },
    {
      "type": "Feature",
      "geometry": {
        "type": "Polygon",
        "coordinates": [
          [
            [
              78.4375,
              42.25
            ],
            [
              79.0625,
              42.25
            ],
            [
              79.0625,
              42.0
            ],
            [
              78.4375,
              42.0
            ],
            [
              78.4375,
              42.25
            ]
          ]
        ]
      },
      "properties": {
        "month": "202403",
        "value": -11.7,
        "units": "degC"
      }
    },
    {
      "type": "Feature",
      "geometry": {
        "type": "Polygon",
        "coordinates": [
          [
            [
              79.0625,
              42.25
            ],
            [
              79.6875,
              42.25
            ],
            [
              79.6875,
              42.0
            ],
            [
              79.0625,
              42.0
            ],
            [
              79.0625,
              42.25
            ]
          ]
        ]
      },
      "properties": {
        "month": "202403",
        "value": -9.39,
        "units": "degC"
      }
    },
    {
      "type": "Feature",
      "geometry": {
        "type": "Polygon",
        "coordinates": [
          [
            [
              79.6875,
              42.25
            ],
            [
              80.3125,
              42.25
            ],
            [
              80.3125,
              42.0
            ],
            [
              79.6875,
              42.0
            ],
            [
              79.6875,
              42.25
            ]
          ]
        ]
      },
      "properties": {
        "month": "202403",
        "value": -10.33,
        "units": "degC"
      }
    },
    {
      "type": "Feature",
      "geometry": {
        "type": "Polygon",
        "coordinates": [
          [
            [
              75.9375,
              42.25
            ],
            [
              75.9375,
              42.75
            ],
            [
              76.5625,
              42.75
            ],
            [
              76.5625,
              42.25
            ],
            [
              75.9375,
              42.25
            ]
          ]
        ]
      },
      "properties": {
        "month": "202403",
        "value": -2.17,
        "units": "degC"
      }
    },
    {
      "type": "Feature",
      "geometry": {
        "type": "Polygon",
        "coordinates": [
          [
            [
              76.5625,
              42.25
            ],
            [
              76.5625,
              42.75
            ],
            [
              77.1875,
              42.75
            ],
            [
              77.1875,
              42.25
            ],
            [
              76.5625,
              42.25
            ]
          ]
        ]
      },
      "properties": {
        "month": "202403",
        "value": -1.03,
        "units": "degC"
      }
    },
    {
      "type": "Feature",
      "geometry": {
        "type": "Polygon",
        "coordinates": [
          [
            [
              77.1875,
              42.25
            ],
            [
              77.1875,
              42.75
            ],
            [
              77.8125,
              42.75
            ],
            [
              77.8125,
              42.25
            ],
            [
              77.1875,
              42.25
            ]
          ]
        ]
      },
      "properties": {
        "month": "202403",
        "value": 2.79,
        "units": "degC"
      }
    },
    {
      "type": "Feature",
      "geometry": {
        "type": "Polygon",
        "coordinates": [
          [
            [
              77.8125,
              42.25
            ],
            [
              77.8125,
              42.75
            ],
            [
              78.4375,
              42.75
            ],
            [
              78.4375,
              42.25
            ],
            [
              77.8125,
              42.25
            ]
          ]
        ]
      },
      "properties": {
        "month": "202403",
        "value": -0.16,
        "units": "degC"
      }
    },
    {
      "type": "Feature",
      "geometry": {
        "type": "Polygon",
        "coordinates": [
          [
            [
              78.4375,
              42.25
            ],
            [
              78.4375,
              42.75
            ],
            [
              79.0625,
              42.75
            ],
            [
              79.0625,
              42.25
            ],
            [
              78.4375,
              42.25
            ]
          ]
        ]
      },
      "properties": {
        "month": "202403",
        "value": -5.14,
        "units": "degC"
      }
    },
    {
      "type": "Feature",
      "geometry": {
        "type": "Polygon",
        "coordinates": [
          [
            [
              79.0625,
              42.25
            ],
            [
              79.0625,
              42.75
            ],
            [
              79.6875,
              42.75
            ],
            [
              79.6875,
              42.25
            ],
            [
              79.0625,
              42.25
            ]
          ]
        ]
      },
      "properties": {
        "month": "202403",
        "value": -6.98,
        "units": "degC"
      }
    },
    {
      "type": "Feature",
      "geometry": {
        "type": "Polygon",
        "coordinates": [
          [
            [
              79.6875,
              42.25
            ],
            [
              79.6875,
              42.75
            ],
            [
              80.3125,
              42.75
            ],
            [
              80.3125,
              42.25
            ],
            [
              79.6875,
              42.25
            ]
          ]
        ]
      },
      "properties": {
        "month": "202403",
        "value": -7.11,
        "units": "degC"
      }
    },
    {
      "type": "Feature",
      "geometry": {
        "type": "Polygon",
        "coordinates": [
          [
            [
              75.9375,
              42.75
            ],
            [
              75.9375,
              43.25
            ],
            [
              76.5625,
              43.25
            ],
            [
              76.5625,
              42.75
            ],
            [
              75.9375,
              42.75
            ]
          ]
        ]
      },
      "properties": {
        "month": "202403",
        "value": -0.53,
        "units": "degC"
      }
    },
    {
      "type": "Feature",
      "geometry": {
        "type": "Polygon",
        "coordinates": [
          [
            [
              76.5625,
              42.75
            ],
            [
              76.5625,
              43.25
            ],
            [
              77.1875,
              43.25
            ],
            [
              77.1875,
              42.75
            ],
            [
              76.5625,
              42.75
            ]
          ]
        ]
      },
      "properties": {
        "month": "202403",
        "value": -5.16,
        "units": "degC"
      }
    },
    {
      "type": "Feature",
      "geometry": {
        "type": "Polygon",
        "coordinates": [
          [
            [
              77.1875,
              42.75
            ],
            [
              77.1875,
              43.25
            ],
            [
              77.8125,
              43.25
            ],
            [
              77.8125,
              42.75
            ],
            [
              77.1875,
              42.75
            ]
          ]
        ]
      },
      "properties": {
        "month": "202403",
        "value": -7.84,
        "units": "degC"
      }
    },
    {
      "type": "Feature",
      "geometry": {
        "type": "Polygon",
        "coordinates": [
          [
            [
              77.8125,
              42.75
            ],
            [
              77.8125,
              43.25
            ],
            [
              78.4375,
              43.25
            ],
            [
              78.4375,
              42.75
            ],
            [
              77.8125,
              42.75
            ]
          ]
        ]
      },
      "properties": {
        "month": "202403",
        "value": -3.84,
        "units": "degC"
      }
    },
    {
      "type": "Feature",
      "geometry": {
        "type": "Polygon",
        "coordinates": [
          [
            [
              78.4375,
              42.75
            ],
            [
              78.4375,
              43.25
            ],
            [
              79.0625,
              43.25
            ],
            [
              79.0625,
              42.75
            ],
            [
              78.4375,
              42.75
            ]
          ]
        ]
      },
      "properties": {
        "month": "202403",
        "value": 0.57,
        "units": "degC"
      }
    },
    {
      "type": "Feature",
      "geometry": {
        "type": "Polygon",
        "coordinates": [
          [
            [
              79.0625,
              42.75
            ],
            [
              79.0625,
              43.25
            ],
            [
              79.6875,
              43.25
            ],
            [
              79.6875,
              42.75
            ],
            [
              79.0625,
              42.75
            ]
          ]
        ]
      },
      "properties": {
        "month": "202403",
        "value": -0.56,
        "units": "degC"
      }
    },
    {
      "type": "Feature",
      "geometry": {
        "type": "Polygon",
        "coordinates": [
          [
            [
              79.6875,
              42.75
            ],
            [
              79.6875,
              43.25
            ],
            [
              80.3125,
              43.25
            ],
            [
              80.3125,
              42.75
            ],
            [
              79.6875,
              42.75
            ]
          ]
        ]
      },
      "properties": {
        "month": "202403",
        "value": -2.14,
        "units": "degC"
      }
    },
    {
      "type": "Feature",
      "geometry": {
        "type": "Polygon",
        "coordinates": [
          [
            [
              75.9375,
              43.25
            ],
            [
              75.9375,
              43.75
            ],
            [
              76.5625,
              43.75
            ],
            [
              76.5625,
              43.25
            ],
            [
              75.9375,
              43.25
            ]
          ]
        ]
      },
      "properties": {
        "month": "202403",
        "value": 6.41,
        "units": "degC"
      }
    },
    {
      "type": "Feature",
      "geometry": {
        "type": "Polygon",
        "coordinates": [
          [
            [
              76.5625,
              43.25
            ],
            [
              76.5625,
              43.75
            ],
            [
              77.1875,
              43.75
            ],
            [
              77.1875,
              43.25
            ],
            [
              76.5625,
              43.25
            ]
          ]
        ]
      },
      "properties": {
        "month": "202403",
        "value": 7.38,
        "units": "degC"
      }
    },
    {
      "type": "Feature",
      "geometry": {
        "type": "Polygon",
        "coordinates": [
          [
            [
              77.1875,
              43.25
            ],
            [
              77.1875,
              43.75
            ],
            [
              77.8125,
              43.75
            ],
            [
              77.8125,
              43.25
            ],
            [
              77.1875,
              43.25
            ]
          ]
        ]
      },
      "properties": {
        "month": "202403",
        "value": 6.98,
        "units": "degC"
      }
    },
    {
      "type": "Feature",
      "geometry": {
        "type": "Polygon",
        "coordinates": [
          [
            [
              77.8125,
              43.25
            ],
            [
              77.8125,
              43.75
            ],
            [
              78.4375,
              43.75
            ],
            [
              78.4375,
              43.25
            ],
            [
              77.8125,
              43.25
            ]
          ]
        ]
      },
      "properties": {
        "month": "202403",
        "value": 4.18,
        "units": "degC"
      }
    },
    {
      "type": "Feature",
      "geometry": {
        "type": "Polygon",
        "coordinates": [
          [
            [
              78.4375,
              43.25
            ],
            [
              78.4375,
              43.75
            ],
            [
              79.0625,
              43.75
            ],
            [
              79.0625,
              43.25
            ],
            [
              78.4375,
              43.25
            ]
          ]
        ]
      },
      "properties": {
        "month": "202403",
        "value": 4.13,
        "units": "degC"
      }
    },
    {
      "type": "Feature",
      "geometry": {
        "type": "Polygon",
        "coordinates": [
          [
            [
              79.0625,
              43.25
            ],
            [
              79.0625,
              43.75
            ],
            [
              79.6875,
              43.75
            ],
            [
              79.6875,
              43.25
            ],
            [
              79.0625,
              43.25
            ]
          ]
        ]
      },
      "properties": {
        "month": "202403",
        "value": 4.92,
        "units": "degC"
      }
    },
    {
      "type": "Feature",
      "geometry": {
        "type": "Polygon",
        "coordinates": [
          [
            [
              79.6875,
              43.25
            ],
            [
              79.6875,
              43.75
            ],
            [
              80.3125,
              43.75
            ],
            [
              80.3125,
              43.25
            ],
            [
              79.6875,
              43.25
            ]
          ]
        ]
      },
      "properties": {
        "month": "202403",
        "value": 4.39,
        "units": "degC"
      }
    },
    {
      "type": "Feature",
      "geometry": {
        "type": "Polygon",
        "coordinates": [
          [
            [
              75.9375,
              43.75
            ],
            [
              75.9375,
              44.25
            ],
            [
              76.5625,
              44.25
            ],
            [
              76.5625,
              43.75
            ],
            [
              75.9375,
              43.75
            ]
          ]
        ]
      },
      "properties": {
        "month": "202403",
        "value": 4.25,
        "units": "degC"
      }
    },
    {
      "type": "Feature",
      "geometry": {
        "type": "Polygon",
        "coordinates": [
          [
            [
              76.5625,
              43.75
            ],
            [
              76.5625,
              44.25
            ],
            [
              77.1875,
              44.25
            ],
            [
              77.1875,
              43.75
            ],
            [
              76.5625,
              43.75
            ]
          ]
        ]
      },
      "properties": {
        "month": "202403",
        "value": 4.85,
        "units": "degC"
      }
    },
    {
      "type": "Feature",
      "geometry": {
        "type": "Polygon",
        "coordinates": [
          [
            [
              77.1875,
              43.75
            ],
            [
              77.1875,
              44.25
            ],
            [
              77.8125,
              44.25
            ],
            [
              77.8125,
              43.75
            ],
            [
              77.1875,
              43.75
            ]
          ]
        ]
      },
      "properties": {
        "month": "202403",
        "value": 5.65,
        "units": "degC"
      }
    },
    {
      "type": "Feature",
      "geometry": {
        "type": "Polygon",
        "coordinates": [
          [
            [
              77.8125,
              43.75
            ],
            [
              77.8125,
              44.25
            ],
            [
              78.4375,
              44.25
            ],
            [
              78.4375,
              43.75
            ],
            [
              77.8125,
              43.75
            ]
          ]
        ]
      },
      "properties": {
        "month": "202403",
        "value": 4.2,
        "units": "degC"
      }
    },
    {
      "type": "Feature",
      "geometry": {
        "type": "Polygon",
        "coordinates": [
          [
            [
              78.4375,
              43.75
            ],
            [
              78.4375,
              44.25
            ],
            [
              79.0625,
              44.25
            ],
            [
              79.0625,
              43.75
            ],
            [
              78.4375,
              43.75
            ]
          ]
        ]
      },
      "properties": {
        "month": "202403",
        "value": 5.04,
        "units": "degC"
      }
    },
    {
      "type": "Feature",
      "geometry": {
        "type": "Polygon",
        "coordinates": [
          [
            [
              79.0625,
              43.75
            ],
            [
              79.0625,
              44.25
            ],
            [
              79.6875,
              44.25
            ],
            [
              79.6875,
              43.75
            ],
            [
              79.0625,
              43.75
            ]
          ]
        ]
      },
      "properties": {
        "month": "202403",
        "value": 6.51,
        "units": "degC"
      }
    },
    {
      "type": "Feature",
      "geometry": {
        "type": "Polygon",
        "coordinates": [
          [
            [
              79.6875,
              43.75
            ],
            [
              79.6875,
              44.25
            ],
            [
              80.3125,
              44.25
            ],
            [
              80.3125,
              43.75
            ],
            [
              79.6875,
              43.75
            ]
          ]
        ]
      },
      "properties": {
        "month": "202403",
        "value": 7.29,
        "units": "degC"
      }
    },
    {
      "type": "Feature",
      "geometry": {
        "type": "Polygon",
        "coordinates": [
          [
            [
              75.9375,
              44.25
            ],
            [
              75.9375,
              44.75
            ],
            [
              76.5625,
              44.75
            ],
            [
              76.5625,
              44.25
            ],
            [
              75.9375,
              44.25
            ]
          ]
        ]
      },
      "properties": {
        "month": "202403",
        "value": 4.53,
        "units": "degC"
      }
    },
    {
      "type": "Feature",
      "geometry": {
        "type": "Polygon",
        "coordinates": [
          [
            [
              76.5625,
              44.25
            ],
            [
              76.5625,
              44.75
            ],
            [
              77.1875,
              44.75
            ],
            [
              77.1875,
              44.25
            ],
            [
              76.5625,
              44.25
            ]
          ]
        ]
      },
      "properties": {
        "month": "202403",
        "value": 5.08,
        "units": "degC"
      }
    },
    {
      "type": "Feature",
      "geometry": {
        "type": "Polygon",
        "coordinates": [
          [
            [
              77.1875,
              44.25
            ],
            [
              77.1875,
              44.75
            ],
            [
              77.8125,
              44.75
            ],
            [
              77.8125,
              44.25
            ],
            [
              77.1875,
              44.25
            ]
          ]
        ]
      },
      "properties": {
        "month": "202403",
        "value": 4.28,
        "units": "degC"
      }
    },
    {
      "type": "Feature",
      "geometry": {
        "type": "Polygon",
        "coordinates": [
          [
            [
              77.8125,
              44.25
            ],
            [
              77.8125,
              44.75
            ],
            [
              78.4375,
              44.75
            ],
            [
              78.4375,
              44.25
            ],
            [
              77.8125,
              44.25
            ]
          ]
        ]
      },
      "properties": {
        "month": "202403",
        "value": 3.54,
        "units": "degC"
      }
    },
    {
      "type": "Feature",
      "geometry": {
        "type": "Polygon",
        "coordinates": [
          [
            [
              78.4375,
              44.25
            ],
            [
              78.4375,
              44.75
            ],
            [
              79.0625,
              44.75
            ],
            [
              79.0625,
              44.25
            ],
            [
              78.4375,
              44.25
            ]
          ]
        ]
      },
      "properties": {
        "month": "202403",
        "value": 0.5,
        "units": "degC"
      }
    },
    {
      "type": "Feature",
      "geometry": {
        "type": "Polygon",
        "coordinates": [
          [
            [
              79.0625,
              44.25
            ],
            [
              79.0625,
              44.75
            ],
            [
              79.6875,
              44.75
            ],
            [
              79.6875,
              44.25
            ],
            [
              79.0625,
              44.25
            ]
          ]
        ]
      },
      "properties": {
        "month": "202403",
        "value": -2.16,
        "units": "degC"
      }
    },
    {
      "type": "Feature",
      "geometry": {
        "type": "Polygon",
        "coordinates": [
          [
            [
              79.6875,
              44.25
            ],
            [
              79.6875,
              44.75
            ],
            [
              80.3125,
              44.75
            ],
            [
              80.3125,
              44.25
            ],
            [
              79.6875,
              44.25
            ]
          ]
        ]
      },
      "properties": {
        "month": "202403",
        "value": -2.1,
        "units": "degC"
      }
    },
    {
      "type": "Feature",
      "geometry": {
        "type": "Polygon",
        "coordinates": [
          [
            [
              75.9375,
              44.75
            ],
            [
              75.9375,
              45.25
            ],
            [
              76.5625,
              45.25
            ],
            [
              76.5625,
              44.75
            ],
            [
              75.9375,
              44.75
            ]
          ]
        ]
      },
      "properties": {
        "month": "202403",
        "value": 3.58,
        "units": "degC"
      }
    },
    {
      "type": "Feature",
      "geometry": {
        "type": "Polygon",
        "coordinates": [
          [
            [
              76.5625,
              44.75
            ],
            [
              76.5625,
              45.25
            ],
            [
              77.1875,
              45.25
            ],
            [
              77.1875,
              44.75
            ],
            [
              76.5625,
              44.75
            ]
          ]
        ]
      },
      "properties": {
        "month": "202403",
        "value": 3.83,
        "units": "degC"
      }
    },
    {
      "type": "Feature",
      "geometry": {
        "type": "Polygon",
        "coordinates": [
          [
            [
              77.1875,
              44.75
            ],
            [
              77.1875,
              45.25
            ],
            [
              77.8125,
              45.25
            ],
            [
              77.8125,
              44.75
            ],
            [
              77.1875,
              44.75
            ]
          ]
        ]
      },
      "properties": {
        "month": "202403",
        "value": 4.1,
        "units": "degC"
      }
    },
    {
      "type": "Feature",
      "geometry": {
        "type": "Polygon",
        "coordinates": [
          [
            [
              77.8125,
              44.75
            ],
            [
              77.8125,
              45.25
            ],
            [
              78.4375,
              45.25
            ],
            [
              78.4375,
              44.75
            ],
            [
              77.8125,
              44.75
            ]
          ]
        ]
      },
      "properties": {
        "month": "202403",
        "value": 4.01,
        "units": "degC"
      }
    },
    {
      "type": "Feature",
      "geometry": {
        "type": "Polygon",
        "coordinates": [
          [
            [
              78.4375,
              44.75
            ],
            [
              78.4375,
              45.25
            ],
            [
              79.0625,
              45.25
            ],
            [
              79.0625,
              44.75
            ],
            [
              78.4375,
              44.75
            ]
          ]
        ]
      },
      "properties": {
        "month": "202403",
        "value": 1.56,
        "units": "degC"
      }
    },
    {
      "type": "Feature",
      "geometry": {
        "type": "Polygon",
        "coordinates": [
          [
            [
              79.0625,
              44.75
            ],
            [
              79.0625,
              45.25
            ],
            [
              79.6875,
              45.25
            ],
            [
              79.6875,
              44.75
            ],
            [
              79.0625,
              44.75
            ]
          ]
        ]
      },
      "properties": {
        "month": "202403",
        "value": -4.36,
        "units": "degC"
      }
    },
    {
      "type": "Feature",
      "geometry": {
        "type": "Polygon",
        "coordinates": [
          [
            [
              79.6875,
              44.75
            ],
            [
              79.6875,
              45.25
            ],
            [
              80.3125,
              45.25
            ],
            [
              80.3125,
              44.75
            ],
            [
              79.6875,
              44.75
            ]
          ]
        ]
      },
      "properties": {
        "month": "202403",
        "value": -7.53,
        "units": "degC"
      }
    },
    {
      "type": "Feature",
      "geometry": {
        "type": "Polygon",
        "coordinates": [
          [
            [
              75.9375,
              45.25
            ],
            [
              75.9375,
              45.75
            ],
            [
              76.5625,
              45.75
            ],
            [
              76.5625,
              45.25
            ],
            [
              75.9375,
              45.25
            ]
          ]
        ]
      },
      "properties": {
        "month": "202403",
        "value": 2.66,
        "units": "degC"
      }
    },
    {
      "type": "Feature",
      "geometry": {
        "type": "Polygon",
        "coordinates": [
          [
            [
              76.5625,
              45.25
            ],
            [
              76.5625,
              45.75
            ],
            [
              77.1875,
              45.75
            ],
            [
              77.1875,
              45.25
            ],
            [
              76.5625,
              45.25
            ]
          ]
        ]
      },
      "properties": {
        "month": "202403",
        "value": 2.71,
        "units": "degC"
      }
    },
    {
      "type": "Feature",
      "geometry": {
        "type": "Polygon",
        "coordinates": [
          [
            [
              77.1875,
              45.25
            ],
            [
              77.1875,
              45.75
            ],
            [
              77.8125,
              45.75
            ],
            [
              77.8125,
              45.25
            ],
            [
              77.1875,
              45.25
            ]
          ]
        ]
      },
      "properties": {
        "month": "202403",
        "value": 2.75,
        "units": "degC"
      }
    },
    {
      "type": "Feature",
      "geometry": {
        "type": "Polygon",
        "coordinates": [
          [
            [
              77.8125,
              45.25
            ],
            [
              77.8125,
              45.75
            ],
            [
              78.4375,
              45.75
            ],
            [
              78.4375,
              45.25
            ],
            [
              77.8125,
              45.25
            ]
          ]
        ]
      },
      "properties": {
        "month": "202403",
        "value": 2.95,
        "units": "degC"
      }
    },
    {
      "type": "Feature",
      "geometry": {
        "type": "Polygon",
        "coordinates": [
          [
            [
              78.4375,
              45.25
            ],
            [
              78.4375,
              45.75
            ],
            [
              79.0625,
              45.75
            ],
            [
              79.0625,
              45.25
            ],
            [
              78.4375,
              45.25
            ]
          ]
        ]
      },
      "properties": {
        "month": "202403",
        "value": 3.37,
        "units": "degC"
      }
    },
    {
      "type": "Feature",
      "geometry": {
        "type": "Polygon",
        "coordinates": [
          [
            [
              79.0625,
              45.25
            ],
            [
              79.0625,
              45.75
            ],
            [
              79.6875,
              45.75
            ],
            [
              79.6875,
              45.25
            ],
            [
              79.0625,
              45.25
            ]
          ]
        ]
      },
      "properties": {
        "month": "202403",
        "value": 2.69,
        "units": "degC"
      }
    },
    {
      "type": "Feature",
      "geometry": {
        "type": "Polygon",
        "coordinates": [
          [
            [
              79.6875,
              45.25
            ],
            [
              79.6875,
              45.75
            ],
            [
              80.3125,
              45.75
            ],
            [
              80.3125,
              45.25
            ],
            [
              79.6875,
              45.25
            ]
          ]
        ]
      },
      "properties": {
        "month": "202403",
        "value": 1.35,
        "units": "degC"
      }
    },
    {
      "type": "Feature",
      "geometry": {
        "type": "Polygon",
        "coordinates": [
          [
            [
              75.9375,
              45.75
            ],
            [
              75.9375,
              46.25
            ],
            [
              76.5625,
              46.25
            ],
            [
              76.5625,
              45.75
            ],
            [
              75.9375,
              45.75
            ]
          ]
        ]
      },
      "properties": {
        "month": "202403",
        "value": 2.01,
        "units": "degC"
      }
    },
    {
      "type": "Feature",
      "geometry": {
        "type": "Polygon",
        "coordinates": [
          [
            [
              76.5625,
              45.75
            ],
            [
              76.5625,
              46.25
            ],
            [
              77.1875,
              46.25
            ],
            [
              77.1875,
              45.75
            ],
            [
              76.5625,
              45.75
            ]
          ]
        ]
      },
      "properties": {
        "month": "202403",
        "value": 1.98,
        "units": "degC"
      }
    },
    {
      "type": "Feature",
      "geometry": {
        "type": "Polygon",
        "coordinates": [
          [
            [
              77.1875,
              45.75
            ],
            [
              77.1875,
              46.25
            ],
            [
              77.8125,
              46.25
            ],
            [
              77.8125,
              45.75
            ],
            [
              77.1875,
              45.75
            ]
          ]
        ]
      },
      "properties": {
        "month": "202403",
        "value": 1.91,
        "units": "degC"
      }
    },
    {
      "type": "Feature",
      "geometry": {
        "type": "Polygon",
        "coordinates": [
          [
            [
              77.8125,
              45.75
            ],
            [
              77.8125,
              46.25
            ],
            [
              78.4375,
              46.25
            ],
            [
              78.4375,
              45.75
            ],
            [
              77.8125,
              45.75
            ]
          ]
        ]
      },
      "properties": {
        "month": "202403",
        "value": 2.09,
        "units": "degC"
      }
    },
    {
      "type": "Feature",
      "geometry": {
        "type": "Polygon",
        "coordinates": [
          [
            [
              78.4375,
              45.75
            ],
            [
              78.4375,
              46.25
            ],
            [
              79.0625,
              46.25
            ],
            [
              79.0625,
              45.75
            ],
            [
              78.4375,
              45.75
            ]
          ]
        ]
      },
      "properties": {
        "month": "202403",
        "value": 2.29,
        "units": "degC"
      }
    },
    {
      "type": "Feature",
      "geometry": {
        "type": "Polygon",
        "coordinates": [
          [
            [
              79.0625,
              45.75
            ],
            [
              79.0625,
              46.25
            ],
            [
              79.6875,
              46.25
            ],
            [
              79.6875,
              45.75
            ],
            [
              79.0625,
              45.75
            ]
          ]
        ]
      },
      "properties": {
        "month": "202403",
        "value": 2.39,
        "units": "degC"
      }
    },
    {
      "type": "Feature",
      "geometry": {
        "type": "Polygon",
        "coordinates": [
          [
            [
              79.6875,
              45.75
            ],
            [
              79.6875,
              46.25
            ],
            [
              80.3125,
              46.25
            ],
            [
              80.3125,
              45.75
            ],
            [
              79.6875,
              45.75
            ]
          ]
        ]
      },
      "properties": {
        "month": "202403",
        "value": 2.65,
        "units": "degC"
      }
    },
    {
      "type": "Feature",
      "geometry": {
        "type": "Polygon",
        "coordinates": [
          [
            [
              75.9375,
              46.25
            ],
            [
              75.9375,
              46.75
            ],
            [
              76.5625,
              46.75
            ],
            [
              76.5625,
              46.25
            ],
            [
              75.9375,
              46.25
            ]
          ]
        ]
      },
      "properties": {
        "month": "202403",
        "value": 1.35,
        "units": "degC"
      }
    },
    {
      "type": "Feature",
      "geometry": {
        "type": "Polygon",
        "coordinates": [
          [
            [
              76.5625,
              46.25
            ],
            [
              76.5625,
              46.75
            ],
            [
              77.1875,
              46.75
            ],
            [
              77.1875,
              46.25
            ],
            [
              76.5625,
              46.25
            ]
          ]
        ]
      },
      "properties": {
        "month": "202403",
        "value": 1.27,
        "units": "degC"
      }
    },
    {
      "type": "Feature",
      "geometry": {
        "type": "Polygon",
        "coordinates": [
          [
            [
              77.1875,
              46.25
            ],
            [
              77.1875,
              46.75
            ],
            [
              77.8125,
              46.75
            ],
            [
              77.8125,
              46.25
            ],
            [
              77.1875,
              46.25
            ]
          ]
        ]
      },
      "properties": {
        "month": "202403",
        "value": 1.33,
        "units": "degC"
      }
    },
    {
      "type": "Feature",
      "geometry": {
        "type": "Polygon",
        "coordinates": [
          [
            [
              77.8125,
              46.25
            ],
            [
              77.8125,
              46.75
            ],
            [
              78.4375,
              46.75
            ],
            [
              78.4375,
              46.25
            ],
            [
              77.8125,
              46.25
            ]
          ]
        ]
      },
      "properties": {
        "month": "202403",
        "value": 1.51,
        "units": "degC"
      }
    },
    {
      "type": "Feature",
      "geometry": {
        "type": "Polygon",
        "coordinates": [
          [
            [
              78.4375,
              46.25
            ],
            [
              78.4375,
              46.75
            ],
            [
              79.0625,
              46.75
            ],
            [
              79.0625,
              46.25
            ],
            [
              78.4375,
              46.25
            ]
          ]
        ]
      },
      "properties": {
        "month": "202403",
        "value": 1.67,
        "units": "degC"
      }
    },
    {
      "type": "Feature",
      "geometry": {
        "type": "Polygon",
        "coordinates": [
          [
            [
              79.0625,
              46.25
            ],
            [
              79.0625,
              46.75
            ],
            [
              79.6875,
              46.75
            ],
            [
              79.6875,
              46.25
            ],
            [
              79.0625,
              46.25
            ]
          ]
        ]
      },
      "properties": {
        "month": "202403",
        "value": 1.47,
        "units": "degC"
      }
    },
    {
      "type": "Feature",
      "geometry": {
        "type": "Polygon",
        "coordinates": [
          [
            [
              79.6875,
              46.25
            ],
            [
              79.6875,
              46.75
            ],
            [
              80.3125,
              46.75
            ],
            [
              80.3125,
              46.25
            ],
            [
              79.6875,
              46.25
            ]
          ]
        ]
      },
      "properties": {
        "month": "202403",
        "value": 1.53,
        "units": "degC"
      }
    },
    {
      "type": "Feature",
      "geometry": {
        "type": "Polygon",
        "coordinates": [
          [
            [
              75.9375,
              46.75
            ],
            [
              75.9375,
              47.25
            ],
            [
              76.5625,
              47.25
            ],
            [
              76.5625,
              46.75
            ],
            [
              75.9375,
              46.75
            ]
          ]
        ]
      },
      "properties": {
        "month": "202403",
        "value": 0.1,
        "units": "degC"
      }
    },
    {
      "type": "Feature",
      "geometry": {
        "type": "Polygon",
        "coordinates": [
          [
            [
              76.5625,
              46.75
            ],
            [
              76.5625,
              47.25
            ],
            [
              77.1875,
              47.25
            ],
            [
              77.1875,
              46.75
            ],
            [
              76.5625,
              46.75
            ]
          ]
        ]
      },
      "properties": {
        "month": "202403",
        "value": 0.06,
        "units": "degC"
      }
    },
    {
      "type": "Feature",
      "geometry": {
        "type": "Polygon",
        "coordinates": [
          [
            [
              77.1875,
              46.75
            ],
            [
              77.1875,
              47.25
            ],
            [
              77.8125,
              47.25
            ],
            [
              77.8125,
              46.75
            ],
            [
              77.1875,
              46.75
            ]
          ]
        ]
      },
      "properties": {
        "month": "202403",
        "value": -0.19,
        "units": "degC"
      }
    },
    {
      "type": "Feature",
      "geometry": {
        "type": "Polygon",
        "coordinates": [
          [
            [
              77.8125,
              46.75
            ],
            [
              77.8125,
              47.25
            ],
            [
              78.4375,
              47.25
            ],
            [
              78.4375,
              46.75
            ],
            [
              77.8125,
              46.75
            ]
          ]
        ]
      },
      "properties": {
        "month": "202403",
        "value": -0.2,
        "units": "degC"
      }
    },
    {
      "type": "Feature",
      "geometry": {
        "type": "Polygon",
        "coordinates": [
          [
            [
              78.4375,
              46.75
            ],
            [
              78.4375,
              47.25
            ],
            [
              79.0625,
              47.25
            ],
            [
              79.0625,
              46.75
            ],
            [
              78.4375,
              46.75
            ]
          ]
        ]
      },
      "properties": {
        "month": "202403",
        "value": 0.16,
        "units": "degC"
      }
    },
    {
      "type": "Feature",
      "geometry": {
        "type": "Polygon",
        "coordinates": [
          [
            [
              79.0625,
              46.75
            ],
            [
              79.0625,
              47.25
            ],
            [
              79.6875,
              47.25
            ],
            [
              79.6875,
              46.75
            ],
            [
              79.0625,
              46.75
            ]
          ]
        ]
      },
      "properties": {
        "month": "202403",
        "value": 1.04,
        "units": "degC"
      }
    },
    {
      "type": "Feature",
      "geometry": {
        "type": "Polygon",
        "coordinates": [
          [
            [
              79.6875,
              46.75
            ],
            [
              79.6875,
              47.25
            ],
            [
              80.3125,
              47.25
            ],
            [
              80.3125,
              46.75
            ],
            [
              79.6875,
              46.75
            ]
          ]
        ]
      },
      "properties": {
        "month": "202403",
        "value": 1.53,
        "units": "degC"
      }
    },
    {
      "type": "Feature",
      "geometry": {
        "type": "Polygon",
        "coordinates": [
          [
            [
              75.9375,
              47.25
            ],
            [
              75.9375,
              47.75
            ],
            [
              76.5625,
              47.75
            ],
            [
              76.5625,
              47.25
            ],
            [
              75.9375,
              47.25
            ]
          ]
        ]
      },
      "properties": {
        "month": "202403",
        "value": -1.62,
        "units": "degC"
      }
    },
    {
      "type": "Feature",
      "geometry": {
        "type": "Polygon",
        "coordinates": [
          [
            [
              76.5625,
              47.25
            ],
            [
              76.5625,
              47.75
            ],
            [
              77.1875,
              47.75
            ],
            [
              77.1875,
              47.25
            ],
            [
              76.5625,
              47.25
            ]
          ]
        ]
      },
      "properties": {
        "month": "202403",
        "value": -1.59,
        "units": "degC"
      }
    },
    {
      "type": "Feature",
      "geometry": {
        "type": "Polygon",
        "coordinates": [
          [
            [
              77.1875,
              47.25
            ],
            [
              77.1875,
              47.75
            ],
            [
              77.8125,
              47.75
            ],
            [
              77.8125,
              47.25
            ],
            [
              77.1875,
              47.25
            ]
          ]
        ]
      },
      "properties": {
        "month": "202403",
        "value": -1.83,
        "units": "degC"
      }
    },
    {
      "type": "Feature",
      "geometry": {
        "type": "Polygon",
        "coordinates": [
          [
            [
              77.8125,
              47.25
            ],
            [
              77.8125,
              47.75
            ],
            [
              78.4375,
              47.75
            ],
            [
              78.4375,
              47.25
            ],
            [
              77.8125,
              47.25
            ]
          ]
        ]
      },
      "properties": {
        "month": "202403",
        "value": -1.91,
        "units": "degC"
      }
    },
    {
      "type": "Feature",
      "geometry": {
        "type": "Polygon",
        "coordinates": [
          [
            [
              78.4375,
              47.25
            ],
            [
              78.4375,
              47.75
            ],
            [
              79.0625,
              47.75
            ],
            [
              79.0625,
              47.25
            ],
            [
              78.4375,
              47.25
            ]
          ]
        ]
      },
      "properties": {
        "month": "202403",
        "value": -1.39,
        "units": "degC"
      }
    },
    {
      "type": "Feature",
      "geometry": {
        "type": "Polygon",
        "coordinates": [
          [
            [
              79.0625,
              47.25
            ],
            [
              79.0625,
              47.75
            ],
            [
              79.6875,
              47.75
            ],
            [
              79.6875,
              47.25
            ],
            [
              79.0625,
              47.25
            ]
          ]
        ]
      },
      "properties": {
        "month": "202403",
        "value": -0.83,
        "units": "degC"
      }
    },
    {
      "type": "Feature",
      "geometry": {
        "type": "Polygon",
        "coordinates": [
          [
            [
              79.6875,
              47.25
            ],
            [
              79.6875,
              47.75
            ],
            [
              80.3125,
              47.75
            ],
            [
              80.3125,
              47.25
            ],
            [
              79.6875,
              47.25
            ]
          ]
        ]
      },
      "properties": {
        "month": "202403",
        "value": -0.35,
        "units": "degC"
      }
    },
    {
      "type": "Feature",
      "geometry": {
        "type": "Polygon",
        "coordinates": [
          [
            [
              75.9375,
              47.75
            ],
            [
              75.9375,
              48.25
            ],
            [
              76.5625,
              48.25
            ],
            [
              76.5625,
              47.75
            ],
            [
              75.9375,
              47.75
            ]
          ]
        ]
      },
      "properties": {
        "month": "202403",
        "value": -3.43,
        "units": "degC"
      }
    },
    {
      "type": "Feature",
      "geometry": {
        "type": "Polygon",
        "coordinates": [
          [
            [
              76.5625,
              47.75
            ],
            [
              76.5625,
              48.25
            ],
            [
              77.1875,
              48.25
            ],
            [
              77.1875,
              47.75
            ],
            [
              76.5625,
              47.75
            ]
          ]
        ]
      },
      "properties": {
        "month": "202403",
        "value": -3.3,
        "units": "degC"
      }
    },
    {
      "type": "Feature",
      "geometry": {
        "type": "Polygon",
        "coordinates": [
          [
            [
              77.1875,
              47.75
            ],
            [
              77.1875,
              48.25
            ],
            [
              77.8125,
              48.25
            ],
            [
              77.8125,
              47.75
            ],
            [
              77.1875,
              47.75
            ]
          ]
        ]
      },
      "properties": {
        "month": "202403",
        "value": -2.98,
        "units": "degC"
      }
    },
    {
      "type": "Feature",
      "geometry": {
        "type": "Polygon",
        "coordinates": [
          [
            [
              77.8125,
              47.75
            ],
            [
              77.8125,
              48.25
            ],
            [
              78.4375,
              48.25
            ],
            [
              78.4375,
              47.75
            ],
            [
              77.8125,
              47.75
            ]
          ]
        ]
      },
      "properties": {
        "month": "202403",
        "value": -2.61,
        "units": "degC"
      }
    },
    {
      "type": "Feature",
      "geometry": {
        "type": "Polygon",
        "coordinates": [
          [
            [
              78.4375,
              47.75
            ],
            [
              78.4375,
              48.25
            ],
            [
              79.0625,
              48.25
            ],
            [
              79.0625,
              47.75
            ],
            [
              78.4375,
              47.75
            ]
          ]
        ]
      },
      "properties": {
        "month": "202403",
        "value": -2.83,
        "units": "degC"
      }
    },
    {
      "type": "Feature",
      "geometry": {
        "type": "Polygon",
        "coordinates": [
          [
            [
              79.0625,
              47.75
            ],
            [
              79.0625,
              48.25
            ],
            [
              79.6875,
              48.25
            ],
            [
              79.6875,
              47.75
            ],
            [
              79.0625,
              47.75
            ]
          ]
        ]
      },
      "properties": {
        "month": "202403",
        "value": -3.55,
        "units": "degC"
      }
    },
    {
      "type": "Feature",
      "geometry": {
        "type": "Polygon",
        "coordinates": [
          [
            [
              79.6875,
              47.75
            ],
            [
              79.6875,
              48.25
            ],
            [
              80.3125,
              48.25
            ],
            [
              80.3125,
              47.75
            ],
            [
              79.6875,
              47.75
            ]
          ]
        ]
      },
      "properties": {
        "month": "202403",
        "value": -3.31,
        "units": "degC"
      }
    },
    {
      "type": "Feature",
      "geometry": {
        "type": "Polygon",
        "coordinates": [
          [
            [
              75.9375,
              48.25
            ],
            [
              75.9375,
              48.75
            ],
            [
              76.5625,
              48.75
            ],
            [
              76.5625,
              48.25
            ],
            [
              75.9375,
              48.25
            ]
          ]
        ]
      },
      "properties": {
        "month": "202403",
        "value": -4.85,
        "units": "degC"
      }
    },
    {
      "type": "Feature",
      "geometry": {
        "type": "Polygon",
        "coordinates": [
          [
            [
              76.5625,
              48.25
            ],
            [
              76.5625,
              48.75
            ],
            [
              77.1875,
              48.75
            ],
            [
              77.1875,
              48.25
            ],
            [
              76.5625,
              48.25
            ]
          ]
        ]
      },
      "properties": {
        "month": "202403",
        "value": -4.64,
        "units": "degC"
      }
    },
    {
      "type": "Feature",
      "geometry": {
        "type": "Polygon",
        "coordinates": [
          [
            [
              77.1875,
              48.25
            ],
            [
              77.1875,
              48.75
            ],
            [
              77.8125,
              48.75
            ],
            [
              77.8125,
              48.25
            ],
            [
              77.1875,
              48.25
            ]
          ]
        ]
      },
      "properties": {
        "month": "202403",
        "value": -4.21,
        "units": "degC"
      }
    },
    {
      "type": "Feature",
      "geometry": {
        "type": "Polygon",
        "coordinates": [
          [
            [
              77.8125,
              48.25
            ],
            [
              77.8125,
              48.75
            ],
            [
              78.4375,
              48.75
            ],
            [
              78.4375,
              48.25
            ],
            [
              77.8125,
              48.25
            ]
          ]
        ]
      },
      "properties": {
        "month": "202403",
        "value": -4.03,
        "units": "degC"
      }
    },
    {
      "type": "Feature",
      "geometry": {
        "type": "Polygon",
        "coordinates": [
          [
            [
              78.4375,
              48.25
            ],
            [
              78.4375,
              48.75
            ],
            [
              79.0625,
              48.75
            ],
            [
              79.0625,
              48.25
            ],
            [
              78.4375,
              48.25
            ]
          ]
        ]
      },
      "properties": {
        "month": "202403",
        "value": -4.53,
        "units": "degC"
      }
    },
    {
      "type": "Feature",
      "geometry": {
        "type": "Polygon",
        "coordinates": [
          [
            [
              79.0625,
              48.25
            ],
            [
              79.0625,
              48.75
            ],
            [
              79.6875,
              48.75
            ],
            [
              79.6875,
              48.25
            ],
            [
              79.0625,
              48.25
            ]
          ]
        ]
      },
      "properties": {
        "month": "202403",
        "value": -4.35,
        "units": "degC"
      }
    },
    {
      "type": "Feature",
      "geometry": {
        "type": "Polygon",
        "coordinates": [
          [
            [
              79.6875,
              48.25
            ],
            [
              79.6875,
              48.75
            ],
            [
              80.3125,
              48.75
            ],
            [
              80.3125,
              48.25
            ],
            [
              79.6875,
              48.25
            ]
          ]
        ]
      },
      "properties": {
        "month": "202403",
        "value": -4.01,
        "units": "degC"
      }
    },
    {
      "type": "Feature",
      "geometry": {
        "type": "Polygon",
        "coordinates": [
          [
            [
              76.5625,
              48.75
            ],
            [
              75.9375,
              48.75
            ],
            [
              75.9375,
              49.0
            ],
            [
              76.5625,
              49.0
            ],
            [
              76.5625,
              48.75
            ]
          ]
        ]
      },
      "properties": {
        "month": "202403",
        "value": -5.58,
        "units": "degC"
      }
    },
    {
      "type": "Feature",
      "geometry": {
        "type": "Polygon",
        "coordinates": [
          [
            [
              77.1875,
              48.75
            ],
            [
              76.5625,
              48.75
            ],
            [
              76.5625,
              49.0
            ],
            [
              77.1875,
              49.0
            ],
            [
              77.1875,
              48.75
            ]
          ]
        ]
      },
      "properties": {
        "month": "202403",
        "value": -5.4,
        "units": "degC"
      }
    },
    {
      "type": "Feature",
      "geometry": {
        "type": "Polygon",
        "coordinates": [
          [
            [
              77.8125,
              48.75
            ],
            [
              77.1875,
              48.75
            ],
            [
              77.1875,
              49.0
            ],
            [
              77.8125,
              49.0
            ],
            [
              77.8125,
              48.75
            ]
          ]
        ]
      },
      "properties": {
        "month": "202403",
        "value": -4.85,
        "units": "degC"
      }
    },
    {
      "type": "Feature",
      "geometry": {
        "type": "Polygon",
        "coordinates": [
          [
            [
              78.4375,
              48.75
            ],
            [
              77.8125,
              48.75
            ],
            [
              77.8125,
              49.0
            ],
            [
              78.4375,
              49.0
            ],
            [
              78.4375,
              48.75
            ]
          ]
        ]
      },
      "properties": {
        "month": "202403",
        "value": -4.39,
        "units": "degC"
      }
    },
    {
      "type": "Feature",
      "geometry": {
        "type": "Polygon",
        "coordinates": [
          [
            [
              79.0625,
              48.75
            ],
            [
              78.4375,
              48.75
            ],
            [
              78.4375,
              49.0
            ],
            [
              79.0625,
              49.0
            ],
            [
              79.0625,
              48.75
            ]
          ]
        ]
      },
      "properties": {
        "month": "202403",
        "value": -3.9,
        "units": "degC"
      }
    },
    {
      "type": "Feature",
      "geometry": {
        "type": "Polygon",
        "coordinates": [
          [
            [
              79.6875,
              48.75
            ],
            [
              79.0625,
              48.75
            ],
            [
              79.0625,
              49.0
            ],
            [
              79.6875,
              49.0
            ],
            [
              79.6875,
              48.75
            ]
          ]
        ]
      },
      "properties": {
        "month": "202403",
        "value": -3.34,
        "units": "degC"
      }
    },
    {
      "type": "Feature",
      "geometry": {
        "type": "Polygon",
        "coordinates": [
          [
            [
              80.3125,
              48.75
            ],
            [
              79.6875,
              48.75
            ],
            [
              79.6875,
              49.0
            ],
            [
              80.3125,
              49.0
            ],
            [
              80.3125,
              48.75
            ]
          ]
        ]
      },
      "properties": {
        "month": "202403",
        "value": -3.62,
        "units": "degC"
      }
    },
    {
      "type": "Feature",
      "geometry": {
        "type": "Polygon",
        "coordinates": [
          [
            [
              80.3125,
              42.25
            ],
            [
              80.9375,
              42.25
            ],
            [
              80.9375,
              42.0
            ],
            [
              80.3125,
              42.0
            ],
            [
              80.3125,
              42.25
            ]
          ]
        ]
      },
      "properties": {
        "month": "202403",
        "value": -7.79,
        "units": "degC"
      }
    },
    {
      "type": "Feature",
      "geometry": {
        "type": "Polygon",
        "coordinates": [
          [
            [
              80.9375,
              42.25
            ],
            [
              81.5625,
              42.25
            ],
            [
              81.5625,
              42.0
            ],
            [
              80.9375,
              42.0
            ],
            [
              80.9375,
              42.25
            ]
          ]
        ]
      },
      "properties": {
        "month": "202403",
        "value": -2.61,
        "units": "degC"
      }
    },
    {
      "type": "Feature",
      "geometry": {
        "type": "Polygon",
        "coordinates": [
          [
            [
              81.5625,
              42.25
            ],
            [
              82.1875,
              42.25
            ],
            [
              82.1875,
              42.0
            ],
            [
              81.5625,
              42.0
            ],
            [
              81.5625,
              42.25
            ]
          ]
        ]
      },
      "properties": {
        "month": "202403",
        "value": 0.67,
        "units": "degC"
      }
    },
    {
      "type": "Feature",
      "geometry": {
        "type": "Polygon",
        "coordinates": [
          [
            [
              82.1875,
              42.25
            ],
            [
              82.8125,
              42.25
            ],
            [
              82.8125,
              42.0
            ],
            [
              82.1875,
              42.0
            ],
            [
              82.1875,
              42.25
            ]
          ]
        ]
      },
      "properties": {
        "month": "202403",
        "value": 3.91,
        "units": "degC"
      }
    },
    {
      "type": "Feature",
      "geometry": {
        "type": "Polygon",
        "coordinates": [
          [
            [
              82.8125,
              42.25
            ],
            [
              83.4375,
              42.25
            ],
            [
              83.4375,
              42.0
            ],
            [
              82.8125,
              42.0
            ],
            [
              82.8125,
              42.25
            ]
          ]
        ]
      },
      "properties": {
        "month": "202403",
        "value": 4.05,
        "units": "degC"
      }
    },
    {
      "type": "Feature",
      "geometry": {
        "type": "Polygon",
        "coordinates": [
          [
            [
              83.4375,
              42.25
            ],
            [
              84.0625,
              42.25
            ],
            [
              84.0625,
              42.0
            ],
            [
              83.4375,
              42.0
            ],
            [
              83.4375,
              42.25
            ]
          ]
        ]
      },
      "properties": {
        "month": "202403",
        "value": 2.91,
        "units": "degC"
      }
    },
    {
      "type": "Feature",
      "geometry": {
        "type": "Polygon",
        "coordinates": [
          [
            [
              80.3125,
              42.25
            ],
            [
              80.3125,
              42.75
            ],
            [
              80.9375,
              42.75
            ],
            [
              80.9375,
              42.25
            ],
            [
              80.3125,
              42.25
            ]
          ]
        ]
      },
      "properties": {
        "month": "202403",
        "value": -5.69,
        "units": "degC"
      }
    },
    {
      "type": "Feature",
      "geometry": {
        "type": "Polygon",
        "coordinates": [
          [
            [
              80.9375,
              42.25
            ],
            [
              80.9375,
              42.75
            ],
            [
              81.5625,
              42.75
            ],
            [
              81.5625,
              42.25
            ],
            [
              80.9375,
              42.25
            ]
          ]
        ]
      },
      "properties": {
        "month": "202403",
        "value": -6.02,
        "units": "degC"
      }
    },
    {
      "type": "Feature",
      "geometry": {
        "type": "Polygon",
        "coordinates": [
          [
            [
              81.5625,
              42.25
            ],
            [
              81.5625,
              42.75
            ],
            [
              82.1875,
              42.75
            ],
            [
              82.1875,
              42.25
            ],
            [
              81.5625,
              42.25
            ]
          ]
        ]
      },
      "properties": {
        "month": "202403",
        "value": -5.54,
        "units": "degC"
      }
    },
    {
      "type": "Feature",
      "geometry": {
        "type": "Polygon",
        "coordinates": [
          [
            [
              82.1875,
              42.25
            ],
            [
              82.1875,
              42.75
            ],
            [
              82.8125,
              42.75
            ],
            [
              82.8125,
              42.25
            ],
            [
              82.1875,
              42.25
            ]
          ]
        ]
      },
      "properties": {
        "month": "202403",
        "value": -4.61,
        "units": "degC"
      }
    },
    {
      "type": "Feature",
      "geometry": {
        "type": "Polygon",
        "coordinates": [
          [
            [
              82.8125,
              42.25
            ],
            [
              82.8125,
              42.75
            ],
            [
              83.4375,
              42.75
            ],
            [
              83.4375,
              42.25
            ],
            [
              82.8125,
              42.25
            ]
          ]
        ]
      },
      "properties": {
        "month": "202403",
        "value": -5.64,
        "units": "degC"
      }
    },
    {
      "type": "Feature",
      "geometry": {
        "type": "Polygon",
        "coordinates": [
          [
            [
              83.4375,
              42.25
            ],
            [
              83.4375,
              42.75
            ],
            [
              84.0625,
              42.75
            ],
            [
              84.0625,
              42.25
            ],
            [
              83.4375,
              42.25
            ]
          ]
        ]
      },
      "properties": {
        "month": "202403",
        "value": -5.0,
        "units": "degC"
      }
    },
    {
      "type": "Feature",
      "geometry": {
        "type": "Polygon",
        "coordinates": [
          [
            [
              80.3125,
              42.75
            ],
            [
              80.3125,
              43.25
            ],
            [
              80.9375,
              43.25
            ],
            [
              80.9375,
              42.75
            ],
            [
              80.3125,
              42.75
            ]
          ]
        ]
      },
      "properties": {
        "month": "202403",
        "value": -1.05,
        "units": "degC"
      }
    },
    {
      "type": "Feature",
      "geometry": {
        "type": "Polygon",
        "coordinates": [
          [
            [
              80.9375,
              42.75
            ],
            [
              80.9375,
              43.25
            ],
            [
              81.5625,
              43.25
            ],
            [
              81.5625,
              42.75
            ],
            [
              80.9375,
              42.75
            ]
          ]
        ]
      },
      "properties": {
        "month": "202403",
        "value": 0.32,
        "units": "degC"
      }
    },
    {
      "type": "Feature",
      "geometry": {
        "type": "Polygon",
        "coordinates": [
          [
            [
              81.5625,
              42.75
            ],
            [
              81.5625,
              43.25
            ],
            [
              82.1875,
              43.25
            ],
            [
              82.1875,
              42.75
            ],
            [
              81.5625,
              42.75
            ]
          ]
        ]
      },
      "properties": {
        "month": "202403",
        "value": 1.28,
        "units": "degC"
      }
    },
    {
      "type": "Feature",
      "geometry": {
        "type": "Polygon",
        "coordinates": [
          [
            [
              82.1875,
              42.75
            ],
            [
              82.1875,
              43.25
            ],
            [
              82.8125,
              43.25
            ],
            [
              82.8125,
              42.75
            ],
            [
              82.1875,
              42.75
            ]
          ]
        ]
      },
      "properties": {
        "month": "202403",
        "value": -1.86,
        "units": "degC"
      }
    },
    {
      "type": "Feature",
      "geometry": {
        "type": "Polygon",
        "coordinates": [
          [
            [
              82.8125,
              42.75
            ],
            [
              82.8125,
              43.25
            ],
            [
              83.4375,
              43.25
            ],
            [
              83.4375,
              42.75
            ],
            [
              82.8125,
              42.75
            ]
          ]
        ]
      },
      "properties": {
        "month": "202403",
        "value": -4.23,
        "units": "degC"
      }
    },
    {
      "type": "Feature",
      "geometry": {
        "type": "Polygon",
        "coordinates": [
          [
            [
              83.4375,
              42.75
            ],
            [
              83.4375,
              43.25
            ],
            [
              84.0625,
              43.25
            ],
            [
              84.0625,
              42.75
            ],
            [
              83.4375,
              42.75
            ]
          ]
        ]
      },
      "properties": {
        "month": "202403",
        "value": -5.35,
        "units": "degC"
      }
    },
    {
      "type": "Feature",
      "geometry": {
        "type": "Polygon",
        "coordinates": [
          [
            [
              80.3125,
              43.25
            ],
            [
              80.3125,
              43.75
            ],
            [
              80.9375,
              43.75
            ],
            [
              80.9375,
              43.25
            ],
            [
              80.3125,
              43.25
            ]
          ]
        ]
      },
      "properties": {
        "month": "202403",
        "value": 2.61,
        "units": "degC"
      }
    },
    {
      "type": "Feature",
      "geometry": {
        "type": "Polygon",
        "coordinates": [
          [
            [
              80.9375,
              43.25
            ],
            [
              80.9375,
              43.75
            ],
            [
              81.5625,
              43.75
            ],
            [
              81.5625,
              43.25
            ],
            [
              80.9375,
              43.25
            ]
          ]
        ]
      },
      "properties": {
        "month": "202403",
        "value": 0.97,
        "units": "degC"
      }
    },
    {
      "type": "Feature",
      "geometry": {
        "type": "Polygon",
        "coordinates": [
          [
            [
              81.5625,
              43.25
            ],
            [
              81.5625,
              43.75
            ],
            [
              82.1875,
              43.75
            ],
            [
              82.1875,
              43.25
            ],
            [
              81.5625,
              43.25
            ]
          ]
        ]
      },
      "properties": {
        "month": "202403",
        "value": 3.92,
        "units": "degC"
      }
    },
    {
      "type": "Feature",
      "geometry": {
        "type": "Polygon",
        "coordinates": [
          [
            [
              82.1875,
              43.25
            ],
            [
              82.1875,
              43.75
            ],
            [
              82.8125,
              43.75
            ],
            [
              82.8125,
              43.25
            ],
            [
              82.1875,
              43.25
            ]
          ]
        ]
      },
      "properties": {
        "month": "202403",
        "value": 6.52,
        "units": "degC"
      }
    },
    {
      "type": "Feature",
      "geometry": {
        "type": "Polygon",
        "coordinates": [
          [
            [
              82.8125,
              43.25
            ],
            [
              82.8125,
              43.75
            ],
            [
              83.4375,
              43.75
            ],
            [
              83.4375,
              43.25
            ],
            [
              82.8125,
              43.25
            ]
          ]
        ]
      },
      "properties": {
        "month": "202403",
        "value": 5.04,
        "units": "degC"
      }
    },
    {
      "type": "Feature",
      "geometry": {
        "type": "Polygon",
        "coordinates": [
          [
            [
              83.4375,
              43.25
            ],
            [
              83.4375,
              43.75
            ],
            [
              84.0625,
              43.75
            ],
            [
              84.0625,
              43.25
            ],
            [
              83.4375,
              43.25
            ]
          ]
        ]
      },
      "properties": {
        "month": "202403",
        "value": 0.48,
        "units": "degC"
      }
    },
    {
      "type": "Feature",
      "geometry": {
        "type": "Polygon",
        "coordinates": [
          [
            [
              80.3125,
              43.75
            ],
            [
              80.3125,
              44.25
            ],
            [
              80.9375,
              44.25
            ],
            [
              80.9375,
              43.75
            ],
            [
              80.3125,
              43.75
            ]
          ]
        ]
      },
      "properties": {
        "month": "202403",
        "value": 6.92,
        "units": "degC"
      }
    },
    {
      "type": "Feature",
      "geometry": {
        "type": "Polygon",
        "coordinates": [
          [
            [
              80.9375,
              43.75
            ],
            [
              80.9375,
              44.25
            ],
            [
              81.5625,
              44.25
            ],
            [
              81.5625,
              43.75
            ],
            [
              80.9375,
              43.75
            ]
          ]
        ]
      },
      "properties": {
        "month": "202403",
        "value": 5.86,
        "units": "degC"
      }
    },
    {
      "type": "Feature",
      "geometry": {
        "type": "Polygon",
        "coordinates": [
          [
            [
              81.5625,
              43.75
            ],
            [
              81.5625,
              44.25
            ],
            [
              82.1875,
              44.25
            ],
            [
              82.1875,
              43.75
            ],
            [
              81.5625,
              43.75
            ]
          ]
        ]
      },
      "properties": {
        "month": "202403",
        "value": 2.87,
        "units": "degC"
      }
    },
    {
      "type": "Feature",
      "geometry": {
        "type": "Polygon",
        "coordinates": [
          [
            [
              82.1875,
              43.75
            ],
            [
              82.1875,
              44.25
            ],
            [
              82.8125,
              44.25
            ],
            [
              82.8125,
              43.75
            ],
            [
              82.1875,
              43.75
            ]
          ]
        ]
      },
      "properties": {
        "month": "202403",
        "value": 0.41,
        "units": "degC"
      }
    },
    {
      "type": "Feature",
      "geometry": {
        "type": "Polygon",
        "coordinates": [
          [
            [
              82.8125,
              43.75
            ],
            [
              82.8125,
              44.25
            ],
            [
              83.4375,
              44.25
            ],
            [
              83.4375,
              43.75
            ],
            [
              82.8125,
              43.75
            ]
          ]
        ]
      },
      "properties": {
        "month": "202403",
        "value": -2.42,
        "units": "degC"
      }
    },
    {
      "type": "Feature",
      "geometry": {
        "type": "Polygon",
        "coordinates": [
          [
            [
              83.4375,
              43.75
            ],
            [
              83.4375,
              44.25
            ],
            [
              84.0625,
              44.25
            ],
            [
              84.0625,
              43.75
            ],
            [
              83.4375,
              43.75
            ]
          ]
        ]
      },
      "properties": {
        "month": "202403",
        "value": -6.02,
        "units": "degC"
      }
    },
    {
      "type": "Feature",
      "geometry": {
        "type": "Polygon",
        "coordinates": [
          [
            [
              80.3125,
              44.25
            ],
            [
              80.3125,
              44.75
            ],
            [
              80.9375,
              44.75
            ],
            [
              80.9375,
              44.25
            ],
            [
              80.3125,
              44.25
            ]
          ]
        ]
      },
      "properties": {
        "month": "202403",
        "value": -1.46,
        "units": "degC"
      }
    },
    {
      "type": "Feature",
      "geometry": {
        "type": "Polygon",
        "coordinates": [
          [
            [
              80.9375,
              44.25
            ],
            [
              80.9375,
              44.75
            ],
            [
              81.5625,
              44.75
            ],
            [
              81.5625,
              44.25
            ],
            [
              80.9375,
              44.25
            ]
          ]
        ]
      },
      "properties": {
        "month": "202403",
        "value": -1.8,
        "units": "degC"
      }
    },
    {
      "type": "Feature",
      "geometry": {
        "type": "Polygon",
        "coordinates": [
          [
            [
              81.5625,
              44.25
            ],
            [
              81.5625,
              44.75
            ],
            [
              82.1875,
              44.75
            ],
            [
              82.1875,
              44.25
            ],
            [
              81.5625,
              44.25
            ]
          ]
        ]
      },
      "properties": {
        "month": "202403",
        "value": -1.01,
        "units": "degC"
      }
    },
    {
      "type": "Feature",
      "geometry": {
        "type": "Polygon",
        "coordinates": [
          [
            [
              82.1875,
              44.25
            ],
            [
              82.1875,
              44.75
            ],
            [
              82.8125,
              44.75
            ],
            [
              82.8125,
              44.25
            ],
            [
              82.1875,
              44.25
            ]
          ]
        ]
      },
      "properties": {
        "month": "202403",
        "value": 2.85,
        "units": "degC"
      }
    },
    {
      "type": "Feature",
      "geometry": {
        "type": "Polygon",
        "coordinates": [
          [
            [
              82.8125,
              44.25
            ],
            [
              82.8125,
              44.75
            ],
            [
              83.4375,
              44.75
            ],
            [
              83.4375,
              44.25
            ],
            [
              82.8125,
              44.25
            ]
          ]
        ]
      },
      "properties": {
        "month": "202403",
        "value": 2.54,
        "units": "degC"
      }
    },
    {
      "type": "Feature",
      "geometry": {
        "type": "Polygon",
        "coordinates": [
          [
            [
              83.4375,
              44.25
            ],
            [
              83.4375,
              44.75
            ],
            [
              84.0625,
              44.75
            ],
            [
              84.0625,
              44.25
            ],
            [
              83.4375,
              44.25
            ]
          ]
        ]
      },
      "properties": {
        "month": "202403",
        "value": 2.34,
        "units": "degC"
      }
    },
    {
      "type": "Feature",
      "geometry": {
        "type": "Polygon",
        "coordinates": [
          [
            [
              80.3125,
              44.75
            ],
            [
              80.3125,
              45.25
            ],
            [
              80.9375,
              45.25
            ],
            [
              80.9375,
              44.75
            ],
            [
              80.3125,
              44.75
            ]
          ]
        ]
      },
      "properties": {
        "month": "202403",
        "value": -8.1,
        "units": "degC"
      }
    },
    {
      "type": "Feature",
      "geometry": {
        "type": "Polygon",
        "coordinates": [
          [
            [
              80.9375,
              44.75
            ],
            [
              80.9375,
              45.25
            ],
            [
              81.5625,
              45.25
            ],
            [
              81.5625,
              44.75
            ],
            [
              80.9375,
              44.75
            ]
          ]
        ]
      },
      "properties": {
        "month": "202403",
        "value": -3.22,
        "units": "degC"
      }
    },
    {
      "type": "Feature",
      "geometry": {
        "type": "Polygon",
        "coordinates": [
          [
            [
              81.5625,
              44.75
            ],
            [
              81.5625,
              45.25
            ],
            [
              82.1875,
              45.25
            ],
            [
              82.1875,
              44.75
            ],
            [
              81.5625,
              44.75
            ]
          ]
        ]
      },
      "properties": {
        "month": "202403",
        "value": -0.86,
        "units": "degC"
      }
    },
    {
      "type": "Feature",
      "geometry": {
        "type": "Polygon",
        "coordinates": [
          [
            [
              82.1875,
              44.75
            ],
            [
              82.1875,
              45.25
            ],
            [
              82.8125,
              45.25
            ],
            [
              82.8125,
              44.75
            ],
            [
              82.1875,
              44.75
            ]
          ]
        ]
      },
      "properties": {
        "month": "202403",
        "value": 4.57,
        "units": "degC"
      }
    },
    {
      "type": "Feature",
      "geometry": {
        "type": "Polygon",
        "coordinates": [
          [
            [
              82.8125,
              44.75
            ],
            [
              82.8125,
              45.25
            ],
            [
              83.4375,
              45.25
            ],
            [
              83.4375,
              44.75
            ],
            [
              82.8125,
              44.75
            ]
          ]
        ]
      },
      "properties": {
        "month": "202403",
        "value": 4.14,
        "units": "degC"
      }
    },
    {
      "type": "Feature",
      "geometry": {
        "type": "Polygon",
        "coordinates": [
          [
            [
              83.4375,
              44.75
            ],
            [
              83.4375,
              45.25
            ],
            [
              84.0625,
              45.25
            ],
            [
              84.0625,
              44.75
            ],
            [
              83.4375,
              44.75
            ]
          ]
        ]
      },
      "properties": {
        "month": "202403",
        "value": 3.67,
        "units": "degC"
      }
    },
    {
      "type": "Feature",
      "geometry": {
        "type": "Polygon",
        "coordinates": [
          [
            [
              80.3125,
              45.25
            ],
            [
              80.3125,
              45.75
            ],
            [
              80.9375,
              45.75
            ],
            [
              80.9375,
              45.25
            ],
            [
              80.3125,
              45.25
            ]
          ]
        ]
      },
      "properties": {
        "month": "202403",
        "value": -1.21,
        "units": "degC"
      }
    },
    {
      "type": "Feature",
      "geometry": {
        "type": "Polygon",
        "coordinates": [
          [
            [
              80.9375,
              45.25
            ],
            [
              80.9375,
              45.75
            ],
            [
              81.5625,
              45.75
            ],
            [
              81.5625,
              45.25
            ],
            [
              80.9375,
              45.25
            ]
          ]
        ]
      },
      "properties": {
        "month": "202403",
        "value": -3.95,
        "units": "degC"
      }
    },
    {
      "type": "Feature",
      "geometry": {
        "type": "Polygon",
        "coordinates": [
          [
            [
              81.5625,
              45.25
            ],
            [
              81.5625,
              45.75
            ],
            [
              82.1875,
              45.75
            ],
            [
              82.1875,
              45.25
            ],
            [
              81.5625,
              45.25
            ]
          ]
        ]
      },
      "properties": {
        "month": "202403",
        "value": -0.85,
        "units": "degC"
      }
    },
    {
      "type": "Feature",
      "geometry": {
        "type": "Polygon",
        "coordinates": [
          [
            [
              82.1875,
              45.25
            ],
            [
              82.1875,
              45.75
            ],
            [
              82.8125,
              45.75
            ],
            [
              82.8125,
              45.25
            ],
            [
              82.1875,
              45.25
            ]
          ]
        ]
      },
      "properties": {
        "month": "202403",
        "value": -0.38,
        "units": "degC"
      }
    },
    {
      "type": "Feature",
      "geometry": {
        "type": "Polygon",
        "coordinates": [
          [
            [
              82.8125,
              45.25
            ],
            [
              82.8125,
              45.75
            ],
            [
              83.4375,
              45.75
            ],
            [
              83.4375,
              45.25
            ],
            [
              82.8125,
              45.25
            ]
          ]
        ]
      },
      "properties": {
        "month": "202403",
        "value": -4.81,
        "units": "degC"
      }
    },
    {
      "type": "Feature",
      "geometry": {
        "type": "Polygon",
        "coordinates": [
          [
            [
              83.4375,
              45.25
            ],
            [
              83.4375,
              45.75
            ],
            [
              84.0625,
              45.75
            ],
            [
              84.0625,
              45.25
            ],
            [
              83.4375,
              45.25
            ]
          ]
        ]
      },
      "properties": {
        "month": "202403",
        "value": -1.89,
        "units": "degC"
      }
    },
    {
      "type": "Feature",
      "geometry": {
        "type": "Polygon",
        "coordinates": [
          [
            [
              80.3125,
              45.75
            ],
            [
              80.3125,
              46.25
            ],
            [
              80.9375,
              46.25
            ],
            [
              80.9375,
              45.75
            ],
            [
              80.3125,
              45.75
            ]
          ]
        ]
      },
      "properties": {
        "month": "202403",
        "value": 2.61,
        "units": "degC"
      }
    },
    {
      "type": "Feature",
      "geometry": {
        "type": "Polygon",
        "coordinates": [
          [
            [
              80.9375,
              45.75
            ],
            [
              80.9375,
              46.25
            ],
            [
              81.5625,
              46.25
            ],
            [
              81.5625,
              45.75
            ],
            [
              80.9375,
              45.75
            ]
          ]
        ]
      },
      "properties": {
        "month": "202403",
        "value": 3.85,
        "units": "degC"
      }
    },
    {
      "type": "Feature",
      "geometry": {
        "type": "Polygon",
        "coordinates": [
          [
            [
              81.5625,
              45.75
            ],
            [
              81.5625,
              46.25
            ],
            [
              82.1875,
              46.25
            ],
            [
              82.1875,
              45.75
            ],
            [
              81.5625,
              45.75
            ]
          ]
        ]
      },
      "properties": {
        "month": "202403",
        "value": 4.92,
        "units": "degC"
      }
    },
    {
      "type": "Feature",
      "geometry": {
        "type": "Polygon",
        "coordinates": [
          [
            [
              82.1875,
              45.75
            ],
            [
              82.1875,
              46.25
            ],
            [
              82.8125,
              46.25
            ],
            [
              82.8125,
              45.75
            ],
            [
              82.1875,
              45.75
            ]
          ]
        ]
      },
      "properties": {
        "month": "202403",
        "value": 0.89,
        "units": "degC"
      }
    },
    {
      "type": "Feature",
      "geometry": {
        "type": "Polygon",
        "coordinates": [
          [
            [
              82.8125,
              45.75
            ],
            [
              82.8125,
              46.25
            ],
            [
              83.4375,
              46.25
            ],
            [
              83.4375,
              45.75
            ],
            [
              82.8125,
              45.75
            ]
          ]
        ]
      },
      "properties": {
        "month": "202403",
        "value": -0.47,
        "units": "degC"
      }
    },
    {
      "type": "Feature",
      "geometry": {
        "type": "Polygon",
        "coordinates": [
          [
            [
              83.4375,
              45.75
            ],
            [
              83.4375,
              46.25
            ],
            [
              84.0625,
              46.25
            ],
            [
              84.0625,
              45.75
            ],
            [
              83.4375,
              45.75
            ]
          ]
        ]
      },
      "properties": {
        "month": "202403",
        "value": -0.29,
        "units": "degC"
      }
    },
    {
      "type": "Feature",
      "geometry": {
        "type": "Polygon",
        "coordinates": [
          [
            [
              80.3125,
              46.25
            ],
            [
              80.3125,
              46.75
            ],
            [
              80.9375,
              46.75
            ],
            [
              80.9375,
              46.25
            ],
            [
              80.3125,
              46.25
            ]
          ]
        ]
      },
      "properties": {
        "month": "202403",
        "value": 2.51,
        "units": "degC"
      }
    },
    {
      "type": "Feature",
      "geometry": {
        "type": "Polygon",
        "coordinates": [
          [
            [
              80.9375,
              46.25
            ],
            [
              80.9375,
              46.75
            ],
            [
              81.5625,
              46.75
            ],
            [
              81.5625,
              46.25
            ],
            [
              80.9375,
              46.25
            ]
          ]
        ]
      },
      "properties": {
        "month": "202403",
        "value": 3.33,
        "units": "degC"
      }
    },
    {
      "type": "Feature",
      "geometry": {
        "type": "Polygon",
        "coordinates": [
          [
            [
              81.5625,
              46.25
            ],
            [
              81.5625,
              46.75
            ],
            [
              82.1875,
              46.75
            ],
            [
              82.1875,
              46.25
            ],
            [
              81.5625,
              46.25
            ]
          ]
        ]
      },
      "properties": {
        "month": "202403",
        "value": 3.65,
        "units": "degC"
      }
    },
    {
      "type": "Feature",
      "geometry": {
        "type": "Polygon",
        "coordinates": [
          [
            [
              82.1875,
              46.25
            ],
            [
              82.1875,
              46.75
            ],
            [
              82.8125,
              46.75
            ],
            [
              82.8125,
              46.25
            ],
            [
              82.1875,
              46.25
            ]
          ]
        ]
      },
      "properties": {
        "month": "202403",
        "value": 3.27,
        "units": "degC"
      }
    },
    {
      "type": "Feature",
      "geometry": {
        "type": "Polygon",
        "coordinates": [
          [
            [
              82.8125,
              46.25
            ],
            [
              82.8125,
              46.75
            ],
            [
              83.4375,
              46.75
            ],
            [
              83.4375,
              46.25
            ],
            [
              82.8125,
              46.25
            ]
          ]
        ]
      },
      "properties": {
        "month": "202403",
        "value": 2.89,
        "units": "degC"
      }
    },
    {
      "type": "Feature",
      "geometry": {
        "type": "Polygon",
        "coordinates": [
          [
            [
              83.4375,
              46.25
            ],
            [
              83.4375,
              46.75
            ],
            [
              84.0625,
              46.75
            ],
            [
              84.0625,
              46.25
            ],
            [
              83.4375,
              46.25
            ]
          ]
        ]
      },
      "properties": {
        "month": "202403",
        "value": 0.78,
        "units": "degC"
      }
    },
    {
      "type": "Feature",
      "geometry": {
        "type": "Polygon",
        "coordinates": [
          [
            [
              80.3125,
              46.75
            ],
            [
              80.3125,
              47.25
            ],
            [
              80.9375,
              47.25
            ],
            [
              80.9375,
              46.75
            ],
            [
              80.3125,
              46.75
            ]
          ]
        ]
      },
      "properties": {
        "month": "202403",
        "value": 1.53,
        "units": "degC"
      }
    },
    {
      "type": "Feature",
      "geometry": {
        "type": "Polygon",
        "coordinates": [
          [
            [
              80.9375,
              46.75
            ],
            [
              80.9375,
              47.25
            ],
            [
              81.5625,
              47.25
            ],
            [
              81.5625,
              46.75
            ],
            [
              80.9375,
              46.75
            ]
          ]
        ]
      },
      "properties": {
        "month": "202403",
        "value": 1.11,
        "units": "degC"
      }
    },
    {
      "type": "Feature",
      "geometry": {
        "type": "Polygon",
        "coordinates": [
          [
            [
              81.5625,
              46.75
            ],
            [
              81.5625,
              47.25
            ],
            [
              82.1875,
              47.25
            ],
            [
              82.1875,
              46.75
            ],
            [
              81.5625,
              46.75
            ]
          ]
        ]
      },
      "properties": {
        "month": "202403",
        "value": -0.04,
        "units": "degC"
      }
    },
    {
      "type": "Feature",
      "geometry": {
        "type": "Polygon",
        "coordinates": [
          [
            [
              82.1875,
              46.75
            ],
            [
              82.1875,
              47.25
            ],
            [
              82.8125,
              47.25
            ],
            [
              82.8125,
              46.75
            ],
            [
              82.1875,
              46.75
            ]
          ]
        ]
      },
      "properties": {
        "month": "202403",
        "value": -1.97,
        "units": "degC"
      }
    },
    {
      "type": "Feature",
      "geometry": {
        "type": "Polygon",
        "coordinates": [
          [
            [
              82.8125,
              46.75
            ],
            [
              82.8125,
              47.25
            ],
            [
              83.4375,
              47.25
            ],
            [
              83.4375,
              46.75
            ],
            [
              82.8125,
              46.75
            ]
          ]
        ]
      },
      "properties": {
        "month": "202403",
        "value": -3.29,
        "units": "degC"
      }
    },
    {
      "type": "Feature",
      "geometry": {
        "type": "Polygon",
        "coordinates": [
          [
            [
              83.4375,
              46.75
            ],
            [
              83.4375,
              47.25
            ],
            [
              84.0625,
              47.25
            ],
            [
              84.0625,
              46.75
            ],
            [
              83.4375,
              46.75
            ]
          ]
        ]
      },
      "properties": {
        "month": "202403",
        "value": -3.82,
        "units": "degC"
      }
    },
    {
      "type": "Feature",
      "geometry": {
        "type": "Polygon",
        "coordinates": [
          [
            [
              80.3125,
              47.25
            ],
            [
              80.3125,
              47.75
            ],
            [
              80.9375,
              47.75
            ],
            [
              80.9375,
              47.25
            ],
            [
              80.3125,
              47.25
            ]
          ]
        ]
      },
      "properties": {
        "month": "202403",
        "value": -1.37,
        "units": "degC"
      }
    },
    {
      "type": "Feature",
      "geometry": {
        "type": "Polygon",
        "coordinates": [
          [
            [
              80.9375,
              47.25
            ],
            [
              80.9375,
              47.75
            ],
            [
              81.5625,
              47.75
            ],
            [
              81.5625,
              47.25
            ],
            [
              80.9375,
              47.25
            ]
          ]
        ]
      },
      "properties": {
        "month": "202403",
        "value": -3.73,
        "units": "degC"
      }
    },
    {
      "type": "Feature",
      "geometry": {
        "type": "Polygon",
        "coordinates": [
          [
            [
              81.5625,
              47.25
            ],
            [
              81.5625,
              47.75
            ],
            [
              82.1875,
              47.75
            ],
            [
              82.1875,
              47.25
            ],
            [
              81.5625,
              47.25
            ]
          ]
        ]
      },
      "properties": {
        "month": "202403",
        "value": -4.34,
        "units": "degC"
      }
    },
    {
      "type": "Feature",
      "geometry": {
        "type": "Polygon",
        "coordinates": [
          [
            [
              82.1875,
              47.25
            ],
            [
              82.1875,
              47.75
            ],
            [
              82.8125,
              47.75
            ],
            [
              82.8125,
              47.25
            ],
            [
              82.1875,
              47.25
            ]
          ]
        ]
      },
      "properties": {
        "month": "202403",
        "value": -3.77,
        "units": "degC"
      }
    },
    {
      "type": "Feature",
      "geometry": {
        "type": "Polygon",
        "coordinates": [
          [
            [
              82.8125,
              47.25
            ],
            [
              82.8125,
              47.75
            ],
            [
              83.4375,
              47.75
            ],
            [
              83.4375,
              47.25
            ],
            [
              82.8125,
              47.25
            ]
          ]
        ]
      },
      "properties": {
        "month": "202403",
        "value": -2.9,
        "units": "degC"
      }
    },
    {
      "type": "Feature",
      "geometry": {
        "type": "Polygon",
        "coordinates": [
          [
            [
              83.4375,
              47.25
            ],
            [
              83.4375,
              47.75
            ],
            [
              84.0625,
              47.75
            ],
            [
              84.0625,
              47.25
            ],
            [
              83.4375,
              47.25
            ]
          ]
        ]
      },
      "properties": {
        "month": "202403",
        "value": -2.26,
        "units": "degC"
      }
    },
    {
      "type": "Feature",
      "geometry": {
        "type": "Polygon",
        "coordinates": [
          [
            [
              80.3125,
              47.75
            ],
            [
              80.3125,
              48.25
            ],
            [
              80.9375,
              48.25
            ],
            [
              80.9375,
              47.75
            ],
            [
              80.3125,
              47.75
            ]
          ]
        ]
      },
      "properties": {
        "month": "202403",
        "value": -3.02,
        "units": "degC"
      }
    },
    {
      "type": "Feature",
      "geometry": {
        "type": "Polygon",
        "coordinates": [
          [
            [
              80.9375,
              47.75
            ],
            [
              80.9375,
              48.25
            ],
            [
              81.5625,
              48.25
            ],
            [
              81.5625,
              47.75
            ],
            [
              80.9375,
              47.75
            ]
          ]
        ]
      },
      "properties": {
        "month": "202403",
        "value": -3.94,
        "units": "degC"
      }
    },
    {
      "type": "Feature",
      "geometry": {
        "type": "Polygon",
        "coordinates": [
          [
            [
              81.5625,
              47.75
            ],
            [
              81.5625,
              48.25
            ],
            [
              82.1875,
              48.25
            ],
            [
              82.1875,
              47.75
            ],
            [
              81.5625,
              47.75
            ]
          ]
        ]
      },
      "properties": {
        "month": "202403",
        "value": -3.76,
        "units": "degC"
      }
    },
    {
      "type": "Feature",
      "geometry": {
        "type": "Polygon",
        "coordinates": [
          [
            [
              82.1875,
              47.75
            ],
            [
              82.1875,
              48.25
            ],
            [
              82.8125,
              48.25
            ],
            [
              82.8125,
              47.75
            ],
            [
              82.1875,
              47.75
            ]
          ]
        ]
      },
      "properties": {
        "month": "202403",
        "value": -2.62,
        "units": "degC"
      }
    },
    {
      "type": "Feature",
      "geometry": {
        "type": "Polygon",
        "coordinates": [
          [
            [
              82.8125,
              47.75
            ],
            [
              82.8125,
              48.25
            ],
            [
              83.4375,
              48.25
            ],
            [
              83.4375,
              47.75
            ],
            [
              82.8125,
              47.75
            ]
          ]
        ]
      },
      "properties": {
        "month": "202403",
        "value": -1.49,
        "units": "degC"
      }
    },
    {
      "type": "Feature",
      "geometry": {
        "type": "Polygon",
        "coordinates": [
          [
            [
              83.4375,
              47.75
            ],
            [
              83.4375,
              48.25
            ],
            [
              84.0625,
              48.25
            ],
            [
              84.0625,
              47.75
            ],
            [
              83.4375,
              47.75
            ]
          ]
        ]
      },
      "properties": {
        "month": "202403",
        "value": -0.82,
        "units": "degC"
      }
    },
    {
      "type": "Feature",
      "geometry": {
        "type": "Polygon",
        "coordinates": [
          [
            [
              80.3125,
              48.25
            ],
            [
              80.3125,
              48.75
            ],
            [
              80.9375,
              48.75
            ],
            [
              80.9375,
              48.25
            ],
            [
              80.3125,
              48.25
            ]
          ]
        ]
      },
      "properties": {
        "month": "202403",
        "value": -4.42,
        "units": "degC"
      }
    },
    {
      "type": "Feature",
      "geometry": {
        "type": "Polygon",
        "coordinates": [
          [
            [
              80.9375,
              48.25
            ],
            [
              80.9375,
              48.75
            ],
            [
              81.5625,
              48.75
            ],
            [
              81.5625,
              48.25
            ],
            [
              80.9375,
              48.25
            ]
          ]
        ]
      },
      "properties": {
        "month": "202403",
        "value": -4.84,
        "units": "degC"
      }
    },
    {
      "type": "Feature",
      "geometry": {
        "type": "Polygon",
        "coordinates": [
          [
            [
              81.5625,
              48.25
            ],
            [
              81.5625,
              48.75
            ],
            [
              82.1875,
              48.75
            ],
            [
              82.1875,
              48.25
            ],
            [
              81.5625,
              48.25
            ]
          ]
        ]
      },
      "properties": {
        "month": "202403",
        "value": -4.88,
        "units": "degC"
      }
    },
    {
      "type": "Feature",
      "geometry": {
        "type": "Polygon",
        "coordinates": [
          [
            [
              82.1875,
              48.25
            ],
            [
              82.1875,
              48.75
            ],
            [
              82.8125,
              48.75
            ],
            [
              82.8125,
              48.25
            ],
            [
              82.1875,
              48.25
            ]
          ]
        ]
      },
      "properties": {
        "month": "202403",
        "value": -4.12,
        "units": "degC"
      }
    },
    {
      "type": "Feature",
      "geometry": {
        "type": "Polygon",
        "coordinates": [
          [
            [
              82.8125,
              48.25
            ],
            [
              82.8125,
              48.75
            ],
            [
              83.4375,
              48.75
            ],
            [
              83.4375,
              48.25
            ],
            [
              82.8125,
              48.25
            ]
          ]
        ]
      },
      "properties": {
        "month": "202403",
        "value": -2.62,
        "units": "degC"
      }
    },
    {
      "type": "Feature",
      "geometry": {
        "type": "Polygon",
        "coordinates": [
          [
            [
              83.4375,
              48.25
            ],
            [
              83.4375,
              48.75
            ],
            [
              84.0625,
              48.75
            ],
            [
              84.0625,
              48.25
            ],
            [
              83.4375,
              48.25
            ]
          ]
        ]
      },
      "properties": {
        "month": "202403",
        "value": -1.49,
        "units": "degC"
      }
    },
    {
      "type": "Feature",
      "geometry": {
        "type": "Polygon",
        "coordinates": [
          [
            [
              80.9375,
              48.75
            ],
            [
              80.3125,
              48.75
            ],
            [
              80.3125,
              49.0
            ],
            [
              80.9375,
              49.0
            ],
            [
              80.9375,
              48.75
            ]
          ]
        ]
      },
      "properties": {
        "month": "202403",
        "value": -3.95,
        "units": "degC"
      }
    },
    {
      "type": "Feature",
      "geometry": {
        "type": "Polygon",
        "coordinates": [
          [
            [
              81.5625,
              48.75
            ],
            [
              80.9375,
              48.75
            ],
            [
              80.9375,
              49.0
            ],
            [
              81.5625,
              49.0
            ],
            [
              81.5625,
              48.75
            ]
          ]
        ]
      },
      "properties": {
        "month": "202403",
        "value": -4.44,
        "units": "degC"
      }
    },
    {
      "type": "Feature",
      "geometry": {
        "type": "Polygon",
        "coordinates": [
          [
            [
              82.1875,
              48.75
            ],
            [
              81.5625,
              48.75
            ],
            [
              81.5625,
              49.0
            ],
            [
              82.1875,
              49.0
            ],
            [
              82.1875,
              48.75
            ]
          ]
        ]
      },
      "properties": {
        "month": "202403",
        "value": -5.68,
        "units": "degC"
      }
    },
    {
      "type": "Feature",
      "geometry": {
        "type": "Polygon",
        "coordinates": [
          [
            [
              82.8125,
              48.75
            ],
            [
              82.1875,
              48.75
            ],
            [
              82.1875,
              49.0
            ],
            [
              82.8125,
              49.0
            ],
            [
              82.8125,
              48.75
            ]
          ]
        ]
      },
      "properties": {
        "month": "202403",
        "value": -6.51,
        "units": "degC"
      }
    },
    {
      "type": "Feature",
      "geometry": {
        "type": "Polygon",
        "coordinates": [
          [
            [
              83.4375,
              48.75
            ],
            [
              82.8125,
              48.75
            ],
            [
              82.8125,
              49.0
            ],
            [
              83.4375,
              49.0
            ],
            [
              83.4375,
              48.75
            ]
          ]
        ]
      },
      "properties": {
        "month": "202403",
        "value": -5.96,
        "units": "degC"
      }
    },
    {
      "type": "Feature",
      "geometry": {
        "type": "Polygon",
        "coordinates": [
          [
            [
              84.0625,
              48.75
            ],
            [
              83.4375,
              48.75
            ],
            [
              83.4375,
              49.0
            ],
            [
              84.0625,
              49.0
            ],
            [
              84.0625,
              48.75
            ]
          ]
        ]
      },
      "properties": {
        "month": "202403",
        "value": -4.68,
        "units": "degC"
      }
    },
    {
      "type": "Feature",
      "geometry": {
        "type": "Polygon",
        "coordinates": [
          [
            [
              84.0625,
              42.25
            ],
            [
              84.6875,
              42.25
            ],
            [
              84.6875,
              42.0
            ],
            [
              84.0625,
              42.0
            ],
            [
              84.0625,
              42.25
            ]
          ]
        ]
      },
      "properties": {
        "month": "202403",
        "value": 3.88,
        "units": "degC"
      }
    },
    {
      "type": "Feature",
      "geometry": {
        "type": "Polygon",
        "coordinates": [
          [
            [
              84.6875,
              42.25
            ],
            [
              85.0,
              42.25
            ],
            [
              85.0,
              42.0
            ],
            [
              84.6875,
              42.0
            ],
            [
              84.6875,
              42.25
            ]
          ]
        ]
      },
      "properties": {
        "month": "202403",
        "value": 3.43,
        "units": "degC"
      }
    },
    {
      "type": "Feature",
      "geometry": {
        "type": "Polygon",
        "coordinates": [
          [
            [
              84.0625,
              42.25
            ],
            [
              84.0625,
              42.75
            ],
            [
              84.6875,
              42.75
            ],
            [
              84.6875,
              42.25
            ],
            [
              84.0625,
              42.25
            ]
          ]
        ]
      },
      "properties": {
        "month": "202403",
        "value": -3.9,
        "units": "degC"
      }
    },
    {
      "type": "Feature",
      "geometry": {
        "type": "Polygon",
        "coordinates": [
          [
            [
              84.6875,
              42.25
            ],
            [
              84.6875,
              42.75
            ],
            [
              85.0,
              42.75
            ],
            [
              85.0,
              42.25
            ],
            [
              84.6875,
              42.25
            ]
          ]
        ]
      },
      "properties": {
        "month": "202403",
        "value": -6.11,
        "units": "degC"
      }
    },
    {
      "type": "Feature",
      "geometry": {
        "type": "Polygon",
        "coordinates": [
          [
            [
              84.0625,
              42.75
            ],
            [
              84.0625,
              43.25
            ],
            [
              84.6875,
              43.25
            ],
            [
              84.6875,
              42.75
            ],
            [
              84.0625,
              42.75
            ]
          ]
        ]
      },
      "properties": {
        "month": "202403",
        "value": -4.66,
        "units": "degC"
      }
    },
    {
      "type": "Feature",
      "geometry": {
        "type": "Polygon",
        "coordinates": [
          [
            [
              84.6875,
              42.75
            ],
            [
              84.6875,
              43.25
            ],
            [
              85.0,
              43.25
            ],
            [
              85.0,
              42.75
            ],
            [
              84.6875,
              42.75
            ]
          ]
        ]
      },
      "properties": {
        "month": "202403",
        "value": -4.83,
        "units": "degC"
      }
    },
    {
      "type": "Feature",
      "geometry": {
        "type": "Polygon",
        "coordinates": [
          [
            [
              84.0625,
              43.25
            ],
            [
              84.0625,
              43.75
            ],
            [
              84.6875,
              43.75
            ],
            [
              84.6875,
              43.25
            ],
            [
              84.0625,
              43.25
            ]
          ]
        ]
      },
      "properties": {
        "month": "202403",
        "value": -5.65,
        "units": "degC"
      }
    },
    {
      "type": "Feature",
      "geometry": {
        "type": "Polygon",
        "coordinates": [
          [
            [
              84.6875,
              43.25
            ],
            [
              84.6875,
              43.75
            ],
            [
              85.0,
              43.75
            ],
            [
              85.0,
              43.25
            ],
            [
              84.6875,
              43.25
            ]
          ]
        ]
      },
      "properties": {
        "month": "202403",
        "value": -10.9,
        "units": "degC"
      }
    },
    {
      "type": "Feature",
      "geometry": {
        "type": "Polygon",
        "coordinates": [
          [
            [
              84.0625,
              43.75
            ],
            [
              84.0625,
              44.25
            ],
            [
              84.6875,
              44.25
            ],
            [
              84.6875,
              43.75
            ],
            [
              84.0625,
              43.75
            ]
          ]
        ]
      },
      "properties": {
        "month": "202403",
        "value": -4.3,
        "units": "degC"
      }
    },
    {
      "type": "Feature",
      "geometry": {
        "type": "Polygon",
        "coordinates": [
          [
            [
              84.6875,
              43.75
            ],
            [
              84.6875,
              44.25
            ],
            [
              85.0,
              44.25
            ],
            [
              85.0,
              43.75
            ],
            [
              84.6875,
              43.75
            ]
          ]
        ]
      },
      "properties": {
        "month": "202403",
        "value": -2.1,
        "units": "degC"
      }
    },
    {
      "type": "Feature",
      "geometry": {
        "type": "Polygon",
        "coordinates": [
          [
            [
              84.0625,
              44.25
            ],
            [
              84.0625,
              44.75
            ],
            [
              84.6875,
              44.75
            ],
            [
              84.6875,
              44.25
            ],
            [
              84.0625,
              44.25
            ]
          ]
        ]
      },
      "properties": {
        "month": "202403",
        "value": 3.4,
        "units": "degC"
      }
    },
    {
      "type": "Feature",
      "geometry": {
        "type": "Polygon",
        "coordinates": [
          [
            [
              84.6875,
              44.25
            ],
            [
              84.6875,
              44.75
            ],
            [
              85.0,
              44.75
            ],
            [
              85.0,
              44.25
            ],
            [
              84.6875,
              44.25
            ]
          ]
        ]
      },
      "properties": {
        "month": "202403",
        "value": 3.66,
        "units": "degC"
      }
    },
    {
      "type": "Feature",
      "geometry": {
        "type": "Polygon",
        "coordinates": [
          [
            [
              84.0625,
              44.75
            ],
            [
              84.0625,
              45.25
            ],
            [
              84.6875,
              45.25
            ],
            [
              84.6875,
              44.75
            ],
            [
              84.0625,
              44.75
            ]
          ]
        ]
      },
      "properties": {
        "month": "202403",
        "value": 3.79,
        "units": "degC"
      }
    },
    {
      "type": "Feature",
      "geometry": {
        "type": "Polygon",
        "coordinates": [
          [
            [
              84.6875,
              44.75
            ],
            [
              84.6875,
              45.25
            ],
            [
              85.0,
              45.25
            ],
            [
              85.0,
              44.75
            ],
            [
              84.6875,
              44.75
            ]
          ]
        ]
      },
      "properties": {
        "month": "202403",
        "value": 3.73,
        "units": "degC"
      }
    },
    {
      "type": "Feature",
      "geometry": {
        "type": "Polygon",
        "coordinates": [
          [
            [
              84.0625,
              45.25
            ],
            [
              84.0625,
              45.75
            ],
            [
              84.6875,
              45.75
            ],
            [
              84.6875,
              45.25
            ],
            [
              84.0625,
              45.25
            ]
          ]
        ]
      },
      "properties": {
        "month": "202403",
        "value": 0.98,
        "units": "degC"
      }
    },
    {
      "type": "Feature",
      "geometry": {
        "type": "Polygon",
        "coordinates": [
          [
            [
              84.6875,
              45.25
            ],
            [
              84.6875,
              45.75
            ],
            [
              85.0,
              45.75
            ],
            [
              85.0,
              45.25
            ],
            [
              84.6875,
              45.25
            ]
          ]
        ]
      },
      "properties": {
        "month": "202403",
        "value": 3.08,
        "units": "degC"
      }
    },
    {
      "type": "Feature",
      "geometry": {
        "type": "Polygon",
        "coordinates": [
          [
            [
              84.0625,
              45.75
            ],
            [
              84.0625,
              46.25
            ],
            [
              84.6875,
              46.25
            ],
            [
              84.6875,
              45.75
            ],
            [
              84.0625,
              45.75
            ]
          ]
        ]
      },
      "properties": {
        "month": "202403",
        "value": -1.92,
        "units": "degC"
      }
    },
    {
      "type": "Feature",
      "geometry": {
        "type": "Polygon",
        "coordinates": [
          [
            [
              84.6875,
              45.75
            ],
            [
              84.6875,
              46.25
            ],
            [
              85.0,
              46.25
            ],
            [
              85.0,
              45.75
            ],
            [
              84.6875,
              45.75
            ]
          ]
        ]
      },
      "properties": {
        "month": "202403",
        "value": 1.65,
        "units": "degC"
      }
    },
    {
      "type": "Feature",
      "geometry": {
        "type": "Polygon",
        "coordinates": [
          [
            [
              84.0625,
              46.25
            ],
            [
              84.0625,
              46.75
            ],
            [
              84.6875,
              46.75
            ],
            [
              84.6875,
              46.25
            ],
            [
              84.0625,
              46.25
            ]
          ]
        ]
      },
      "properties": {
        "month": "202403",
        "value": -5.46,
        "units": "degC"
      }
    },
    {
      "type": "Feature",
      "geometry": {
        "type": "Polygon",
        "coordinates": [
          [
            [
              84.6875,
              46.25
            ],
            [
              84.6875,
              46.75
            ],
            [
              85.0,
              46.75
            ],
            [
              85.0,
              46.25
            ],
            [
              84.6875,
              46.25
            ]
          ]
        ]
      },
      "properties": {
        "month": "202403",
        "value": -1.32,
        "units": "degC"
      }
    },
    {
      "type": "Feature",
      "geometry": {
        "type": "Polygon",
        "coordinates": [
          [
            [
              84.0625,
              46.75
            ],
            [
              84.0625,
              47.25
            ],
            [
              84.6875,
              47.25
            ],
            [
              84.6875,
              46.75
            ],
            [
              84.0625,
              46.75
            ]
          ]
        ]
      },
      "properties": {
        "month": "202403",
        "value": -3.1,
        "units": "degC"
      }
    },
    {
      "type": "Feature",
      "geometry": {
        "type": "Polygon",
        "coordinates": [
          [
            [
              84.6875,
              46.75
            ],
            [
              84.6875,
              47.25
            ],
            [
              85.0,
              47.25
            ],
            [
              85.0,
              46.75
            ],
            [
              84.6875,
              46.75
            ]
          ]
        ]
      },
      "properties": {
        "month": "202403",
        "value": -6.8,
        "units": "degC"
      }
    },
    {
      "type": "Feature",
      "geometry": {
        "type": "Polygon",
        "coordinates": [
          [
            [
              84.0625,
              47.25
            ],
            [
              84.0625,
              47.75
            ],
            [
              84.6875,
              47.75
            ],
            [
              84.6875,
              47.25
            ],
            [
              84.0625,
              47.25
            ]
          ]
        ]
      },
      "properties": {
        "month": "202403",
        "value": -0.68,
        "units": "degC"
      }
    },
    {
      "type": "Feature",
      "geometry": {
        "type": "Polygon",
        "coordinates": [
          [
            [
              84.6875,
              47.25
            ],
            [
              84.6875,
              47.75
            ],
            [
              85.0,
              47.75
            ],
            [
              85.0,
              47.25
            ],
            [
              84.6875,
              47.25
            ]
          ]
        ]
      },
      "properties": {
        "month": "202403",
        "value": -1.17,
        "units": "degC"
      }
    },
    {
      "type": "Feature",
      "geometry": {
        "type": "Polygon",
        "coordinates": [
          [
            [
              84.0625,
              47.75
            ],
            [
              84.0625,
              48.25
            ],
            [
              84.6875,
              48.25
            ],
            [
              84.6875,
              47.75
            ],
            [
              84.0625,
              47.75
            ]
          ]
        ]
      },
      "properties": {
        "month": "202403",
        "value": -0.94,
        "units": "degC"
      }
    },
    {
      "type": "Feature",
      "geometry": {
        "type": "Polygon",
        "coordinates": [
          [
            [
              84.6875,
              47.75
            ],
            [
              84.6875,
              48.25
            ],
            [
              85.0,
              48.25
            ],
            [
              85.0,
              47.75
            ],
            [
              84.6875,
              47.75
            ]
          ]
        ]
      },
      "properties": {
        "month": "202403",
        "value": -0.81,
        "units": "degC"
      }
    },
    {
      "type": "Feature",
      "geometry": {
        "type": "Polygon",
        "coordinates": [
          [
            [
              84.0625,
              48.25
            ],
            [
              84.0625,
              48.75
            ],
            [
              84.6875,
              48.75
            ],
            [
              84.6875,
              48.25
            ],
            [
              84.0625,
              48.25
            ]
          ]
        ]
      },
      "properties": {
        "month": "202403",
        "value": -2.51,
        "units": "degC"
      }
    },
    {
      "type": "Feature",
      "geometry": {
        "type": "Polygon",
        "coordinates": [
          [
            [
              84.6875,
              48.25
            ],
            [
              84.6875,
              48.75
            ],
            [
              85.0,
              48.75
            ],
            [
              85.0,
              48.25
            ],
            [
              84.6875,
              48.25
            ]
          ]
        ]
      },
      "properties": {
        "month": "202403",
        "value": -4.48,
        "units": "degC"
      }
    },
    {
      "type": "Feature",
      "geometry": {
        "type": "Polygon",
        "coordinates": [
          [
            [
              84.6875,
              48.75
            ],
            [
              84.0625,
              48.75
            ],
            [
              84.0625,
              49.0
            ],
            [
              84.6875,
              49.0
            ],
            [
              84.6875,
              48.75
            ]
          ]
        ]
      },
      "properties": {
        "month": "202403",
        "value": -5.68,
        "units": "degC"
      }
    },
    {
      "type": "Feature",
      "geometry": {
        "type": "Polygon",
        "coordinates": [
          [
            [
              84.6875,
              48.75
            ],
            [
              84.6875,
              49.0
            ],
            [
              85.0,
              49.0
            ],
            [
              85.0,
              48.75
            ],
            [
              84.6875,
              48.75
            ]
          ]
        ]
      },
      "properties": {
        "month": "202403",
        "value": -8.15,
        "units": "degC"
      }
    }
  ]
}