{
  "type": "FeatureCollection",
  "features": [
    {
      "type": "Feature",
      "geometry": {
        "type": "Polygon",
        "coordinates": [
          [
            [
              72.1875,
              42.25
            ],
            [
              72.1875,
              42.0
            ],
            [
              72.0,
              42.0
            ],
            [
              72.0,
              42.25
            ],
            [
              72.1875,
              42.25
            ]
          ]
        ]
      },
      "properties": {
        "month": "202509",
        "value": 9.42,
        "units": "degC"
      }
    },
    {
      "type": "Feature",
      "geometry": {
        "type": "Polygon",
        "coordinates": [
          [
            [
              72.1875,
              42.25
            ],
            [
              72.8125,
              42.25
            ],
            [
              72.8125,
              42.0
            ],
            [
              72.1875,
              42.0
            ],
            [
              72.1875,
              42.25
            ]
          ]
        ]
      },
      "properties": {
        "month": "202509",
        "value": 12.04,
        "units": "degC"
      }
    },
    {
      "type": "Feature",
      "geometry": {
        "type": "Polygon",
        "coordinates": [
          [
            [
              72.1875,
              42.75
            ],
            [
              72.1875,
              42.25
            ],
            [
              72.0,
              42.25
            ],
            [
              72.0,
              42.75
            ],
            [
              72.1875,
              42.75
            ]
          ]
        ]
      },
      "properties": {
        "month": "202509",
        "value": 14.13,
        "units": "degC"
      }
    },
    {
      "type": "Feature",
      "geometry": {
        "type": "Polygon",
        "coordinates": [
          [
            [
              72.1875,
              42.25
            ],
            [
              72.1875,
              42.75
            ],
            [
              72.8125,
              42.75
            ],
            [
              72.8125,
              42.25
            ],
            [
              72.1875,
              42.25
            ]
          ]
        ]
      },
      "properties": {
        "month": "202509",
        "value": 11.85,
        "units": "degC"
      }
    },
    {
      "type": "Feature",
      "geometry": {
        "type": "Polygon",
        "coordinates": [
          [
            [
              72.1875,
              43.25
            ],
            [
              72.1875,
              42.75
            ],
            [
              72.0,
              42.75
            ],
            [
              72.0,
              43.25
            ],
            [
              72.1875,
              43.25
            ]
          ]
        ]
      },
      "properties": {
        "month": "202509",
        "value": 18.18,
        "units": "degC"
      }
    },
    {
      "type": "Feature",
      "geometry": {
        "type": "Polygon",
        "coordinates": [
          [
            [
              72.1875,
              42.75
            ],
            [
              72.1875,
              43.25
            ],
            [
              72.8125,
              43.25
            ],
            [
              72.8125,
              42.75
            ],
            [
              72.1875,
              42.75
            ]
          ]
        ]
      },
      "properties": {
        "month": "202509",
        "value": 17.21,
        "units": "degC"
      }
    },
    {
      "type": "Feature",
      "geometry": {
        "type": "Polygon",
        "coordinates": [
          [
            [
              72.1875,
              43.75
            ],
            [
              72.1875,
              43.25
            ],
            [
              72.0,
              43.25
            ],
            [
              72.0,
              43.75
            ],
            [
              72.1875,
              43.75
            ]
          ]
        ]
      },
      "properties": {
        "month": "202509",
        "value": 20.24,
        "units": "degC"
      }
    },
    {
      "type": "Feature",
      "geometry": {
        "type": "Polygon",
        "coordinates": [
          [
            [
              72.1875,
              43.25
            ],
            [
              72.1875,
              43.75
            ],
            [
              72.8125,
              43.75
            ],
            [
              72.8125,
              43.25
            ],
            [
              72.1875,
              43.25
            ]
          ]
        ]
      },
      "properties": {
        "month": "202509",
        "value": 19.86,
        "units": "degC"
      }
    },
    {
      "type": "Feature",
      "geometry": {
        "type": "Polygon",
        "coordinates": [
          [
            [
              72.1875,
              44.25
            ],
            [
              72.1875,
              43.75
            ],
            [
              72.0,
              43.75
            ],
            [
              72.0,
              44.25
            ],
            [
              72.1875,
              44.25
            ]
          ]
        ]
      },
      "properties": {
        "month": "202509",
        "value": 19.74,
        "units": "degC"
      }
    },
    {
      "type": "Feature",
      "geometry": {
        "type": "Polygon",
        "coordinates": [
          [
            [
              72.1875,
              43.75
            ],
            [
              72.1875,
              44.25
            ],
            [
              72.8125,
              44.25
            ],
            [
              72.8125,
              43.75
            ],
            [
              72.1875,
              43.75
            ]
          ]
        ]
      },
      "properties": {
        "month": "202509",
        "value": 19.78,
        "units": "degC"
      }
    },
    {
      "type": "Feature",
      "geometry": {
        "type": "Polygon",
        "coordinates": [
          [
            [
              72.1875,
              44.75
            ],
            [
              72.1875,
              44.25
            ],
            [
              72.0,
              44.25
            ],
            [
              72.0,
              44.75
            ],
            [
              72.1875,
              44.75
            ]
          ]
        ]
      },
      "properties": {
        "month": "202509",
        "value": 19.51,
        "units": "degC"
      }
    },
    {
      "type": "Feature",
      "geometry": {
        "type": "Polygon",
        "coordinates": [
          [
            [
              72.1875,
              44.25
            ],
            [
              72.1875,
              44.75
            ],
            [
              72.8125,
              44.75
            ],
            [
              72.8125,
              44.25
            ],
            [
              72.1875,
              44.25
            ]
          ]
        ]
      },
      "properties": {
        "month": "202509",
        "value": 19.45,
        "units": "degC"
      }
    },
    {
      "type": "Feature",
      "geometry": {
        "type": "Polygon",
        "coordinates": [
          [
            [
              72.1875,
              45.25
            ],
            [
              72.1875,
              44.75
            ],
            [
              72.0,
              44.75
            ],
            [
              72.0,
              45.25
            ],
            [
              72.1875,
              45.25
            ]
          ]
        ]
      },
      "properties": {
        "month": "202509",
        "value": 18.84,
        "units": "degC"
      }
    },
    {
      "type": "Feature",
      "geometry": {
        "type": "Polygon",
        "coordinates": [
          [
            [
              72.1875,
              44.75
            ],
            [
              72.1875,
              45.25
            ],
            [
              72.8125,
              45.25
            ],
            [
              72.8125,
              44.75
            ],
            [
              72.1875,
              44.75
            ]
          ]
        ]
      },
      "properties": {
        "month": "202509",
        "value": 18.75,
        "units": "degC"
      }
    },
    {
      "type": "Feature",
      "geometry": {
        "type": "Polygon",
        "coordinates": [
          [
            [
              72.1875,
              45.75
            ],
            [
              72.1875,
              45.25
            ],
            [
              72.0,
              45.25
            ],
            [
              72.0,
              45.75
            ],
            [
              72.1875,
              45.75
            ]
          ]
        ]
      },
      "properties": {
        "month": "202509",
        "value": 17.8,
        "units": "degC"
      }
    },
    {
      "type": "Feature",
      "geometry": {
        "type": "Polygon",
        "coordinates": [
          [
            [
              72.1875,
              45.25
            ],
            [
              72.1875,
              45.75
            ],
            [
              72.8125,
              45.75
            ],
            [
              72.8125,
              45.25
            ],
            [
              72.1875,
              45.25
            ]
          ]
        ]
      },
      "properties": {
        "month": "202509",
        "value": 17.35,
        "units": "degC"
      }
    },
    {
      "type": "Feature",
      "geometry": {
        "type": "Polygon",
        "coordinates": [
          [
            [
              72.1875,
              46.25
            ],
            [
              72.1875,
              45.75
            ],
            [
              72.0,
              45.75
            ],
            [
              72.0,
              46.25
            ],
            [
              72.1875,
              46.25
            ]
          ]
        ]
      },
      "properties": {
        "month": "202509",
        "value": 16.78,
        "units": "degC"
      }
    },
    {
      "type": "Feature",
      "geometry": {
        "type": "Polygon",
        "coordinates": [
          [
            [
              72.1875,
              45.75
            ],
            [
              72.1875,
              46.25
            ],
            [
              72.8125,
              46.25
            ],
            [
              72.8125,
              45.75
            ],
            [
              72.1875,
              45.75
            ]
          ]
        ]
      },
      "properties": {
        "month": "202509",
        "value": 16.56,
        "units": "degC"
      }
    },
    {
      "type": "Feature",
      "geometry": {
        "type": "Polygon",
        "coordinates": [
          [
            [
              72.1875,
              46.75
            ],
            [
              72.1875,
              46.25
            ],
            [
              72.0,
              46.25
            ],
            [
              72.0,
              46.75
            ],
            [
              72.1875,
              46.75
            ]
          ]
        ]
      },
      "properties": {
        "month": "202509",
        "value": 15.76,
        "units": "degC"
      }
    },
    {
      "type": "Feature",
      "geometry": {
        "type": "Polygon",
        "coordinates": [
          [
            [
              72.1875,
              46.25
            ],
            [
              72.1875,
              46.75
            ],
            [
              72.8125,
              46.75
            ],
            [
              72.8125,
              46.25
            ],
            [
              72.1875,
              46.25
            ]
          ]
        ]
      },
      "properties": {
        "month": "202509",
        "value": 15.7,
        "units": "degC"
      }
    },
    {
      "type": "Feature",
      "geometry": {
        "type": "Polygon",
        "coordinates": [
          [
            [
              72.1875,
              47.25
            ],
            [
              72.1875,
              46.75
            ],
            [
              72.0,
              46.75
            ],
            [
              72.0,
              47.25
            ],
            [
              72.1875,
              47.25
            ]
          ]
        ]
      },
      "properties": {
        "month": "202509",
        "value": 15.0,
        "units": "degC"
      }
    },
    {
      "type": "Feature",
      "geometry": {
        "type": "Polygon",
        "coordinates": [
          [
            [
              72.1875,
              46.75
            ],
            [
              72.1875,
              47.25
            ],
            [
              72.8125,
              47.25
            ],
            [
              72.8125,
              46.75
            ],
            [
              72.1875,
              46.75
            ]
          ]
        ]
      },
      "properties": {
        "month": "202509",
        "value": 14.56,
        "units": "degC"
      }
    },
    {
      "type": "Feature",
      "geometry": {
        "type": "Polygon",
        "coordinates": [
          [
            [
              72.1875,
              47.75
            ],
            [
              72.1875,
              47.25
            ],
            [
              72.0,
              47.25
            ],
            [
              72.0,
              47.75
            ],
            [
              72.1875,
              47.75
            ]
          ]
        ]
      },
      "properties": {
        "month": "202509",
        "value": 13.51,
        "units": "degC"
      }
    },
    {
      "type": "Feature",
      "geometry": {
        "type": "Polygon",
        "coordinates": [
          [
            [
              72.1875,
              47.25
            ],
            [
              72.1875,
              47.75
            ],
            [
              72.8125,
              47.75
            ],
            [
              72.8125,
              47.25
            ],
            [
              72.1875,
              47.25
            ]
          ]
        ]
      },
      "properties": {
        "month": "202509",
        "value": 13.2,
        "units": "degC"
      }
    },
    {
      "type": "Feature",
      "geometry": {
        "type": "Polygon",
        "coordinates": [
          [
            [
              72.1875,
              48.25
            ],
            [
              72.1875,
              47.75
            ],
            [
              72.0,
              47.75
            ],
            [
              72.0,
              48.25
            ],
            [
              72.1875,
              48.25
            ]
          ]
        ]
      },
      "properties": {
        "month": "202509",
        "value": 13.12,
        "units": "degC"
      }
    },
    {
      "type": "Feature",
      "geometry": {
        "type": "Polygon",
        "coordinates": [
          [
            [
              72.1875,
              47.75
            ],
            [
              72.1875,
              48.25
            ],
            [
              72.8125,
              48.25
            ],
            [
              72.8125,
              47.75
            ],
            [
              72.1875,
              47.75
            ]
          ]
        ]
      },
      "properties": {
        "month": "202509",
        "value": 12.34,
        "units": "degC"
      }
    },
    {
      "type": "Feature",
      "geometry": {
        "type": "Polygon",
        "coordinates": [
          [
            [
              72.1875,
              48.75
            ],
            [
              72.1875,
              48.25
            ],
            [
              72.0,
              48.25
            ],
            [
              72.0,
              48.75
            ],
            [
              72.1875,
              48.75
            ]
          ]
        ]
      },
      "properties": {
        "month": "202509",
        "value": 13.41,
        "units": "degC"
      }
    },
    {
      "type": "Feature",
      "geometry": {
        "type": "Polygon",
        "coordinates": [
          [
            [
              72.1875,
              48.25
            ],
            [
              72.1875,
              48.75
            ],
            [
              72.8125,
              48.75
            ],
            [
              72.8125,
              48.25
            ],
            [
              72.1875,
              48.25
            ]
          ]
        ]
      },
      "properties": {
        "month": "202509",
        "value": 12.8,
        "units": "degC"
      }
    },
    {
      "type": "Feature",
      "geometry": {
        "type": "Polygon",
        "coordinates": [
          [
            [
              72.1875,
              48.75
            ],
            [
              72.0,
              48.75
            ],
            [
              72.0,
              49.0
            ],
            [
              72.1875,
              49.0
            ],
            [
              72.1875,
              48.75
            ]
          ]
        ]
      },
      "properties": {
        "month": "202509",
        "value": 13.27,
        "units": "degC"
      }
    },
    {
      "type": "Feature",
      "geometry": {
        "type": "Polygon",
        "coordinates": [
          [
            [
              72.8125,
              48.75
            ],
            [
              72.1875,
              48.75
            ],
            [
              72.1875,
              49.0
            ],
            [
              72.8125,
              49.0
            ],
            [
              72.8125,
              48.75
            ]
          ]
        ]
      },
      "properties": {
        "month": "202509",
        "value": 12.65,
        "units": "degC"
      }
    },
    {
      "type": "Feature",
      "geometry": {
        "type": "Polygon",
        "coordinates": [
          [
            [
              72.8125,
              42.25
            ],
            [
              73.4375,
              42.25
            ],
            [
              73.4375,
              42.0
            ],
            [
              72.8125,
              42.0
            ],
            [
              72.8125,
              42.25
            ]
          ]
        ]
      },
      "properties": {
        "month": "202509",
        "value": 11.83,
        "units": "degC"
      }
    },
    {
      "type": "Feature",
      "geometry": {
        "type": "Polygon",
        "coordinates": [
          [
            [
              73.4375,
              42.25
            ],
            [
              74.0625,
              42.25
            ],
            [
              74.0625,
              42.0
            ],
            [
              73.4375,
              42.0
            ],
            [
              73.4375,
              42.25
            ]
          ]
        ]
      },
      "properties": {
        "month": "202509",
        "value": 9.36,
        "units": "degC"
      }
    },
    {
      "type": "Feature",
      "geometry": {
        "type": "Polygon",
        "coordinates": [
          [
            [
              74.0625,
              42.25
            ],
            [
              74.6875,
              42.25
            ],
            [
              74.6875,
              42.0
            ],
            [
              74.0625,
              42.0
            ],
            [
              74.0625,
              42.25
            ]
          ]
        ]
      },
      "properties": {
        "month": "202509",
        "value": 9.23,
        "units": "degC"
      }
    },
    {
      "type": "Feature",
      "geometry": {
        "type": "Polygon",
        "coordinates": [
          [
            [
              74.6875,
              42.25
            ],
            [
              75.3125,
              42.25
            ],
            [
              75.3125,
              42.0
            ],
            [
              74.6875,
              42.0
            ],
            [
              74.6875,
              42.25
            ]
          ]
        ]
      },
      "properties": {
        "month": "202509",
        "value": 8.33,
        "units": "degC"
      }
    },
    {
      "type": "Feature",
      "geometry": {
        "type": "Polygon",
        "coordinates": [
          [
            [
              75.3125,
              42.25
            ],
            [
              75.9375,
              42.25
            ],
            [
              75.9375,
              42.0
            ],
            [
              75.3125,
              42.0
            ],
            [
              75.3125,
              42.25
            ]
          ]
        ]
      },
      "properties": {
        "month": "202509",
        "value": 8.73,
        "units": "degC"
      }
    },
    {
      "type": "Feature",
      "geometry": {
        "type": "Polygon",
        "coordinates": [
          [
            [
              72.8125,
              42.25
            ],
            [
              72.8125,
              42.75
            ],
            [
              73.4375,
              42.75
            ],
            [
              73.4375,
              42.25
            ],
            [
              72.8125,
              42.25
            ]
          ]
        ]
      },
      "properties": {
        "month": "202509",
        "value": 8.58,
        "units": "degC"
      }
    },
    {
      "type": "Feature",
      "geometry": {
        "type": "Polygon",
        "coordinates": [
          [
            [
              73.4375,
              42.25
            ],
            [
              73.4375,
              42.75
            ],
            [
              74.0625,
              42.75
            ],
            [
              74.0625,
              42.25
            ],
            [
              73.4375,
              42.25
            ]
          ]
        ]
      },
      "properties": {
        "month": "202509",
        "value": 7.21,
        "units": "degC"
      }
    },
    {
      "type": "Feature",
      "geometry": {
        "type": "Polygon",
        "coordinates": [
          [
            [
              74.0625,
              42.25
            ],
            [
              74.0625,
              42.75
            ],
            [
              74.6875,
              42.75
            ],
            [
              74.6875,
              42.25
            ],
            [
              74.0625,
              42.25
            ]
          ]
        ]
      },
      "properties": {
        "month": "202509",
        "value": 8.13,
        "units": "degC"
      }
    },
    {
      "type": "Feature",
      "geometry": {
        "type": "Polygon",
        "coordinates": [
          [
            [
              74.6875,
              42.25
            ],
            [
              74.6875,
              42.75
            ],
            [
              75.3125,
              42.75
            ],
            [
              75.3125,
              42.25
            ],
            [
              74.6875,
              42.25
            ]
          ]
        ]
      },
      "properties": {
        "month": "202509",
        "value": 9.12,
        "units": "degC"
      }
    },
    {
      "type": "Feature",
      "geometry": {
        "type": "Polygon",
        "coordinates": [
          [
            [
              75.3125,
              42.25
            ],
            [
              75.3125,
              42.75
            ],
            [
              75.9375,
              42.75
            ],
            [
              75.9375,
              42.25
            ],
            [
              75.3125,
              42.25
            ]
          ]
        ]
      },
      "properties": {
        "month": "202509",
        "value": 11.37,
        "units": "degC"
      }
    },
    {
      "type": "Feature",
      "geometry": {
        "type": "Polygon",
        "coordinates": [
          [
            [
              72.8125,
              42.75
            ],
            [
              72.8125,
              43.25
            ],
            [
              73.4375,
              43.25
            ],
            [
              73.4375,
              42.75
            ],
            [
              72.8125,
              42.75
            ]
          ]
        ]
      },
      "properties": {
        "month": "202509",
        "value": 19.58,
        "units": "degC"
      }
    },
    {
      "type": "Feature",
      "geometry": {
        "type": "Polygon",
        "coordinates": [
          [
            [
              73.4375,
              42.75
            ],
            [
              73.4375,
              43.25
            ],
            [
              74.0625,
              43.25
            ],
            [
              74.0625,
              42.75
            ],
            [
              73.4375,
              42.75
            ]
          ]
        ]
      },
      "properties": {
        "month": "202509",
        "value": 20.91,
        "units": "degC"
      }
    },
    {
      "type": "Feature",
      "geometry": {
        "type": "Polygon",
        "coordinates": [
          [
            [
              74.0625,
              42.75
            ],
            [
              74.0625,
              43.25
            ],
            [
              74.6875,
              43.25
            ],
            [
              74.6875,
              42.75
            ],
            [
              74.0625,
              42.75
            ]
          ]
        ]
      },
      "properties": {
        "month": "202509",
        "value": 21.13,
        "units": "degC"
      }
    },
    {
      "type": "Feature",
      "geometry": {
        "type": "Polygon",
        "coordinates": [
          [
            [
              74.6875,
              42.75
            ],
            [
              74.6875,
              43.25
            ],
            [
              75.3125,
              43.25
            ],
            [
              75.3125,
              42.75
            ],
            [
              74.6875,
              42.75
            ]
          ]
        ]
      },
      "properties": {
        "month": "202509",
        "value": 18.84,
        "units": "degC"
      }
    },
    {
      "type": "Feature",
      "geometry": {
        "type": "Polygon",
        "coordinates": [
          [
            [
              75.3125,
              42.75
            ],
            [
              75.3125,
              43.25
            ],
            [
              75.9375,
              43.25
            ],
            [
              75.9375,
              42.75
            ],
            [
              75.3125,
              42.75
            ]
          ]
        ]
      },
      "properties": {
        "month": "202509",
        "value": 14.19,
        "units": "degC"
      }
    },
    {
      "type": "Feature",
      "geometry": {
        "type": "Polygon",
        "coordinates": [
          [
            [
              72.8125,
              43.25
            ],
            [
              72.8125,
              43.75
            ],
            [
              73.4375,
              43.75
            ],
            [
              73.4375,
              43.25
            ],
            [
              72.8125,
              43.25
            ]
          ]
        ]
      },
      "properties": {
        "month": "202509",
        "value": 19.8,
        "units": "degC"
      }
    },
    {
      "type": "Feature",
      "geometry": {
        "type": "Polygon",
        "coordinates": [
          [
            [
              73.4375,
              43.25
            ],
            [
              73.4375,
              43.75
            ],
            [
              74.0625,
              43.75
            ],
            [
              74.0625,
              43.25
            ],
            [
              73.4375,
              43.25
            ]
          ]
        ]
      },
      "properties": {
        "month": "202509",
        "value": 20.04,
        "units": "degC"
      }
    },
    {
      "type": "Feature",
      "geometry": {
        "type": "Polygon",
        "coordinates": [
          [
            [
              74.0625,
              43.25
            ],
            [
              74.0625,
              43.75
            ],
            [
              74.6875,
              43.75
            ],
            [
              74.6875,
              43.25
            ],
            [
              74.0625,
              43.25
            ]
          ]
        ]
      },
      "properties": {
        "month": "202509",
        "value": 18.69,
        "units": "degC"
      }
    },
    {
      "type": "Feature",
      "geometry": {
        "type": "Polygon",
        "coordinates": [
          [
            [
              74.6875,
              43.25
            ],
            [
              74.6875,
              43.75
            ],
            [
              75.3125,
              43.75
            ],
            [
              75.3125,
              43.25
            ],
            [
              74.6875,
              43.25
            ]
          ]
        ]
      },
      "properties": {
        "month": "202509",
        "value": 17.26,
        "units": "degC"
      }
    },
    {
      "type": "Feature",
      "geometry": {
        "type": "Polygon",
        "coordinates": [
          [
            [
              75.3125,
              43.25
            ],
            [
              75.3125,
              43.75
            ],
            [
              75.9375,
              43.75
            ],
            [
              75.9375,
              43.25
            ],
            [
              75.3125,
              43.25
            ]
          ]
        ]
      },
      "properties": {
        "month": "202509",
        "value": 18.46,
        "units": "degC"
      }
    },
    {
      "type": "Feature",
      "geometry": {
        "type": "Polygon",
        "coordinates": [
          [
            [
              72.8125,
              43.75
            ],
            [
              72.8125,
              44.25
            ],
            [
              73.4375,
              44.25
            ],
            [
              73.4375,
              43.75
            ],
            [
              72.8125,
              43.75
            ]
          ]
        ]
      },
      "properties": {
        "month": "202509",
        "value": 19.9,
        "units": "degC"
      }
    },
    {
      "type": "Feature",
      "geometry": {
        "type": "Polygon",
        "coordinates": [
          [
            [
              73.4375,
              43.75
            ],
            [
              73.4375,
              44.25
            ],
            [
              74.0625,
              44.25
            ],
            [
              74.0625,
              43.75
            ],
            [
              73.4375,
              43.75
            ]
          ]
        ]
      },
      "properties": {
        "month": "202509",
        "value": 19.65,
        "units": "degC"
      }
    },
    {
      "type": "Feature",
      "geometry": {
        "type": "Polygon",
        "coordinates": [
          [
            [
              74.0625,
              43.75
            ],
            [
              74.0625,
              44.25
            ],
            [
              74.6875,
              44.25
            ],
            [
              74.6875,
              43.75
            ],
            [
              74.0625,
              43.75
            ]
          ]
        ]
      },
      "properties": {
        "month": "202509",
        "value": 17.94,
        "units": "degC"
      }
    },
    {
      "type": "Feature",
      "geometry": {
        "type": "Polygon",
        "coordinates": [
          [
            [
              74.6875,
              43.75
            ],
            [
              74.6875,
              44.25
            ],
            [
              75.3125,
              44.25
            ],
            [
              75.3125,
              43.75
            ],
            [
              74.6875,
              43.75
            ]
          ]
        ]
      },
      "properties": {
        "month": "202509",
        "value": 17.42,
        "units": "degC"
      }
    },
    {
      "type": "Feature",
      "geometry": {
        "type": "Polygon",
        "coordinates": [
          [
            [
              75.3125,
              43.75
            ],
            [
              75.3125,
              44.25
            ],
            [
              75.9375,
              44.25
            ],
            [
              75.9375,
              43.75
            ],
            [
              75.3125,
              43.75
            ]
          ]
        ]
      },
      "properties": {
        "month": "202509",
        "value": 17.79,
        "units": "degC"
      }
    },
    {
      "type": "Feature",
      "geometry": {
        "type": "Polygon",
        "coordinates": [
          [
            [
              72.8125,
              44.25
            ],
            [
              72.8125,
              44.75
            ],
            [
              73.4375,
              44.75
            ],
            [
              73.4375,
              44.25
            ],
            [
              72.8125,
              44.25
            ]
          ]
        ]
      },
      "properties": {
        "month": "202509",
        "value": 19.25,
        "units": "degC"
      }
    },
    {
      "type": "Feature",
      "geometry": {
        "type": "Polygon",
        "coordinates": [
          [
            [
              73.4375,
              44.25
            ],
            [
              73.4375,
              44.75
            ],
            [
              74.0625,
              44.75
            ],
            [
              74.0625,
              44.25
            ],
            [
              73.4375,
              44.25
            ]
          ]
        ]
      },
      "properties": {
        "month": "202509",
        "value": 18.63,
        "units": "degC"
      }
    },
    {
      "type": "Feature",
      "geometry": {
        "type": "Polygon",
        "coordinates": [
          [
            [
              74.0625,
              44.25
            ],
            [
              74.0625,
              44.75
            ],
            [
              74.6875,
              44.75
            ],
            [
              74.6875,
              44.25
            ],
            [
              74.0625,
              44.25
            ]
          ]
        ]
      },
      "properties": {
        "month": "202509",
        "value": 18.3,
        "units": "degC"
      }
    },
    {
      "type": "Feature",
      "geometry": {
        "type": "Polygon",
        "coordinates": [
          [
            [
              74.6875,
              44.25
            ],
            [
              74.6875,
              44.75
            ],
            [
              75.3125,
              44.75
            ],
            [
              75.3125,
              44.25
            ],
            [
              74.6875,
              44.25
            ]
          ]
        ]
      },
      "properties": {
        "month": "202509",
        "value": 18.89,
        "units": "degC"
      }
    },
    {
      "type": "Feature",
      "geometry": {
        "type": "Polygon",
        "coordinates": [
          [
            [
              75.3125,
              44.25
            ],
            [
              75.3125,
              44.75
            ],
            [
              75.9375,
              44.75
            ],
            [
              75.9375,
              44.25
            ],
            [
              75.3125,
              44.25
            ]
          ]
        ]
      },
      "properties": {
        "month": "202509",
        "value": 19.2,
        "units": "degC"
      }
    },
    {
      "type": "Feature",
      "geometry": {
        "type": "Polygon",
        "coordinates": [
          [
            [
              72.8125,
              44.75
            ],
            [
              72.8125,
              45.25
            ],
            [
              73.4375,
              45.25
            ],
            [
              73.4375,
              44.75
            ],
            [
              72.8125,
              44.75
            ]
          ]
        ]
      },
      "properties": {
        "month": "202509",
        "value": 17.82,
        "units": "degC"
      }
    },
    {
      "type": "Feature",
      "geometry": {
        "type": "Polygon",
        "coordinates": [
          [
            [
              73.4375,
              44.75
            ],
            [
              73.4375,
              45.25
            ],
            [
              74.0625,
              45.25
            ],
            [
              74.0625,
              44.75
            ],
            [
              73.4375,
              44.75
            ]
          ]
        ]
      },
      "properties": {
        "month": "202509",
        "value": 18.1,
        "units": "degC"
      }
    },
    {
      "type": "Feature",
      "geometry": {
        "type": "Polygon",
        "coordinates": [
          [
            [
              74.0625,
              44.75
            ],
            [
              74.0625,
              45.25
            ],
            [
              74.6875,
              45.25
            ],
            [
              74.6875,
              44.75
            ],
            [
              74.0625,
              44.75
            ]
          ]
        ]
      },
      "properties": {
        "month": "202509",
        "value": 18.56,
        "units": "degC"
      }
    },
    {
      "type": "Feature",
      "geometry": {
        "type": "Polygon",
        "coordinates": [
          [
            [
              74.6875,
              44.75
            ],
            [
              74.6875,
              45.25
            ],
            [
              75.3125,
              45.25
            ],
            [
              75.3125,
              44.75
            ],
            [
              74.6875,
              44.75
            ]
          ]
        ]
      },
      "properties": {
        "month": "202509",
        "value": 18.74,
        "units": "degC"
      }
    },
    {
      "type": "Feature",
      "geometry": {
        "type": "Polygon",
        "coordinates": [
          [
            [
              75.3125,
              44.75
            ],
            [
              75.3125,
              45.25
            ],
            [
              75.9375,
              45.25
            ],
            [
              75.9375,
              44.75
            ],
            [
              75.3125,
              44.75
            ]
          ]
        ]
      },
      "properties": {
        "month": "202509",
        "value": 18.81,
        "units": "degC"
      }
    },
    {
      "type": "Feature",
      "geometry": {
        "type": "Polygon",
        "coordinates": [
          [
            [
              72.8125,
              45.25
            ],
            [
              72.8125,
              45.75
            ],
            [
              73.4375,
              45.75
            ],
            [
              73.4375,
              45.25
            ],
            [
              72.8125,
              45.25
            ]
          ]
        ]
      },
      "properties": {
        "month": "202509",
        "value": 17.37,
        "units": "degC"
      }
    },
    {
      "type": "Feature",
      "geometry": {
        "type": "Polygon",
        "coordinates": [
          [
            [
              73.4375,
              45.25
            ],
            [
              73.4375,
              45.75
            ],
            [
              74.0625,
              45.75
            ],
            [
              74.0625,
              45.25
            ],
            [
              73.4375,
              45.25
            ]
          ]
        ]
      },
      "properties": {
        "month": "202509",
        "value": 17.95,
        "units": "degC"
      }
    },
    {
      "type": "Feature",
      "geometry": {
        "type": "Polygon",
        "coordinates": [
          [
            [
              74.0625,
              45.25
            ],
            [
              74.0625,
              45.75
            ],
            [
              74.6875,
              45.75
            ],
            [
              74.6875,
              45.25
            ],
            [
              74.0625,
              45.25
            ]
          ]
        ]
      },
      "properties": {
        "month": "202509",
        "value": 18.02,
        "units": "degC"
      }
    },
    {
      "type": "Feature",
      "geometry": {
        "type": "Polygon",
        "coordinates": [
          [
            [
              74.6875,
              45.25
            ],
            [
              74.6875,
              45.75
            ],
            [
              75.3125,
              45.75
            ],
            [
              75.3125,
              45.25
            ],
            [
              74.6875,
              45.25
            ]
          ]
        ]
      },
      "properties": {
        "month": "202509",
        "value": 18.01,
        "units": "degC"
      }
    },
    {
      "type": "Feature",
      "geometry": {
        "type": "Polygon",
        "coordinates": [
          [
            [
              75.3125,
              45.25
            ],
            [
              75.3125,
              45.75
            ],
            [
              75.9375,
              45.75
            ],
            [
              75.9375,
              45.25
            ],
            [
              75.3125,
              45.25
            ]
          ]
        ]
      },
      "properties": {
        "month": "202509",
        "value": 18.05,
        "units": "degC"
      }
    },
    {
      "type": "Feature",
      "geometry": {
        "type": "Polygon",
        "coordinates": [
          [
            [
              72.8125,
              45.75
            ],
            [
              72.8125,
              46.25
            ],
            [
              73.4375,
              46.25
            ],
            [
              73.4375,
              45.75
            ],
            [
              72.8125,
              45.75
            ]
          ]
        ]
      },
      "properties": {
        "month": "202509",
        "value": 17.08,
        "units": "degC"
      }
    },
    {
      "type": "Feature",
      "geometry": {
        "type": "Polygon",
        "coordinates": [
          [
            [
              73.4375,
              45.75
            ],
            [
              73.4375,
              46.25
            ],
            [
              74.0625,
              46.25
            ],
            [
              74.0625,
              45.75
            ],
            [
              73.4375,
              45.75
            ]
          ]
        ]
      },
      "properties": {
        "month": "202509",
        "value": 17.59,
        "units": "degC"
      }
    },
    {
      "type": "Feature",
      "geometry": {
        "type": "Polygon",
        "coordinates": [
          [
            [
              74.0625,
              45.75
            ],
            [
              74.0625,
              46.25
            ],
            [
              74.6875,
              46.25
            ],
            [
              74.6875,
              45.75
            ],
            [
              74.0625,
              45.75
            ]
          ]
        ]
      },
      "properties": {
        "month": "202509",
        "value": 17.6,
        "units": "degC"
      }
    },
    {
      "type": "Feature",
      "geometry": {
        "type": "Polygon",
        "coordinates": [
          [
            [
              74.6875,
              45.75
            ],
            [
              74.6875,
              46.25
            ],
            [
              75.3125,
              46.25
            ],
            [
              75.3125,
              45.75
            ],
            [
              74.6875,
              45.75
            ]
          ]
        ]
      },
      "properties": {
        "month": "202509",
        "value": 17.58,
        "units": "degC"
      }
    },
    {
      "type": "Feature",
      "geometry": {
        "type": "Polygon",
        "coordinates": [
          [
            [
              75.3125,
              45.75
            ],
            [
              75.3125,
              46.25
            ],
            [
              75.9375,
              46.25
            ],
            [
              75.9375,
              45.75
            ],
            [
              75.3125,
              45.75
            ]
          ]
        ]
      },
      "properties": {
        "month": "202509",
        "value": 17.5,
        "units": "degC"
      }
    },
    {
      "type": "Feature",
      "geometry": {
        "type": "Polygon",
        "coordinates": [
          [
            [
              72.8125,
              46.25
            ],
            [
              72.8125,
              46.75
            ],
            [
              73.4375,
              46.75
            ],
            [
              73.4375,
              46.25
            ],
            [
              72.8125,
              46.25
            ]
          ]
        ]
      },
      "properties": {
        "month": "202509",
        "value": 16.31,
        "units": "degC"
      }
    },
    {
      "type": "Feature",
      "geometry": {
        "type": "Polygon",
        "coordinates": [
          [
            [
              73.4375,
              46.25
            ],
            [
              73.4375,
              46.75
            ],
            [
              74.0625,
              46.75
            ],
            [
              74.0625,
              46.25
            ],
            [
              73.4375,
              46.25
            ]
          ]
        ]
      },
      "properties": {
        "month": "202509",
        "value": 16.81,
        "units": "degC"
      }
    },
    {
      "type": "Feature",
      "geometry": {
        "type": "Polygon",
        "coordinates": [
          [
            [
              74.0625,
              46.25
            ],
            [
              74.0625,
              46.75
            ],
            [
              74.6875,
              46.75
            ],
            [
              74.6875,
              46.25
            ],
            [
              74.0625,
              46.25
            ]
          ]
        ]
      },
      "properties": {
        "month": "202509",
        "value": 17.15,
        "units": "degC"
      }
    },
    {
      "type": "Feature",
      "geometry": {
        "type": "Polygon",
        "coordinates": [
          [
            [
              74.6875,
              46.25
            ],
            [
              74.6875,
              46.75
            ],
            [
              75.3125,
              46.75
            ],
            [
              75.3125,
              46.25
            ],
            [
              74.6875,
              46.25
            ]
          ]
        ]
      },
      "properties": {
        "month": "202509",
        "value": 17.17,
        "units": "degC"
      }
    },
    {
      "type": "Feature",
      "geometry": {
        "type": "Polygon",
        "coordinates": [
          [
            [
              75.3125,
              46.25
            ],
            [
              75.3125,
              46.75
            ],
            [
              75.9375,
              46.75
            ],
            [
              75.9375,
              46.25
            ],
            [
              75.3125,
              46.25
            ]
          ]
        ]
      },
      "properties": {
        "month": "202509",
        "value": 17.13,
        "units": "degC"
      }
    },
    {
      "type": "Feature",
      "geometry": {
        "type": "Polygon",
        "coordinates": [
          [
            [
              72.8125,
              46.75
            ],
            [
              72.8125,
              47.25
            ],
            [
              73.4375,
              47.25
            ],
            [
              73.4375,
              46.75
            ],
            [
              72.8125,
              46.75
            ]
          ]
        ]
      },
      "properties": {
        "month": "202509",
        "value": 15.0,
        "units": "degC"
      }
    },
    {
      "type": "Feature",
      "geometry": {
        "type": "Polygon",
        "coordinates": [
          [
            [
              73.4375,
              46.75
            ],
            [
              73.4375,
              47.25
            ],
            [
              74.0625,
              47.25
            ],
            [
              74.0625,
              46.75
            ],
            [
              73.4375,
              46.75
            ]
          ]
        ]
      },
      "properties": {
        "month": "202509",
        "value": 15.61,
        "units": "degC"
      }
    },
    {
      "type": "Feature",
      "geometry": {
        "type": "Polygon",
        "coordinates": [
          [
            [
              74.0625,
              46.75
            ],
            [
              74.0625,
              47.25
            ],
            [
              74.6875,
              47.25
            ],
            [
              74.6875,
              46.75
            ],
            [
              74.0625,
              46.75
            ]
          ]
        ]
      },
      "properties": {
        "month": "202509",
        "value": 16.14,
        "units": "degC"
      }
    },
    {
      "type": "Feature",
      "geometry": {
        "type": "Polygon",
        "coordinates": [
          [
            [
              74.6875,
              46.75
            ],
            [
              74.6875,
              47.25
            ],
            [
              75.3125,
              47.25
            ],
            [
              75.3125,
              46.75
            ],
            [
              74.6875,
              46.75
            ]
          ]
        ]
      },
      "properties": {
        "month": "202509",
        "value": 16.2,
        "units": "degC"
      }
    },
    {
      "type": "Feature",
      "geometry": {
        "type": "Polygon",
        "coordinates": [
          [
            [
              75.3125,
              46.75
            ],
            [
              75.3125,
              47.25
            ],
            [
              75.9375,
              47.25
            ],
            [
              75.9375,
              46.75
            ],
            [
              75.3125,
              46.75
            ]
          ]
        ]
      },
      "properties": {
        "month": "202509",
        "value": 16.27,
        "units": "degC"
      }
    },
    {
      "type": "Feature",
      "geometry": {
        "type": "Polygon",
        "coordinates": [
          [
            [
              72.8125,
              47.25
            ],
            [
              72.8125,
              47.75
            ],
            [
              73.4375,
              47.75
            ],
            [
              73.4375,
              47.25
            ],
            [
              72.8125,
              47.25
            ]
          ]
        ]
      },
      "properties": {
        "month": "202509",
        "value": 13.36,
        "units": "degC"
      }
    },
    {
      "type": "Feature",
      "geometry": {
        "type": "Polygon",
        "coordinates": [
          [
            [
              73.4375,
              47.25
            ],
            [
              73.4375,
              47.75
            ],
            [
              74.0625,
              47.75
            ],
            [
              74.0625,
              47.25
            ],
            [
              73.4375,
              47.25
            ]
          ]
        ]
      },
      "properties": {
        "month": "202509",
        "value": 14.14,
        "units": "degC"
      }
    },
    {
      "type": "Feature",
      "geometry": {
        "type": "Polygon",
        "coordinates": [
          [
            [
              74.0625,
              47.25
            ],
            [
              74.0625,
              47.75
            ],
            [
              74.6875,
              47.75
            ],
            [
              74.6875,
              47.25
            ],
            [
              74.0625,
              47.25
            ]
          ]
        ]
      },
      "properties": {
        "month": "202509",
        "value": 14.72,
        "units": "degC"
      }
    },
    {
      "type": "Feature",
      "geometry": {
        "type": "Polygon",
        "coordinates": [
          [
            [
              74.6875,
              47.25
            ],
            [
              74.6875,
              47.75
            ],
            [
              75.3125,
              47.75
            ],
            [
              75.3125,
              47.25
            ],
            [
              74.6875,
              47.25
            ]
          ]
        ]
      },
      "properties": {
        "month": "202509",
        "value": 14.46,
        "units": "degC"
      }
    },
    {
      "type": "Feature",
      "geometry": {
        "type": "Polygon",
        "coordinates": [
          [
            [
              75.3125,
              47.25
            ],
            [
              75.3125,
              47.75
            ],
            [
              75.9375,
              47.75
            ],
            [
              75.9375,
              47.25
            ],
            [
              75.3125,
              47.25
            ]
          ]
        ]
      },
      "properties": {
        "month": "202509",
        "value": 14.71,
        "units": "degC"
      }
    },
    {
      "type": "Feature",
      "geometry": {
        "type": "Polygon",
        "coordinates": [
          [
            [
              72.8125,
              47.75
            ],
            [
              72.8125,
              48.25
            ],
            [
              73.4375,
              48.25
            ],
            [
              73.4375,
              47.75
            ],
            [
              72.8125,
              47.75
            ]
          ]
        ]
      },
      "properties": {
        "month": "202509",
        "value": 12.29,
        "units": "degC"
      }
    },
    {
      "type": "Feature",
      "geometry": {
        "type": "Polygon",
        "coordinates": [
          [
            [
              73.4375,
              47.75
            ],
            [
              73.4375,
              48.25
            ],
            [
              74.0625,
              48.25
            ],
            [
              74.0625,
              47.75
            ],
            [
              73.4375,
              47.75
            ]
          ]
        ]
      },
      "properties": {
        "month": "202509",
        "value": 12.81,
        "units": "degC"
      }
    },
    {
      "type": "Feature",
      "geometry": {
        "type": "Polygon",
        "coordinates": [
          [
            [
              74.0625,
              47.75
            ],
            [
              74.0625,
              48.25
            ],
            [
              74.6875,
              48.25
            ],
            [
              74.6875,
              47.75
            ],
            [
              74.0625,
              47.75
            ]
          ]
        ]
      },
      "properties": {
        "month": "202509",
        "value": 12.91,
        "units": "degC"
      }
    },
    {
      "type": "Feature",
      "geometry": {
        "type": "Polygon",
        "coordinates": [
          [
            [
              74.6875,
              47.75
            ],
            [
              74.6875,
              48.25
            ],
            [
              75.3125,
              48.25
            ],
            [
              75.3125,
              47.75
            ],
            [
              74.6875,
              47.75
            ]
          ]
        ]
      },
      "properties": {
        "month": "202509",
        "value": 12.65,
        "units": "degC"
      }
    },
    {
      "type": "Feature",
      "geometry": {
        "type": "Polygon",
        "coordinates": [
          [
            [
              75.3125,
              47.75
            ],
            [
              75.3125,
              48.25
            ],
            [
              75.9375,
              48.25
            ],
            [
              75.9375,
              47.75
            ],
            [
              75.3125,
              47.75
            ]
          ]
        ]
      },
      "properties": {
        "month": "202509",
        "value": 12.98,
        "units": "degC"
      }
    },
    {
      "type": "Feature",
      "geometry": {
        "type": "Polygon",
        "coordinates": [
          [
            [
              72.8125,
              48.25
            ],
            [
              72.8125,
              48.75
            ],
            [
              73.4375,
              48.75
            ],
            [
              73.4375,
              48.25
            ],
            [
              72.8125,
              48.25
            ]
          ]
        ]
      },
      "properties": {
        "month": "202509",
        "value": 12.22,
        "units": "degC"
      }
    },
    {
      "type": "Feature",
      "geometry": {
        "type": "Polygon",
        "coordinates": [
          [
            [
              73.4375,
              48.25
            ],
            [
              73.4375,
              48.75
            ],
            [
              74.0625,
              48.75
            ],
            [
              74.0625,
              48.25
            ],
            [
              73.4375,
              48.25
            ]
          ]
        ]
      },
      "properties": {
        "month": "202509",
        "value": 11.67,
        "units": "degC"
      }
    },
    {
      "type": "Feature",
      "geometry": {
        "type": "Polygon",
        "coordinates": [
          [
            [
              74.0625,
              48.25
            ],
            [
              74.0625,
              48.75
            ],
            [
              74.6875,
              48.75
            ],
            [
              74.6875,
              48.25
            ],
            [
              74.0625,
              48.25
            ]
          ]
        ]
      },
      "properties": {
        "month": "202509",
        "value": 11.2,
        "units": "degC"
      }
    },
    {
      "type": "Feature",
      "geometry": {
        "type": "Polygon",
        "coordinates": [
          [
            [
              74.6875,
              48.25
            ],
            [
              74.6875,
              48.75
            ],
            [
              75.3125,
              48.75
            ],
            [
              75.3125,
              48.25
            ],
            [
              74.6875,
              48.25
            ]
          ]
        ]
      },
      "properties": {
        "month": "202509",
        "value": 10.88,
        "units": "degC"
      }
    },
    {
      "type": "Feature",
      "geometry": {
        "type": "Polygon",
        "coordinates": [
          [
            [
              75.3125,
              48.25
            ],
            [
              75.3125,
              48.75
            ],
            [
              75.9375,
              48.75
            ],
            [
              75.9375,
              48.25
            ],
            [
              75.3125,
              48.25
            ]
          ]
        ]
      },
      "properties": {
        "month": "202509",
        "value": 11.01,
        "units": "degC"
      }
    },
    {
      "type": "Feature",
      "geometry": {
        "type": "Polygon",
        "coordinates": [
          [
            [
              73.4375,
              48.75
            ],
            [
              72.8125,
              48.75
            ],
            [
              72.8125,
              49.0
            ],
            [
              73.4375,
              49.0
            ],
            [
              73.4375,
              48.75
            ]
          ]
        ]
      },
      "properties": {
        "month": "202509",
        "value": 12.0,
        "units": "degC"
      }
    },
    {
      "type": "Feature",
      "geometry": {
        "type": "Polygon",
        "coordinates": [
          [
            [
              74.0625,
              48.75
            ],
            [
              73.4375,
              48.75
            ],
            [
              73.4375,
              49.0
            ],
            [
              74.0625,
              49.0
            ],
            [
              74.0625,
              48.75
            ]
          ]
        ]
      },
      "properties": {
        "month": "202509",
        "value": 11.51,
        "units": "degC"
      }
    },
    {
      "type": "Feature",
      "geometry": {
        "type": "Polygon",
        "coordinates": [
          [
            [
              74.6875,
              48.75
            ],
            [
              74.0625,
              48.75
            ],
            [
              74.0625,
              49.0
            ],
            [
              74.6875,
              49.0
            ],
            [
              74.6875,
              48.75
            ]
          ]
        ]
      },
      "properties": {
        "month": "202509",
        "value": 10.84,
        "units": "degC"
      }
    },
    {
      "type": "Feature",
      "geometry": {
        "type": "Polygon",
        "coordinates": [
          [
            [
              75.3125,
              48.75
            ],
            [
              74.6875,
              48.75
            ],
            [
              74.6875,
              49.0
            ],
            [
              75.3125,
              49.0
            ],
            [
              75.3125,
              48.75
            ]
          ]
        ]
      },
      "properties": {
        "month": "202509",
        "value": 10.55,
        "units": "degC"
      }
    },
    {
      "type": "Feature",
      "geometry": {
        "type": "Polygon",
        "coordinates": [
          [
            [
              75.9375,
              48.75
            ],
            [
              75.3125,
              48.75
            ],
            [
              75.3125,
              49.0
            ],
            [
              75.9375,
              49.0
            ],
            [
              75.9375,
              48.75
            ]
          ]
        ]
      },
      "properties": {
        "month": "202509",
        "value": 10.07,
        "units": "degC"
      }
    },
    {
      "type": "Feature",
      "geometry": {
        "type": "Polygon",
        "coordinates": [
          [
            [
              75.9375,
              42.25
            ],
            [
              76.5625,
              42.25
            ],
            [
              76.5625,
              42.0
            ],
            [
              75.9375,
              42.0
            ],
            [
              75.9375,
              42.25
            ]
          ]
        ]
      },
      "properties": {
        "month": "202509",
        "value": 9.36,
        "units": "degC"
      }
    },
    {
      "type": "Feature",
      "geometry": {
        "type": "Polygon",
        "coordinates": [
          [
            [
              76.5625,
              42.25
            ],
            [
              77.1875,
              42.25
            ],
            [
              77.1875,
              42.0
            ],
            [
              76.5625,
              42.0
            ],
            [
              76.5625,
              42.25
            ]
          ]
        ]
      },
      "properties": {
        "month": "202509",
        "value": 10.17,
        "units": "degC"
      }
    },
    {
      "type": "Feature",
      "geometry": {
        "type": "Polygon",
        "coordinates": [
          [
            [
              77.1875,
              42.25
            ],
            [
              77.8125,
              42.25
            ],
            [
              77.8125,
              42.0
            ],
            [
              77.1875,
              42.0
            ],
            [
              77.1875,
              42.25
            ]
          ]
        ]
      },
      "properties": {
        "month": "202509",
        "value": 8.53,
        "units": "degC"
      }
    },
    {
      "type": "Feature",
      "geometry": {
        "type": "Polygon",
        "coordinates": [
          [
            [
              77.8125,
              42.25
            ],
            [
              78.4375,
              42.25
            ],
            [
              78.4375,
              42.0
            ],
            [
              77.8125,
              42.0
            ],
            [
              77.8125,
              42.25
            ]
          ]
        ]
      },
      "properties": {
        "month": "202509",
        "value": 4.12,
        "units": "degC"
      }
    },
    {
      "type": "Feature",
      "geometry": {
        "type": "Polygon",
        "coordinates": [
          [
            [
              78.4375,
              42.25
            ],
            [
              79.0625,
              42.25
            ],
            [
              79.0625,
              42.0
            ],
            [
              78.4375,
              42.0
            ],
            [
              78.4375,
              42.25
            ]
          ]
        ]
      },
      "properties": {
        "month": "202509",
        "value": 1.93,
        "units": "degC"
      }
    },
    {
      "type": "Feature",
      "geometry": {
        "type": "Polygon",
        "coordinates": [
          [
            [
              79.0625,
              42.25
            ],
            [
              79.6875,
              42.25
            ],
            [
              79.6875,
              42.0
            ],
            [
              79.0625,
              42.0
            ],
            [
              79.0625,
              42.25
            ]
          ]
        ]
      },
      "properties": {
        "month": "202509",
        "value": 2.99,
        "units": "degC"
      }
    },
    {
      "type": "Feature",
      "geometry": {
        "type": "Polygon",
        "coordinates": [
          [
            [
              79.6875,
              42.25
            ],
            [
              80.3125,
              42.25
            ],
            [
              80.3125,
              42.0
            ],
            [
              79.6875,
              42.0
            ],
            [
              79.6875,
              42.25
            ]
          ]
        ]
      },
      "properties": {
        "month": "202509",
        "value": 1.68,
        "units": "degC"
      }
    },
    {
      "type": "Feature",
      "geometry": {
        "type": "Polygon",
        "coordinates": [
          [
            [
              75.9375,
              42.25
            ],
            [
              75.9375,
              42.75
            ],
            [
              76.5625,
              42.75
            ],
            [
              76.5625,
              42.25
            ],
            [
              75.9375,
              42.25
            ]
          ]
        ]
      },
      "properties": {
        "month": "202509",
        "value": 11.72,
        "units": "degC"
      }
    },
    {
      "type": "Feature",
      "geometry": {
        "type": "Polygon",
        "coordinates": [
          [
            [
              76.5625,
              42.25
            ],
            [
              76.5625,
              42.75
            ],
            [
              77.1875,
              42.75
            ],
            [
              77.1875,
              42.25
            ],
            [
              76.5625,
              42.25
            ]
          ]
        ]
      },
      "properties": {
        "month": "202509",
        "value": 13.1,
        "units": "degC"
      }
    },
    {
      "type": "Feature",
      "geometry": {
        "type": "Polygon",
        "coordinates": [
          [
            [
              77.1875,
              42.25
            ],
            [
              77.1875,
              42.75
            ],
            [
              77.8125,
              42.75
            ],
            [
              77.8125,
              42.25
            ],
            [
              77.1875,
              42.25
            ]
          ]
        ]
      },
      "properties": {
        "month": "202509",
        "value": 16.44,
        "units": "degC"
      }
    },
    {
      "type": "Feature",
      "geometry": {
        "type": "Polygon",
        "coordinates": [
          [
            [
              77.8125,
              42.25
            ],
            [
              77.8125,
              42.75
            ],
            [
              78.4375,
              42.75
            ],
            [
              78.4375,
              42.25
            ],
            [
              77.8125,
              42.25
            ]
          ]
        ]
      },
      "properties": {
        "month": "202509",
        "value": 12.68,
        "units": "degC"
      }
    },
    {
      "type": "Feature",
      "geometry": {
        "type": "Polygon",
        "coordinates": [
          [
            [
              78.4375,
              42.25
            ],
            [
              78.4375,
              42.75
            ],
            [
              79.0625,
              42.75
            ],
            [
              79.0625,
              42.25
            ],
            [
              78.4375,
              42.25
            ]
          ]
        ]
      },
      "properties": {
        "month": "202509",
        "value": 7.82,
        "units": "degC"
      }
    },
    {
      "type": "Feature",
      "geometry": {
        "type": "Polygon",
        "coordinates": [
          [
            [
              79.0625,
              42.25
            ],
            [
              79.0625,
              42.75
            ],
            [
              79.6875,
              42.75
            ],
            [
              79.6875,
              42.25
            ],
            [
              79.0625,
              42.25
            ]
          ]
        ]
      },
      "properties": {
        "month": "202509",
        "value": 5.52,
        "units": "degC"
      }
    },
    {
      "type": "Feature",
      "geometry": {
        "type": "Polygon",
        "coordinates": [
          [
            [
              79.6875,
              42.25
            ],
            [
              79.6875,
              42.75
            ],
            [
              80.3125,
              42.75
            ],
            [
              80.3125,
              42.25
            ],
            [
              79.6875,
              42.25
            ]
          ]
        ]
      },
      "properties": {
        "month": "202509",
        "value": 5.28,
        "units": "degC"
      }
    },
    {
      "type": "Feature",
      "geometry": {
        "type": "Polygon",
        "coordinates": [
          [
            [
              75.9375,
              42.75
            ],
            [
              75.9375,
              43.25
            ],
            [
              76.5625,
              43.25
            ],
            [
              76.5625,
              42.75
            ],
            [
              75.9375,
              42.75
            ]
          ]
        ]
      },
      "properties": {
        "month": "202509",
        "value": 12.14,
        "units": "degC"
      }
    },
    {
      "type": "Feature",
      "geometry": {
        "type": "Polygon",
        "coordinates": [
          [
            [
              76.5625,
              42.75
            ],
            [
              76.5625,
              43.25
            ],
            [
              77.1875,
              43.25
            ],
            [
              77.1875,
              42.75
            ],
            [
              76.5625,
              42.75
            ]
          ]
        ]
      },
      "properties": {
        "month": "202509",
        "value": 9.04,
        "units": "degC"
      }
    },
    {
      "type": "Feature",
      "geometry": {
        "type": "Polygon",
        "coordinates": [
          [
            [
              77.1875,
              42.75
            ],
            [
              77.1875,
              43.25
            ],
            [
              77.8125,
              43.25
            ],
            [
              77.8125,
              42.75
            ],
            [
              77.1875,
              42.75
            ]
          ]
        ]
      },
      "properties": {
        "month": "202509",
        "value": 6.0,
        "units": "degC"
      }
    },
    {
      "type": "Feature",
      "geometry": {
        "type": "Polygon",
        "coordinates": [
          [
            [
              77.8125,
              42.75
            ],
            [
              77.8125,
              43.25
            ],
            [
              78.4375,
              43.25
            ],
            [
              78.4375,
              42.75
            ],
            [
              77.8125,
              42.75
            ]
          ]
        ]
      },
      "properties": {
        "month": "202509",
        "value": 10.18,
        "units": "degC"
      }
    },
    {
      "type": "Feature",
      "geometry": {
        "type": "Polygon",
        "coordinates": [
          [
            [
              78.4375,
              42.75
            ],
            [
              78.4375,
              43.25
            ],
            [
              79.0625,
              43.25
            ],
            [
              79.0625,
              42.75
            ],
            [
              78.4375,
              42.75
            ]
          ]
        ]
      },
      "properties": {
        "month": "202509",
        "value": 13.05,
        "units": "degC"
      }
    },
    {
      "type": "Feature",
      "geometry": {
        "type": "Polygon",
        "coordinates": [
          [
            [
              79.0625,
              42.75
            ],
            [
              79.0625,
              43.25
            ],
            [
              79.6875,
              43.25
            ],
            [
              79.6875,
              42.75
            ],
            [
              79.0625,
              42.75
            ]
          ]
        ]
      },
      "properties": {
        "month": "202509",
        "value": 11.55,
        "units": "degC"
      }
    },
    {
      "type": "Feature",
      "geometry": {
        "type": "Polygon",
        "coordinates": [
          [
            [
              79.6875,
              42.75
            ],
            [
              79.6875,
              43.25
            ],
            [
              80.3125,
              43.25
            ],
            [
              80.3125,
              42.75
            ],
            [
              79.6875,
              42.75
            ]
          ]
        ]
      },
      "properties": {
        "month": "202509",
        "value": 9.51,
        "units": "degC"
      }
    },
    {
      "type": "Feature",
      "geometry": {
        "type": "Polygon",
        "coordinates": [
          [
            [
              75.9375,
              43.25
            ],
            [
              75.9375,
              43.75
            ],
            [
              76.5625,
              43.75
            ],
            [
              76.5625,
              43.25
            ],
            [
              75.9375,
              43.25
            ]
          ]
        ]
      },
      "properties": {
        "month": "202509",
        "value": 19.49,
        "units": "degC"
      }
    },
    {
      "type": "Feature",
      "geometry": {
        "type": "Polygon",
        "coordinates": [
          [
            [
              76.5625,
              43.25
            ],
            [
              76.5625,
              43.75
            ],
            [
              77.1875,
              43.75
            ],
            [
              77.1875,
              43.25
            ],
            [
              76.5625,
              43.25
            ]
          ]
        ]
      },
      "properties": {
        "month": "202509",
        "value": 20.34,
        "units": "degC"
      }
    },
    {
      "type": "Feature",
      "geometry": {
        "type": "Polygon",
        "coordinates": [
          [
            [
              77.1875,
              43.25
            ],
            [
              77.1875,
              43.75
            ],
            [
              77.8125,
              43.75
            ],
            [
              77.8125,
              43.25
            ],
            [
              77.1875,
              43.25
            ]
          ]
        ]
      },
      "properties": {
        "month": "202509",
        "value": 19.66,
        "units": "degC"
      }
    },
    {
      "type": "Feature",
      "geometry": {
        "type": "Polygon",
        "coordinates": [
          [
            [
              77.8125,
              43.25
            ],
            [
              77.8125,
              43.75
            ],
            [
              78.4375,
              43.75
            ],
            [
              78.4375,
              43.25
            ],
            [
              77.8125,
              43.25
            ]
          ]
        ]
      },
      "properties": {
        "month": "202509",
        "value": 16.92,
        "units": "degC"
      }
    },
    {
      "type": "Feature",
      "geometry": {
        "type": "Polygon",
        "coordinates": [
          [
            [
              78.4375,
              43.25
            ],
            [
              78.4375,
              43.75
            ],
            [
              79.0625,
              43.75
            ],
            [
              79.0625,
              43.25
            ],
            [
              78.4375,
              43.25
            ]
          ]
        ]
      },
      "properties": {
        "month": "202509",
        "value": 17.25,
        "units": "degC"
      }
    },
    {
      "type": "Feature",
      "geometry": {
        "type": "Polygon",
        "coordinates": [
          [
            [
              79.0625,
              43.25
            ],
            [
              79.0625,
              43.75
            ],
            [
              79.6875,
              43.75
            ],
            [
              79.6875,
              43.25
            ],
            [
              79.0625,
              43.25
            ]
          ]
        ]
      },
      "properties": {
        "month": "202509",
        "value": 17.9,
        "units": "degC"
      }
    },
    {
      "type": "Feature",
      "geometry": {
        "type": "Polygon",
        "coordinates": [
          [
            [
              79.6875,
              43.25
            ],
            [
              79.6875,
              43.75
            ],
            [
              80.3125,
              43.75
            ],
            [
              80.3125,
              43.25
            ],
            [
              79.6875,
              43.25
            ]
          ]
        ]
      },
      "properties": {
        "month": "202509",
        "value": 16.99,
        "units": "degC"
      }
    },
    {
      "type": "Feature",
      "geometry": {
        "type": "Polygon",
        "coordinates": [
          [
            [
              75.9375,
              43.75
            ],
            [
              75.9375,
              44.25
            ],
            [
              76.5625,
              44.25
            ],
            [
              76.5625,
              43.75
            ],
            [
              75.9375,
              43.75
            ]
          ]
        ]
      },
      "properties": {
        "month": "202509",
        "value": 18.62,
        "units": "degC"
      }
    },
    {
      "type": "Feature",
      "geometry": {
        "type": "Polygon",
        "coordinates": [
          [
            [
              76.5625,
              43.75
            ],
            [
              76.5625,
              44.25
            ],
            [
              77.1875,
              44.25
            ],
            [
              77.1875,
              43.75
            ],
            [
              76.5625,
              43.75
            ]
          ]
        ]
      },
      "properties": {
        "month": "202509",
        "value": 19.09,
        "units": "degC"
      }
    },
    {
      "type": "Feature",
      "geometry": {
        "type": "Polygon",
        "coordinates": [
          [
            [
              77.1875,
              43.75
            ],
            [
              77.1875,
              44.25
            ],
            [
              77.8125,
              44.25
            ],
            [
              77.8125,
              43.75
            ],
            [
              77.1875,
              43.75
            ]
          ]
        ]
      },
      "properties": {
        "month": "202509",
        "value": 19.45,
        "units": "degC"
      }
    },
    {
      "type": "Feature",
      "geometry": {
        "type": "Polygon",
        "coordinates": [
          [
            [
              77.8125,
              43.75
            ],
            [
              77.8125,
              44.25
            ],
            [
              78.4375,
              44.25
            ],
            [
              78.4375,
              43.75
            ],
            [
              77.8125,
              43.75
            ]
          ]
        ]
      },
      "properties": {
        "month": "202509",
        "value": 17.58,
        "units": "degC"
      }
    },
    {
      "type": "Feature",
      "geometry": {
        "type": "Polygon",
        "coordinates": [
          [
            [
              78.4375,
              43.75
            ],
            [
              78.4375,
              44.25
            ],
            [
              79.0625,
              44.25
            ],
            [
              79.0625,
              43.75
            ],
            [
              78.4375,
              43.75
            ]
          ]
        ]
      },
      "properties": {
        "month": "202509",
        "value": 18.35,
        "units": "degC"
      }
    },
    {
      "type": "Feature",
      "geometry": {
        "type": "Polygon",
        "coordinates": [
          [
            [
              79.0625,
              43.75
            ],
            [
              79.0625,
              44.25
            ],
            [
              79.6875,
              44.25
            ],
            [
              79.6875,
              43.75
            ],
            [
              79.0625,
              43.75
            ]
          ]
        ]
      },
      "properties": {
        "month": "202509",
        "value": 19.4,
        "units": "degC"
      }
    },
    {
      "type": "Feature",
      "geometry": {
        "type": "Polygon",
        "coordinates": [
          [
            [
              79.6875,
              43.75
            ],
            [
              79.6875,
              44.25
            ],
            [
              80.3125,
              44.25
            ],
            [
              80.3125,
              43.75
            ],
            [
              79.6875,
              43.75
            ]
          ]
        ]
      },
      "properties": {
        "month": "202509",
        "value": 20.28,
        "units": "degC"
      }
    },
    {
      "type": "Feature",
      "geometry": {
        "type": "Polygon",
        "coordinates": [
          [
            [
              75.9375,
              44.25
            ],
            [
              75.9375,
              44.75
            ],
            [
              76.5625,
              44.75
            ],
            [
              76.5625,
              44.25
            ],
            [
              75.9375,
              44.25
            ]
          ]
        ]
      },
      "properties": {
        "month": "202509",
        "value": 19.33,
        "units": "degC"
      }
    },
    {
      "type": "Feature",
      "geometry": {
        "type": "Polygon",
        "coordinates": [
          [
            [
              76.5625,
              44.25
            ],
            [
              76.5625,
              44.75
            ],
            [
              77.1875,
              44.75
            ],
            [
              77.1875,
              44.25
            ],
            [
              76.5625,
              44.25
            ]
          ]
        ]
      },
      "properties": {
        "month": "202509",
        "value": 19.38,
        "units": "degC"
      }
    },
    {
      "type": "Feature",
      "geometry": {
        "type": "Polygon",
        "coordinates": [
          [
            [
              77.1875,
              44.25
            ],
            [
              77.1875,
              44.75
            ],
            [
              77.8125,
              44.75
            ],
            [
              77.8125,
              44.25
            ],
            [
              77.1875,
              44.25
            ]
          ]
        ]
      },
      "properties": {
        "month": "202509",
        "value": 17.63,
        "units": "degC"
      }
    },
    {
      "type": "Feature",
      "geometry": {
        "type": "Polygon",
        "coordinates": [
          [
            [
              77.8125,
              44.25
            ],
            [
              77.8125,
              44.75
            ],
            [
              78.4375,
              44.75
            ],
            [
              78.4375,
              44.25
            ],
            [
              77.8125,
              44.25
            ]
          ]
        ]
      },
      "properties": {
        "month": "202509",
        "value": 16.24,
        "units": "degC"
      }
    },
    {
      "type": "Feature",
      "geometry": {
        "type": "Polygon",
        "coordinates": [
          [
            [
              78.4375,
              44.25
            ],
            [
              78.4375,
              44.75
            ],
            [
              79.0625,
              44.75
            ],
            [
              79.0625,
              44.25
            ],
            [
              78.4375,
              44.25
            ]
          ]
        ]
      },
      "properties": {
        "month": "202509",
        "value": 12.93,
        "units": "degC"
      }
    },
    {
      "type": "Feature",
      "geometry": {
        "type": "Polygon",
        "coordinates": [
          [
            [
              79.0625,
              44.25
            ],
            [
              79.0625,
              44.75
            ],
            [
              79.6875,
              44.75
            ],
            [
              79.6875,
              44.25
            ],
            [
              79.0625,
              44.25
            ]
          ]
        ]
      },
      "properties": {
        "month": "202509",
        "value": 10.25,
        "units": "degC"
      }
    },
    {
      "type": "Feature",
      "geometry": {
        "type": "Polygon",
        "coordinates": [
          [
            [
              79.6875,
              44.25
            ],
            [
              79.6875,
              44.75
            ],
            [
              80.3125,
              44.75
            ],
            [
              80.3125,
              44.25
            ],
            [
              79.6875,
              44.25
            ]
          ]
        ]
      },
      "properties": {
        "month": "202509",
        "value": 10.09,
        "units": "degC"
      }
    },
    {
      "type": "Feature",
      "geometry": {
        "type": "Polygon",
        "coordinates": [
          [
            [
              75.9375,
              44.75
            ],
            [
              75.9375,
              45.25
            ],
            [
              76.5625,
              45.25
            ],
            [
              76.5625,
              44.75
            ],
            [
              75.9375,
              44.75
            ]
          ]
        ]
      },
      "properties": {
        "month": "202509",
        "value": 18.86,
        "units": "degC"
      }
    },
    {
      "type": "Feature",
      "geometry": {
        "type": "Polygon",
        "coordinates": [
          [
            [
              76.5625,
              44.75
            ],
            [
              76.5625,
              45.25
            ],
            [
              77.1875,
              45.25
            ],
            [
              77.1875,
              44.75
            ],
            [
              76.5625,
              44.75
            ]
          ]
        ]
      },
      "properties": {
        "month": "202509",
        "value": 18.92,
        "units": "degC"
      }
    },
    {
      "type": "Feature",
      "geometry": {
        "type": "Polygon",
        "coordinates": [
          [
            [
              77.1875,
              44.75
            ],
            [
              77.1875,
              45.25
            ],
            [
              77.8125,
              45.25
            ],
            [
              77.8125,
              44.75
            ],
            [
              77.1875,
              44.75
            ]
          ]
        ]
      },
      "properties": {
        "month": "202509",
        "value": 18.47,
        "units": "degC"
      }
    },
    {
      "type": "Feature",
      "geometry": {
        "type": "Polygon",
        "coordinates": [
          [
            [
              77.8125,
              44.75
            ],
            [
              77.8125,
              45.25
            ],
            [
              78.4375,
              45.25
            ],
            [
              78.4375,
              44.75
            ],
            [
              77.8125,
              44.75
            ]
          ]
        ]
      },
      "properties": {
        "month": "202509",
        "value": 17.52,
        "units": "degC"
      }
    },
    {
      "type": "Feature",
      "geometry": {
        "type": "Polygon",
        "coordinates": [
          [
            [
              78.4375,
              44.75
            ],
            [
              78.4375,
              45.25
            ],
            [
              79.0625,
              45.25
            ],
            [
              79.0625,
              44.75
            ],
            [
              78.4375,
              44.75
            ]
          ]
        ]
      },
      "properties": {
        "month": "202509",
        "value": 14.25,
        "units": "degC"
      }
    },
    {
      "type": "Feature",
      "geometry": {
        "type": "Polygon",
        "coordinates": [
          [
            [
              79.0625,
              44.75
            ],
            [
              79.0625,
              45.25
            ],
            [
              79.6875,
              45.25
            ],
            [
              79.6875,
              44.75
            ],
            [
              79.0625,
              44.75
            ]
          ]
        ]
      },
      "properties": {
        "month": "202509",
        "value": 8.22,
        "units": "degC"
      }
    },
    {
      "type": "Feature",
      "geometry": {
        "type": "Polygon",
        "coordinates": [
          [
            [
              79.6875,
              44.75
            ],
            [
              79.6875,
              45.25
            ],
            [
              80.3125,
              45.25
            ],
            [
              80.3125,
              44.75
            ],
            [
              79.6875,
              44.75
            ]
          ]
        ]
      },
      "properties": {
        "month": "202509",
        "value": 4.83,
        "units": "degC"
      }
    },
    {
      "type": "Feature",
      "geometry": {
        "type": "Polygon",
        "coordinates": [
          [
            [
              75.9375,
              45.25
            ],
            [
              75.9375,
              45.75
            ],
            [
              76.5625,
              45.75
            ],
            [
              76.5625,
              45.25
            ],
            [
              75.9375,
              45.25
            ]
          ]
        ]
      },
      "properties": {
        "month": "202509",
        "value": 18.17,
        "units": "degC"
      }
    },
    {
      "type": "Feature",
      "geometry": {
        "type": "Polygon",
        "coordinates": [
          [
            [
              76.5625,
              45.25
            ],
            [
              76.5625,
              45.75
            ],
            [
              77.1875,
              45.75
            ],
            [
              77.1875,
              45.25
            ],
            [
              76.5625,
              45.25
            ]
          ]
        ]
      },
      "properties": {
        "month": "202509",
        "value": 18.29,
        "units": "degC"
      }
    },
    {
      "type": "Feature",
      "geometry": {
        "type": "Polygon",
        "coordinates": [
          [
            [
              77.1875,
              45.25
            ],
            [
              77.1875,
              45.75
            ],
            [
              77.8125,
              45.75
            ],
            [
              77.8125,
              45.25
            ],
            [
              77.1875,
              45.25
            ]
          ]
        ]
      },
      "properties": {
        "month": "202509",
        "value": 18.15,
        "units": "degC"
      }
    },
    {
      "type": "Feature",
      "geometry": {
        "type": "Polygon",
        "coordinates": [
          [
            [
              77.8125,
              45.25
            ],
            [
              77.8125,
              45.75
            ],
            [
              78.4375,
              45.75
            ],
            [
              78.4375,
              45.25
            ],
            [
              77.8125,
              45.25
            ]
          ]
        ]
      },
      "properties": {
        "month": "202509",
        "value": 17.73,
        "units": "degC"
      }
    },
    {
      "type": "Feature",
      "geometry": {
        "type": "Polygon",
        "coordinates": [
          [
            [
              78.4375,
              45.25
            ],
            [
              78.4375,
              45.75
            ],
            [
              79.0625,
              45.75
            ],
            [
              79.0625,
              45.25
            ],
            [
              78.4375,
              45.25
            ]
          ]
        ]
      },
      "properties": {
        "month": "202509",
        "value": 17.36,
        "units": "degC"
      }
    },
    {
      "type": "Feature",
      "geometry": {
        "type": "Polygon",
        "coordinates": [
          [
            [
              79.0625,
              45.25
            ],
            [
              79.0625,
              45.75
            ],
            [
              79.6875,
              45.75
            ],
            [
              79.6875,
              45.25
            ],
            [
              79.0625,
              45.25
            ]
          ]
        ]
      },
      "properties": {
        "month": "202509",
        "value": 16.04,
        "units": "degC"
      }
    },
    {
      "type": "Feature",
      "geometry": {
        "type": "Polygon",
        "coordinates": [
          [
            [
              79.6875,
              45.25
            ],
            [
              79.6875,
              45.75
            ],
            [
              80.3125,
              45.75
            ],
            [
              80.3125,
              45.25
            ],
            [
              79.6875,
              45.25
            ]
          ]
        ]
      },
      "properties": {
        "month": "202509",
        "value": 14.35,
        "units": "degC"
      }
    },
    {
      "type": "Feature",
      "geometry": {
        "type": "Polygon",
        "coordinates": [
          [
            [
              75.9375,
              45.75
            ],
            [
              75.9375,
              46.25
            ],
            [
              76.5625,
              46.25
            ],
            [
              76.5625,
              45.75
            ],
            [
              75.9375,
              45.75
            ]
          ]
        ]
      },
      "properties": {
        "month": "202509",
        "value": 17.59,
        "units": "degC"
      }
    },
    {
      "type": "Feature",
      "geometry": {
        "type": "Polygon",
        "coordinates": [
          [
            [
              76.5625,
              45.75
            ],
            [
              76.5625,
              46.25
            ],
            [
              77.1875,
              46.25
            ],
            [
              77.1875,
              45.75
            ],
            [
              76.5625,
              45.75
            ]
          ]
        ]
      },
      "properties": {
        "month": "202509",
        "value": 17.61,
        "units": "degC"
      }
    },
    {
      "type": "Feature",
      "geometry": {
        "type": "Polygon",
        "coordinates": [
          [
            [
              77.1875,
              45.75
            ],
            [
              77.1875,
              46.25
            ],
            [
              77.8125,
              46.25
            ],
            [
              77.8125,
              45.75
            ],
            [
              77.1875,
              45.75
            ]
          ]
        ]
      },
      "properties": {
        "month": "202509",
        "value": 17.8,
        "units": "degC"
      }
    },
    {
      "type": "Feature",
      "geometry": {
        "type": "Polygon",
        "coordinates": [
          [
            [
              77.8125,
              45.75
            ],
            [
              77.8125,
              46.25
            ],
            [
              78.4375,
              46.25
            ],
            [
              78.4375,
              45.75
            ],
            [
              77.8125,
              45.75
            ]
          ]
        ]
      },
      "properties": {
        "month": "202509",
        "value": 17.81,
        "units": "degC"
      }
    },
    {
      "type": "Feature",
      "geometry": {
        "type": "Polygon",
        "coordinates": [
          [
            [
              78.4375,
              45.75
            ],
            [
              78.4375,
              46.25
            ],
            [
              79.0625,
              46.25
            ],
            [
              79.0625,
              45.75
            ],
            [
              78.4375,
              45.75
            ]
          ]
        ]
      },
      "properties": {
        "month": "202509",
        "value": 17.64,
        "units": "degC"
      }
    },
    {
      "type": "Feature",
      "geometry": {
        "type": "Polygon",
        "coordinates": [
          [
            [
              79.0625,
              45.75
            ],
            [
              79.0625,
              46.25
            ],
            [
              79.6875,
              46.25
            ],
            [
              79.6875,
              45.75
            ],
            [
              79.0625,
              45.75
            ]
          ]
        ]
      },
      "properties": {
        "month": "202509",
        "value": 17.32,
        "units": "degC"
      }
    },
    {
      "type": "Feature",
      "geometry": {
        "type": "Polygon",
        "coordinates": [
          [
            [
              79.6875,
              45.75
            ],
            [
              79.6875,
              46.25
            ],
            [
              80.3125,
              46.25
            ],
            [
              80.3125,
              45.75
            ],
            [
              79.6875,
              45.75
            ]
          ]
        ]
      },
      "properties": {
        "month": "202509",
        "value": 17.28,
        "units": "degC"
      }
    },
    {
      "type": "Feature",
      "geometry": {
        "type": "Polygon",
        "coordinates": [
          [
            [
              75.9375,
              46.25
            ],
            [
              75.9375,
              46.75
            ],
            [
              76.5625,
              46.75
            ],
            [
              76.5625,
              46.25
            ],
            [
              75.9375,
              46.25
            ]
          ]
        ]
      },
      "properties": {
        "month": "202509",
        "value": 17.22,
        "units": "degC"
      }
    },
    {
      "type": "Feature",
      "geometry": {
        "type": "Polygon",
        "coordinates": [
          [
            [
              76.5625,
              46.25
            ],
            [
              76.5625,
              46.75
            ],
            [
              77.1875,
              46.75
            ],
            [
              77.1875,
              46.25
            ],
            [
              76.5625,
              46.25
            ]
          ]
        ]
      },
      "properties": {
        "month": "202509",
        "value": 17.2,
        "units": "degC"
      }
    },
    {
      "type": "Feature",
      "geometry": {
        "type": "Polygon",
        "coordinates": [
          [
            [
              77.1875,
              46.25
            ],
            [
              77.1875,
              46.75
            ],
            [
              77.8125,
              46.75
            ],
            [
              77.8125,
              46.25
            ],
            [
              77.1875,
              46.25
            ]
          ]
        ]
      },
      "properties": {
        "month": "202509",
        "value": 17.41,
        "units": "degC"
      }
    },
    {
      "type": "Feature",
      "geometry": {
        "type": "Polygon",
        "coordinates": [
          [
            [
              77.8125,
              46.25
            ],
            [
              77.8125,
              46.75
            ],
            [
              78.4375,
              46.75
            ],
            [
              78.4375,
              46.25
            ],
            [
              77.8125,
              46.25
            ]
          ]
        ]
      },
      "properties": {
        "month": "202509",
        "value": 17.43,
        "units": "degC"
      }
    },
    {
      "type": "Feature",
      "geometry": {
        "type": "Polygon",
        "coordinates": [
          [
            [
              78.4375,
              46.25
            ],
            [
              78.4375,
              46.75
            ],
            [
              79.0625,
              46.75
            ],
            [
              79.0625,
              46.25
            ],
            [
              78.4375,
              46.25
            ]
          ]
        ]
      },
      "properties": {
        "month": "202509",
        "value": 17.25,
        "units": "degC"
      }
    },
    {
      "type": "Feature",
      "geometry": {
        "type": "Polygon",
        "coordinates": [
          [
            [
              79.0625,
              46.25
            ],
            [
              79.0625,
              46.75
            ],
            [
              79.6875,
              46.75
            ],
            [
              79.6875,
              46.25
            ],
            [
              79.0625,
              46.25
            ]
          ]
        ]
      },
      "properties": {
        "month": "202509",
        "value": 16.69,
        "units": "degC"
      }
    },
    {
      "type": "Feature",
      "geometry": {
        "type": "Polygon",
        "coordinates": [
          [
            [
              79.6875,
              46.25
            ],
            [
              79.6875,
              46.75
            ],
            [
              80.3125,
              46.75
            ],
            [
              80.3125,
              46.25
            ],
            [
              79.6875,
              46.25
            ]
          ]
        ]
      },
      "properties": {
        "month": "202509",
        "value": 16.72,
        "units": "degC"
      }
    },
    {
      "type": "Feature",
      "geometry": {
        "type": "Polygon",
        "coordinates": [
          [
            [
              75.9375,
              46.75
            ],
            [
              75.9375,
              47.25
            ],
            [
              76.5625,
              47.25
            ],
            [
              76.5625,
              46.75
            ],
            [
              75.9375,
              46.75
            ]
          ]
        ]
      },
      "properties": {
        "month": "202509",
        "value": 16.23,
        "units": "degC"
      }
    },
    {
      "type": "Feature",
      "geometry": {
        "type": "Polygon",
        "coordinates": [
          [
            [
              76.5625,
              46.75
            ],
            [
              76.5625,
              47.25
            ],
            [
              77.1875,
              47.25
            ],
            [
              77.1875,
              46.75
            ],
            [
              76.5625,
              46.75
            ]
          ]
        ]
      },
      "properties": {
        "month": "202509",
        "value": 15.99,
        "units": "degC"
      }
    },
    {
      "type": "Feature",
      "geometry": {
        "type": "Polygon",
        "coordinates": [
          [
            [
              77.1875,
              46.75
            ],
            [
              77.1875,
              47.25
            ],
            [
              77.8125,
              47.25
            ],
            [
              77.8125,
              46.75
            ],
            [
              77.1875,
              46.75
            ]
          ]
        ]
      },
      "properties": {
        "month": "202509",
        "value": 15.77,
        "units": "degC"
      }
    },
    {
      "type": "Feature",
      "geometry": {
        "type": "Polygon",
        "coordinates": [
          [
            [
              77.8125,
              46.75
            ],
            [
              77.8125,
              47.25
            ],
            [
              78.4375,
              47.25
            ],
            [
              78.4375,
              46.75
            ],
            [
              77.8125,
              46.75
            ]
          ]
        ]
      },
      "properties": {
        "month": "202509",
        "value": 15.74,
        "units": "degC"
      }
    },
    {
      "type": "Feature",
      "geometry": {
        "type": "Polygon",
        "coordinates": [
          [
            [
              78.4375,
              46.75
            ],
            [
              78.4375,
              47.25
            ],
            [
              79.0625,
              47.25
            ],
            [
              79.0625,
              46.75
            ],
            [
              78.4375,
              46.75
            ]
          ]
        ]
      },
      "properties": {
        "month": "202509",
        "value": 15.99,
        "units": "degC"
      }
    },
    {
      "type": "Feature",
      "geometry": {
        "type": "Polygon",
        "coordinates": [
          [
            [
              79.0625,
              46.75
            ],
            [
              79.0625,
              47.25
            ],
            [
              79.6875,
              47.25
            ],
            [
              79.6875,
              46.75
            ],
            [
              79.0625,
              46.75
            ]
          ]
        ]
      },
      "properties": {
        "month": "202509",
        "value": 16.54,
        "units": "degC"
      }
    },
    {
      "type": "Feature",
      "geometry": {
        "type": "Polygon",
        "coordinates": [
          [
            [
              79.6875,
              46.75
            ],
            [
              79.6875,
              47.25
            ],
            [
              80.3125,
              47.25
            ],
            [
              80.3125,
              46.75
            ],
            [
              79.6875,
              46.75
            ]
          ]
        ]
      },
      "properties": {
        "month": "202509",
        "value": 16.68,
        "units": "degC"
      }
    },
    {
      "type": "Feature",
      "geometry": {
        "type": "Polygon",
        "coordinates": [
          [
            [
              75.9375,
              47.25
            ],
            [
              75.9375,
              47.75
            ],
            [
              76.5625,
              47.75
            ],
            [
              76.5625,
              47.25
            ],
            [
              75.9375,
              47.25
            ]
          ]
        ]
      },
      "properties": {
        "month": "202509",
        "value": 14.76,
        "units": "degC"
      }
    },
    {
      "type": "Feature",
      "geometry": {
        "type": "Polygon",
        "coordinates": [
          [
            [
              76.5625,
              47.25
            ],
            [
              76.5625,
              47.75
            ],
            [
              77.1875,
              47.75
            ],
            [
              77.1875,
              47.25
            ],
            [
              76.5625,
              47.25
            ]
          ]
        ]
      },
      "properties": {
        "month": "202509",
        "value": 14.43,
        "units": "degC"
      }
    },
    {
      "type": "Feature",
      "geometry": {
        "type": "Polygon",
        "coordinates": [
          [
            [
              77.1875,
              47.25
            ],
            [
              77.1875,
              47.75
            ],
            [
              77.8125,
              47.75
            ],
            [
              77.8125,
              47.25
            ],
            [
              77.1875,
              47.25
            ]
          ]
        ]
      },
      "properties": {
        "month": "202509",
        "value": 14.0,
        "units": "degC"
      }
    },
    {
      "type": "Feature",
      "geometry": {
        "type": "Polygon",
        "coordinates": [
          [
            [
              77.8125,
              47.25
            ],
            [
              77.8125,
              47.75
            ],
            [
              78.4375,
              47.75
            ],
            [
              78.4375,
              47.25
            ],
            [
              77.8125,
              47.25
            ]
          ]
        ]
      },
      "properties": {
        "month": "202509",
        "value": 13.98,
        "units": "degC"
      }
    },
    {
      "type": "Feature",
      "geometry": {
        "type": "Polygon",
        "coordinates": [
          [
            [
              78.4375,
              47.25
            ],
            [
              78.4375,
              47.75
            ],
            [
              79.0625,
              47.75
            ],
            [
              79.0625,
              47.25
            ],
            [
              78.4375,
              47.25
            ]
          ]
        ]
      },
      "properties": {
        "month": "202509",
        "value": 14.67,
        "units": "degC"
      }
    },
    {
      "type": "Feature",
      "geometry": {
        "type": "Polygon",
        "coordinates": [
          [
            [
              79.0625,
              47.25
            ],
            [
              79.0625,
              47.75
            ],
            [
              79.6875,
              47.75
            ],
            [
              79.6875,
              47.25
            ],
            [
              79.0625,
              47.25
            ]
          ]
        ]
      },
      "properties": {
        "month": "202509",
        "value": 15.14,
        "units": "degC"
      }
    },
    {
      "type": "Feature",
      "geometry": {
        "type": "Polygon",
        "coordinates": [
          [
            [
              79.6875,
              47.25
            ],
            [
              79.6875,
              47.75
            ],
            [
              80.3125,
              47.75
            ],
            [
              80.3125,
              47.25
            ],
            [
              79.6875,
              47.25
            ]
          ]
        ]
      },
      "properties": {
        "month": "202509",
        "value": 15.1,
        "units": "degC"
      }
    },
    {
      "type": "Feature",
      "geometry": {
        "type": "Polygon",
        "coordinates": [
          [
            [
              75.9375,
              47.75
            ],
            [
              75.9375,
              48.25
            ],
            [
              76.5625,
              48.25
            ],
            [
              76.5625,
              47.75
            ],
            [
              75.9375,
              47.75
            ]
          ]
        ]
      },
      "properties": {
        "month": "202509",
        "value": 13.05,
        "units": "degC"
      }
    },
    {
      "type": "Feature",
      "geometry": {
        "type": "Polygon",
        "coordinates": [
          [
            [
              76.5625,
              47.75
            ],
            [
              76.5625,
              48.25
            ],
            [
              77.1875,
              48.25
            ],
            [
              77.1875,
              47.75
            ],
            [
              76.5625,
              47.75
            ]
          ]
        ]
      },
      "properties": {
        "month": "202509",
        "value": 12.7,
        "units": "degC"
      }
    },
    {
      "type": "Feature",
      "geometry": {
        "type": "Polygon",
        "coordinates": [
          [
            [
              77.1875,
              47.75
            ],
            [
              77.1875,
              48.25
            ],
            [
              77.8125,
              48.25
            ],
            [
              77.8125,
              47.75
            ],
            [
              77.1875,
              47.75
            ]
          ]
        ]
      },
      "properties": {
        "month": "202509",
        "value": 12.62,
        "units": "degC"
      }
    },
    {
      "type": "Feature",
      "geometry": {
        "type": "Polygon",
        "coordinates": [
          [
            [
              77.8125,
              47.75
            ],
            [
              77.8125,
              48.25
            ],
            [
              78.4375,
              48.25
            ],
            [
              78.4375,
              47.75
            ],
            [
              77.8125,
              47.75
            ]
          ]
        ]
      },
      "properties": {
        "month": "202509",
        "value": 13.07,
        "units": "degC"
      }
    },
    {
      "type": "Feature",
      "geometry": {
        "type": "Polygon",
        "coordinates": [
          [
            [
              78.4375,
              47.75
            ],
            [
              78.4375,
              48.25
            ],
            [
              79.0625,
              48.25
            ],
            [
              79.0625,
              47.75
            ],
            [
              78.4375,
              47.75
            ]
          ]
        ]
      },
      "properties": {
        "month": "202509",
        "value": 13.24,
        "units": "degC"
      }
    },
    {
      "type": "Feature",
      "geometry": {
        "type": "Polygon",
        "coordinates": [
          [
            [
              79.0625,
              47.75
            ],
            [
              79.0625,
              48.25
            ],
            [
              79.6875,
              48.25
            ],
            [
              79.6875,
              47.75
            ],
            [
              79.0625,
              47.75
            ]
          ]
        ]
      },
      "properties": {
        "month": "202509",
        "value": 12.64,
        "units": "degC"
      }
    },
    {
      "type": "Feature",
      "geometry": {
        "type": "Polygon",
        "coordinates": [
          [
            [
              79.6875,
              47.75
            ],
            [
              79.6875,
              48.25
            ],
            [
              80.3125,
              48.25
            ],
            [
              80.3125,
              47.75
            ],
            [
              79.6875,
              47.75
            ]
          ]
        ]
      },
      "properties": {
        "month": "202509",
        "value": 12.62,
        "units": "degC"
      }
    },
    {
      "type": "Feature",
      "geometry": {
        "type": "Polygon",
        "coordinates": [
          [
            [
              75.9375,
              48.25
            ],
            [
              75.9375,
              48.75
            ],
            [
              76.5625,
              48.75
            ],
            [
              76.5625,
              48.25
            ],
            [
              75.9375,
              48.25
            ]
          ]
        ]
      },
      "properties": {
        "month": "202509",
        "value": 11.35,
        "units": "degC"
      }
    },
    {
      "type": "Feature",
      "geometry": {
        "type": "Polygon",
        "coordinates": [
          [
            [
              76.5625,
              48.25
            ],
            [
              76.5625,
              48.75
            ],
            [
              77.1875,
              48.75
            ],
            [
              77.1875,
              48.25
            ],
            [
              76.5625,
              48.25
            ]
          ]
        ]
      },
      "properties": {
        "month": "202509",
        "value": 11.34,
        "units": "degC"
      }
    },
    {
      "type": "Feature",
      "geometry": {
        "type": "Polygon",
        "coordinates": [
          [
            [
              77.1875,
              48.25
            ],
            [
              77.1875,
              48.75
            ],
            [
              77.8125,
              48.75
            ],
            [
              77.8125,
              48.25
            ],
            [
              77.1875,
              48.25
            ]
          ]
        ]
      },
      "properties": {
        "month": "202509",
        "value": 11.52,
        "units": "degC"
      }
    },
    {
      "type": "Feature",
      "geometry": {
        "type": "Polygon",
        "coordinates": [
          [
            [
              77.8125,
              48.25
            ],
            [
              77.8125,
              48.75
            ],
            [
              78.4375,
              48.75
            ],
            [
              78.4375,
              48.25
            ],
            [
              77.8125,
              48.25
            ]
          ]
        ]
      },
      "properties": {
        "month": "202509",
        "value": 11.64,
        "units": "degC"
      }
    },
    {
      "type": "Feature",
      "geometry": {
        "type": "Polygon",
        "coordinates": [
          [
            [
              78.4375,
              48.25
            ],
            [
              78.4375,
              48.75
            ],
            [
              79.0625,
              48.75
            ],
            [
              79.0625,
              48.25
            ],
            [
              78.4375,
              48.25
            ]
          ]
        ]
      },
      "properties": {
        "month": "202509",
        "value": 11.18,
        "units": "degC"
      }
    },
    {
      "type": "Feature",
      "geometry": {
        "type": "Polygon",
        "coordinates": [
          [
            [
              79.0625,
              48.25
            ],
            [
              79.0625,
              48.75
            ],
            [
              79.6875,
              48.75
            ],
            [
              79.6875,
              48.25
            ],
            [
              79.0625,
              48.25
            ]
          ]
        ]
      },
      "properties": {
        "month": "202509",
        "value": 11.18,
        "units": "degC"
      }
    },
    {
      "type": "Feature",
      "geometry": {
        "type": "Polygon",
        "coordinates": [
          [
            [
              79.6875,
              48.25
            ],
            [
              79.6875,
              48.75
            ],
            [
              80.3125,
              48.75
            ],
            [
              80.3125,
              48.25
            ],
            [
              79.6875,
              48.25
            ]
          ]
        ]
      },
      "properties": {
        "month": "202509",
        "value": 11.8,
        "units": "degC"
      }
    },
    {
      "type": "Feature",
      "geometry": {
        "type": "Polygon",
        "coordinates": [
          [
            [
              76.5625,
              48.75
            ],
            [
              75.9375,
              48.75
            ],
            [
              75.9375,
              49.0
            ],
            [
              76.5625,
              49.0
            ],
            [
              76.5625,
              48.75
            ]
          ]
        ]
      },
      "properties": {
        "month": "202509",
        "value": 10.04,
        "units": "degC"
      }
    },
    {
      "type": "Feature",
      "geometry": {
        "type": "Polygon",
        "coordinates": [
          [
            [
              77.1875,
              48.75
            ],
            [
              76.5625,
              48.75
            ],
            [
              76.5625,
              49.0
            ],
            [
              77.1875,
              49.0
            ],
            [
              77.1875,
              48.75
            ]
          ]
        ]
      },
      "properties": {
        "month": "202509",
        "value": 10.15,
        "units": "degC"
      }
    },
    {
      "type": "Feature",
      "geometry": {
        "type": "Polygon",
        "coordinates": [
          [
            [
              77.8125,
              48.75
            ],
            [
              77.1875,
              48.75
            ],
            [
              77.1875,
              49.0
            ],
            [
              77.8125,
              49.0
            ],
            [
              77.8125,
              48.75
            ]
          ]
        ]
      },
      "properties": {
        "month": "202509",
        "value": 10.59,
        "units": "degC"
      }
    },
    {
      "type": "Feature",
      "geometry": {
        "type": "Polygon",
        "coordinates": [
          [
            [
              78.4375,
              48.75
            ],
            [
              77.8125,
              48.75
            ],
            [
              77.8125,
              49.0
            ],
            [
              78.4375,
              49.0
            ],
            [
              78.4375,
              48.75
            ]
          ]
        ]
      },
      "properties": {
        "month": "202509",
        "value": 10.83,
        "units": "degC"
      }
    },
    {
      "type": "Feature",
      "geometry": {
        "type": "Polygon",
        "coordinates": [
          [
            [
              79.0625,
              48.75
            ],
            [
              78.4375,
              48.75
            ],
            [
              78.4375,
              49.0
            ],
            [
              79.0625,
              49.0
            ],
            [
              79.0625,
              48.75
            ]
          ]
        ]
      },
      "properties": {
        "month": "202509",
        "value": 11.29,
        "units": "degC"
      }
    },
    {
      "type": "Feature",
      "geometry": {
        "type": "Polygon",
        "coordinates": [
          [
            [
              79.6875,
              48.75
            ],
            [
              79.0625,
              48.75
            ],
            [
              79.0625,
              49.0
            ],
            [
              79.6875,
              49.0
            ],
            [
              79.6875,
              48.75
            ]
          ]
        ]
      },
      "properties": {
        "month": "202509",
        "value": 12.07,
        "units": "degC"
      }
    },
    {
      "type": "Feature",
      "geometry": {
        "type": "Polygon",
        "coordinates": [
          [
            [
              80.3125,
              48.75
            ],
            [
              79.6875,
              48.75
            ],
            [
              79.6875,
              49.0
            ],
            [
              80.3125,
              49.0
            ],
            [
              80.3125,
              48.75
            ]
          ]
        ]
      },
      "properties": {
        "month": "202509",
        "value": 12.24,
        "units": "degC"
      }
    },
    {
      "type": "Feature",
      "geometry": {
        "type": "Polygon",
        "coordinates": [
          [
            [
              80.3125,
              42.25
            ],
            [
              80.9375,
              42.25
            ],
            [
              80.9375,
              42.0
            ],
            [
              80.3125,
              42.0
            ],
            [
              80.3125,
              42.25
            ]
          ]
        ]
      },
      "properties": {
        "month": "202509",
        "value": 3.94,
        "units": "degC"
      }
    },
    {
      "type": "Feature",
      "geometry": {
        "type": "Polygon",
        "coordinates": [
          [
            [
              80.9375,
              42.25
            ],
            [
              81.5625,
              42.25
            ],
            [
              81.5625,
              42.0
            ],
            [
              80.9375,
              42.0
            ],
            [
              80.9375,
              42.25
            ]
          ]
        ]
      },
      "properties": {
        "month": "202509",
        "value": 9.23,
        "units": "degC"
      }
    },
    {
      "type": "Feature",
      "geometry": {
        "type": "Polygon",
        "coordinates": [
          [
            [
              81.5625,
              42.25
            ],
            [
              82.1875,
              42.25
            ],
            [
              82.1875,
              42.0
            ],
            [
              81.5625,
              42.0
            ],
            [
              81.5625,
              42.25
            ]
          ]
        ]
      },
      "properties": {
        "month": "202509",
        "value": 12.71,
        "units": "degC"
      }
    },
    {
      "type": "Feature",
      "geometry": {
        "type": "Polygon",
        "coordinates": [
          [
            [
              82.1875,
              42.25
            ],
            [
              82.8125,
              42.25
            ],
            [
              82.8125,
              42.0
            ],
            [
              82.1875,
              42.0
            ],
            [
              82.1875,
              42.25
            ]
          ]
        ]
      },
      "properties": {
        "month": "202509",
        "value": 16.45,
        "units": "degC"
      }
    },
    {
      "type": "Feature",
      "geometry": {
        "type": "Polygon",
        "coordinates": [
          [
            [
              82.8125,
              42.25
            ],
            [
              83.4375,
              42.25
            ],
            [
              83.4375,
              42.0
            ],
            [
              82.8125,
              42.0
            ],
            [
              82.8125,
              42.25
            ]
          ]
        ]
      },
      "properties": {
        "month": "202509",
        "value": 16.65,
        "units": "degC"
      }
    },
    {
      "type": "Feature",
      "geometry": {
        "type": "Polygon",
        "coordinates": [
          [
            [
              83.4375,
              42.25
            ],
            [
              84.0625,
              42.25
            ],
            [
              84.0625,
              42.0
            ],
            [
              83.4375,
              42.0
            ],
            [
              83.4375,
              42.25
            ]
          ]
        ]
      },
      "properties": {
        "month": "202509",
        "value": 15.29,
        "units": "degC"
      }
    },
    {
      "type": "Feature",
      "geometry": {
        "type": "Polygon",
        "coordinates": [
          [
            [
              80.3125,
              42.25
            ],
            [
              80.3125,
              42.75
            ],
            [
              80.9375,
              42.75
            ],
            [
              80.9375,
              42.25
            ],
            [
              80.3125,
              42.25
            ]
          ]
        ]
      },
      "properties": {
        "month": "202509",
        "value": 6.21,
        "units": "degC"
      }
    },
    {
      "type": "Feature",
      "geometry": {
        "type": "Polygon",
        "coordinates": [
          [
            [
              80.9375,
              42.25
            ],
            [
              80.9375,
              42.75
            ],
            [
              81.5625,
              42.75
            ],
            [
              81.5625,
              42.25
            ],
            [
              80.9375,
              42.25
            ]
          ]
        ]
      },
      "properties": {
        "month": "202509",
        "value": 5.23,
        "units": "degC"
      }
    },
    {
      "type": "Feature",
      "geometry": {
        "type": "Polygon",
        "coordinates": [
          [
            [
              81.5625,
              42.25
            ],
            [
              81.5625,
              42.75
            ],
            [
              82.1875,
              42.75
            ],
            [
              82.1875,
              42.25
            ],
            [
              81.5625,
              42.25
            ]
          ]
        ]
      },
      "properties": {
        "month": "202509",
        "value": 5.43,
        "units": "degC"
      }
    },
    {
      "type": "Feature",
      "geometry": {
        "type": "Polygon",
        "coordinates": [
          [
            [
              82.1875,
              42.25
            ],
            [
              82.1875,
              42.75
            ],
            [
              82.8125,
              42.75
            ],
            [
              82.8125,
              42.25
            ],
            [
              82.1875,
              42.25
            ]
          ]
        ]
      },
      "properties": {
        "month": "202509",
        "value": 6.85,
        "units": "degC"
      }
    },
    {
      "type": "Feature",
      "geometry": {
        "type": "Polygon",
        "coordinates": [
          [
            [
              82.8125,
              42.25
            ],
            [
              82.8125,
              42.75
            ],
            [
              83.4375,
              42.75
            ],
            [
              83.4375,
              42.25
            ],
            [
              82.8125,
              42.25
            ]
          ]
        ]
      },
      "properties": {
        "month": "202509",
        "value": 5.67,
        "units": "degC"
      }
    },
    {
      "type": "Feature",
      "geometry": {
        "type": "Polygon",
        "coordinates": [
          [
            [
              83.4375,
              42.25
            ],
            [
              83.4375,
              42.75
            ],
            [
              84.0625,
              42.75
            ],
            [
              84.0625,
              42.25
            ],
            [
              83.4375,
              42.25
            ]
          ]
        ]
      },
      "properties": {
        "month": "202509",
        "value": 6.11,
        "units": "degC"
      }
    },
    {
      "type": "Feature",
      "geometry": {
        "type": "Polygon",
        "coordinates": [
          [
            [
              80.3125,
              42.75
            ],
            [
              80.3125,
              43.25
            ],
            [
              80.9375,
              43.25
            ],
            [
              80.9375,
              42.75
            ],
            [
              80.3125,
              42.75
            ]
          ]
        ]
      },
      "properties": {
        "month": "202509",
        "value": 10.32,
        "units": "degC"
      }
    },
    {
      "type": "Feature",
      "geometry": {
        "type": "Polygon",
        "coordinates": [
          [
            [
              80.9375,
              42.75
            ],
            [
              80.9375,
              43.25
            ],
            [
              81.5625,
              43.25
            ],
            [
              81.5625,
              42.75
            ],
            [
              80.9375,
              42.75
            ]
          ]
        ]
      },
      "properties": {
        "month": "202509",
        "value": 11.7,
        "units": "degC"
      }
    },
    {
      "type": "Feature",
      "geometry": {
        "type": "Polygon",
        "coordinates": [
          [
            [
              81.5625,
              42.75
            ],
            [
              81.5625,
              43.25
            ],
            [
              82.1875,
              43.25
            ],
            [
              82.1875,
              42.75
            ],
            [
              81.5625,
              42.75
            ]
          ]
        ]
      },
      "properties": {
        "month": "202509",
        "value": 12.66,
        "units": "degC"
      }
    },
    {
      "type": "Feature",
      "geometry": {
        "type": "Polygon",
        "coordinates": [
          [
            [
              82.1875,
              42.75
            ],
            [
              82.1875,
              43.25
            ],
            [
              82.8125,
              43.25
            ],
            [
              82.8125,
              42.75
            ],
            [
              82.1875,
              42.75
            ]
          ]
        ]
      },
      "properties": {
        "month": "202509",
        "value": 9.19,
        "units": "degC"
      }
    },
    {
      "type": "Feature",
      "geometry": {
        "type": "Polygon",
        "coordinates": [
          [
            [
              82.8125,
              42.75
            ],
            [
              82.8125,
              43.25
            ],
            [
              83.4375,
              43.25
            ],
            [
              83.4375,
              42.75
            ],
            [
              82.8125,
              42.75
            ]
          ]
        ]
      },
      "properties": {
        "month": "202509",
        "value": 6.33,
        "units": "degC"
      }
    },
    {
      "type": "Feature",
      "geometry": {
        "type": "Polygon",
        "coordinates": [
          [
            [
              83.4375,
              42.75
            ],
            [
              83.4375,
              43.25
            ],
            [
              84.0625,
              43.25
            ],
            [
              84.0625,
              42.75
            ],
            [
              83.4375,
              42.75
            ]
          ]
        ]
      },
      "properties": {
        "month": "202509",
        "value": 5.32,
        "units": "degC"
      }
    },
    {
      "type": "Feature",
      "geometry": {
        "type": "Polygon",
        "coordinates": [
          [
            [
              80.3125,
              43.25
            ],
            [
              80.3125,
              43.75
            ],
            [
              80.9375,
              43.75
            ],
            [
              80.9375,
              43.25
            ],
            [
              80.3125,
              43.25
            ]
          ]
        ]
      },
      "properties": {
        "month": "202509",
        "value": 14.91,
        "units": "degC"
      }
    },
    {
      "type": "Feature",
      "geometry": {
        "type": "Polygon",
        "coordinates": [
          [
            [
              80.9375,
              43.25
            ],
            [
              80.9375,
              43.75
            ],
            [
              81.5625,
              43.75
            ],
            [
              81.5625,
              43.25
            ],
            [
              80.9375,
              43.25
            ]
          ]
        ]
      },
      "properties": {
        "month": "202509",
        "value": 13.05,
        "units": "degC"
      }
    },
    {
      "type": "Feature",
      "geometry": {
        "type": "Polygon",
        "coordinates": [
          [
            [
              81.5625,
              43.25
            ],
            [
              81.5625,
              43.75
            ],
            [
              82.1875,
              43.75
            ],
            [
              82.1875,
              43.25
            ],
            [
              81.5625,
              43.25
            ]
          ]
        ]
      },
      "properties": {
        "month": "202509",
        "value": 16.14,
        "units": "degC"
      }
    },
    {
      "type": "Feature",
      "geometry": {
        "type": "Polygon",
        "coordinates": [
          [
            [
              82.1875,
              43.25
            ],
            [
              82.1875,
              43.75
            ],
            [
              82.8125,
              43.75
            ],
            [
              82.8125,
              43.25
            ],
            [
              82.1875,
              43.25
            ]
          ]
        ]
      },
      "properties": {
        "month": "202509",
        "value": 18.4,
        "units": "degC"
      }
    },
    {
      "type": "Feature",
      "geometry": {
        "type": "Polygon",
        "coordinates": [
          [
            [
              82.8125,
              43.25
            ],
            [
              82.8125,
              43.75
            ],
            [
              83.4375,
              43.75
            ],
            [
              83.4375,
              43.25
            ],
            [
              82.8125,
              43.25
            ]
          ]
        ]
      },
      "properties": {
        "month": "202509",
        "value": 16.55,
        "units": "degC"
      }
    },
    {
      "type": "Feature",
      "geometry": {
        "type": "Polygon",
        "coordinates": [
          [
            [
              83.4375,
              43.25
            ],
            [
              83.4375,
              43.75
            ],
            [
              84.0625,
              43.75
            ],
            [
              84.0625,
              43.25
            ],
            [
              83.4375,
              43.25
            ]
          ]
        ]
      },
      "properties": {
        "month": "202509",
        "value": 11.4,
        "units": "degC"
      }
    },
    {
      "type": "Feature",
      "geometry": {
        "type": "Polygon",
        "coordinates": [
          [
            [
              80.3125,
              43.75
            ],
            [
              80.3125,
              44.25
            ],
            [
              80.9375,
              44.25
            ],
            [
              80.9375,
              43.75
            ],
            [
              80.3125,
              43.75
            ]
          ]
        ]
      },
      "properties": {
        "month": "202509",
        "value": 19.92,
        "units": "degC"
      }
    },
    {
      "type": "Feature",
      "geometry": {
        "type": "Polygon",
        "coordinates": [
          [
            [
              80.9375,
              43.75
            ],
            [
              80.9375,
              44.25
            ],
            [
              81.5625,
              44.25
            ],
            [
              81.5625,
              43.75
            ],
            [
              80.9375,
              43.75
            ]
          ]
        ]
      },
      "properties": {
        "month": "202509",
        "value": 18.59,
        "units": "degC"
      }
    },
    {
      "type": "Feature",
      "geometry": {
        "type": "Polygon",
        "coordinates": [
          [
            [
              81.5625,
              43.75
            ],
            [
              81.5625,
              44.25
            ],
            [
              82.1875,
              44.25
            ],
            [
              82.1875,
              43.75
            ],
            [
              81.5625,
              43.75
            ]
          ]
        ]
      },
      "properties": {
        "month": "202509",
        "value": 14.93,
        "units": "degC"
      }
    },
    {
      "type": "Feature",
      "geometry": {
        "type": "Polygon",
        "coordinates": [
          [
            [
              82.1875,
              43.75
            ],
            [
              82.1875,
              44.25
            ],
            [
              82.8125,
              44.25
            ],
            [
              82.8125,
              43.75
            ],
            [
              82.1875,
              43.75
            ]
          ]
        ]
      },
      "properties": {
        "month": "202509",
        "value": 12.05,
        "units": "degC"
      }
    },
    {
      "type": "Feature",
      "geometry": {
        "type": "Polygon",
        "coordinates": [
          [
            [
              82.8125,
              43.75
            ],
            [
              82.8125,
              44.25
            ],
            [
              83.4375,
              44.25
            ],
            [
              83.4375,
              43.75
            ],
            [
              82.8125,
              43.75
            ]
          ]
        ]
      },
      "properties": {
        "month": "202509",
        "value": 8.7,
        "units": "degC"
      }
    },
    {
      "type": "Feature",
      "geometry": {
        "type": "Polygon",
        "coordinates": [
          [
            [
              83.4375,
              43.75
            ],
            [
              83.4375,
              44.25
            ],
            [
              84.0625,
              44.25
            ],
            [
              84.0625,
              43.75
            ],
            [
              83.4375,
              43.75
            ]
          ]
        ]
      },
      "properties": {
        "month": "202509",
        "value": 5.68,
        "units": "degC"
      }
    },
    {
      "type": "Feature",
      "geometry": {
        "type": "Polygon",
        "coordinates": [
          [
            [
              80.3125,
              44.25
            ],
            [
              80.3125,
              44.75
            ],
            [
              80.9375,
              44.75
            ],
            [
              80.9375,
              44.25
            ],
            [
              80.3125,
              44.25
            ]
          ]
        ]
      },
      "properties": {
        "month": "202509",
        "value": 10.95,
        "units": "degC"
      }
    },
    {
      "type": "Feature",
      "geometry": {
        "type": "Polygon",
        "coordinates": [
          [
            [
              80.9375,
              44.25
            ],
            [
              80.9375,
              44.75
            ],
            [
              81.5625,
              44.75
            ],
            [
              81.5625,
              44.25
            ],
            [
              80.9375,
              44.25
            ]
          ]
        ]
      },
      "properties": {
        "month": "202509",
        "value": 10.54,
        "units": "degC"
      }
    },
    {
      "type": "Feature",
      "geometry": {
        "type": "Polygon",
        "coordinates": [
          [
            [
              81.5625,
              44.25
            ],
            [
              81.5625,
              44.75
            ],
            [
              82.1875,
              44.75
            ],
            [
              82.1875,
              44.25
            ],
            [
              81.5625,
              44.25
            ]
          ]
        ]
      },
      "properties": {
        "month": "202509",
        "value": 11.4,
        "units": "degC"
      }
    },
    {
      "type": "Feature",
      "geometry": {
        "type": "Polygon",
        "coordinates": [
          [
            [
              82.1875,
              44.25
            ],
            [
              82.1875,
              44.75
            ],
            [
              82.8125,
              44.75
            ],
            [
              82.8125,
              44.25
            ],
            [
              82.1875,
              44.25
            ]
          ]
        ]
      },
      "properties": {
        "month": "202509",
        "value": 16.25,
        "units": "degC"
      }
    },
    {
      "type": "Feature",
      "geometry": {
        "type": "Polygon",
        "coordinates": [
          [
            [
              82.8125,
              44.25
            ],
            [
              82.8125,
              44.75
            ],
            [
              83.4375,
              44.75
            ],
            [
              83.4375,
              44.25
            ],
            [
              82.8125,
              44.25
            ]
          ]
        ]
      },
      "properties": {
        "month": "202509",
        "value": 15.12,
        "units": "degC"
      }
    },
    {
      "type": "Feature",
      "geometry": {
        "type": "Polygon",
        "coordinates": [
          [
            [
              83.4375,
              44.25
            ],
            [
              83.4375,
              44.75
            ],
            [
              84.0625,
              44.75
            ],
            [
              84.0625,
              44.25
            ],
            [
              83.4375,
              44.25
            ]
          ]
        ]
      },
      "properties": {
        "month": "202509",
        "value": 15.43,
        "units": "degC"
      }
    },
    {
      "type": "Feature",
      "geometry": {
        "type": "Polygon",
        "coordinates": [
          [
            [
              80.3125,
              44.75
            ],
            [
              80.3125,
              45.25
            ],
            [
              80.9375,
              45.25
            ],
            [
              80.9375,
              44.75
            ],
            [
              80.3125,
              44.75
            ]
          ]
        ]
      },
      "properties": {
        "month": "202509",
        "value": 4.69,
        "units": "degC"
      }
    },
    {
      "type": "Feature",
      "geometry": {
        "type": "Polygon",
        "coordinates": [
          [
            [
              80.9375,
              44.75
            ],
            [
              80.9375,
              45.25
            ],
            [
              81.5625,
              45.25
            ],
            [
              81.5625,
              44.75
            ],
            [
              80.9375,
              44.75
            ]
          ]
        ]
      },
      "properties": {
        "month": "202509",
        "value": 8.7,
        "units": "degC"
      }
    },
    {
      "type": "Feature",
      "geometry": {
        "type": "Polygon",
        "coordinates": [
          [
            [
              81.5625,
              44.75
            ],
            [
              81.5625,
              45.25
            ],
            [
              82.1875,
              45.25
            ],
            [
              82.1875,
              44.75
            ],
            [
              81.5625,
              44.75
            ]
          ]
        ]
      },
      "properties": {
        "month": "202509",
        "value": 12.79,
        "units": "degC"
      }
    },
    {
      "type": "Feature",
      "geometry": {
        "type": "Polygon",
        "coordinates": [
          [
            [
              82.1875,
              44.75
            ],
            [
              82.1875,
              45.25
            ],
            [
              82.8125,
              45.25
            ],
            [
              82.8125,
              44.75
            ],
            [
              82.1875,
              44.75
            ]
          ]
        ]
      },
      "properties": {
        "month": "202509",
        "value": 18.8,
        "units": "degC"
      }
    },
    {
      "type": "Feature",
      "geometry": {
        "type": "Polygon",
        "coordinates": [
          [
            [
              82.8125,
              44.75
            ],
            [
              82.8125,
              45.25
            ],
            [
              83.4375,
              45.25
            ],
            [
              83.4375,
              44.75
            ],
            [
              82.8125,
              44.75
            ]
          ]
        ]
      },
      "properties": {
        "month": "202509",
        "value": 17.98,
        "units": "degC"
      }
    },
    {
      "type": "Feature",
      "geometry": {
        "type": "Polygon",
        "coordinates": [
          [
            [
              83.4375,
              44.75
            ],
            [
              83.4375,
              45.25
            ],
            [
              84.0625,
              45.25
            ],
            [
              84.0625,
              44.75
            ],
            [
              83.4375,
              44.75
            ]
          ]
        ]
      },
      "properties": {
        "month": "202509",
        "value": 18.38,
        "units": "degC"
      }
    },
    {
      "type": "Feature",
      "geometry": {
        "type": "Polygon",
        "coordinates": [
          [
            [
              80.3125,
              45.25
            ],
            [
              80.3125,
              45.75
            ],
            [
              80.9375,
              45.75
            ],
            [
              80.9375,
              45.25
            ],
            [
              80.3125,
              45.25
            ]
          ]
        ]
      },
      "properties": {
        "month": "202509",
        "value": 11.28,
        "units": "degC"
      }
    },
    {
      "type": "Feature",
      "geometry": {
        "type": "Polygon",
        "coordinates": [
          [
            [
              80.9375,
              45.25
            ],
            [
              80.9375,
              45.75
            ],
            [
              81.5625,
              45.75
            ],
            [
              81.5625,
              45.25
            ],
            [
              80.9375,
              45.25
            ]
          ]
        ]
      },
      "properties": {
        "month": "202509",
        "value": 8.11,
        "units": "degC"
      }
    },
    {
      "type": "Feature",
      "geometry": {
        "type": "Polygon",
        "coordinates": [
          [
            [
              81.5625,
              45.25
            ],
            [
              81.5625,
              45.75
            ],
            [
              82.1875,
              45.75
            ],
            [
              82.1875,
              45.25
            ],
            [
              81.5625,
              45.25
            ]
          ]
        ]
      },
      "properties": {
        "month": "202509",
        "value": 12.34,
        "units": "degC"
      }
    },
    {
      "type": "Feature",
      "geometry": {
        "type": "Polygon",
        "coordinates": [
          [
            [
              82.1875,
              45.25
            ],
            [
              82.1875,
              45.75
            ],
            [
              82.8125,
              45.75
            ],
            [
              82.8125,
              45.25
            ],
            [
              82.1875,
              45.25
            ]
          ]
        ]
      },
      "properties": {
        "month": "202509",
        "value": 13.28,
        "units": "degC"
      }
    },
    {
      "type": "Feature",
      "geometry": {
        "type": "Polygon",
        "coordinates": [
          [
            [
              82.8125,
              45.25
            ],
            [
              82.8125,
              45.75
            ],
            [
              83.4375,
              45.75
            ],
            [
              83.4375,
              45.25
            ],
            [
              82.8125,
              45.25
            ]
          ]
        ]
      },
      "properties": {
        "month": "202509",
        "value": 9.03,
        "units": "degC"
      }
    },
    {
      "type": "Feature",
      "geometry": {
        "type": "Polygon",
        "coordinates": [
          [
            [
              83.4375,
              45.25
            ],
            [
              83.4375,
              45.75
            ],
            [
              84.0625,
              45.75
            ],
            [
              84.0625,
              45.25
            ],
            [
              83.4375,
              45.25
            ]
          ]
        ]
      },
      "properties": {
        "month": "202509",
        "value": 11.42,
        "units": "degC"
      }
    },
    {
      "type": "Feature",
      "geometry": {
        "type": "Polygon",
        "coordinates": [
          [
            [
              80.3125,
              45.75
            ],
            [
              80.3125,
              46.25
            ],
            [
              80.9375,
              46.25
            ],
            [
              80.9375,
              45.75
            ],
            [
              80.3125,
              45.75
            ]
          ]
        ]
      },
      "properties": {
        "month": "202509",
        "value": 16.57,
        "units": "degC"
      }
    },
    {
      "type": "Feature",
      "geometry": {
        "type": "Polygon",
        "coordinates": [
          [
            [
              80.9375,
              45.75
            ],
            [
              80.9375,
              46.25
            ],
            [
              81.5625,
              46.25
            ],
            [
              81.5625,
              45.75
            ],
            [
              80.9375,
              45.75
            ]
          ]
        ]
      },
      "properties": {
        "month": "202509",
        "value": 17.04,
        "units": "degC"
      }
    },
    {
      "type": "Feature",
      "geometry": {
        "type": "Polygon",
        "coordinates": [
          [
            [
              81.5625,
              45.75
            ],
            [
              81.5625,
              46.25
            ],
            [
              82.1875,
              46.25
            ],
            [
              82.1875,
              45.75
            ],
            [
              81.5625,
              45.75
            ]
          ]
        ]
      },
      "properties": {
        "month": "202509",
        "value": 18.69,
        "units": "degC"
      }
    },
    {
      "type": "Feature",
      "geometry": {
        "type": "Polygon",
        "coordinates": [
          [
            [
              82.1875,
              45.75
            ],
            [
              82.1875,
              46.25
            ],
            [
              82.8125,
              46.25
            ],
            [
              82.8125,
              45.75
            ],
            [
              82.1875,
              45.75
            ]
          ]
        ]
      },
      "properties": {
        "month": "202509",
        "value": 14.36,
        "units": "degC"
      }
    },
    {
      "type": "Feature",
      "geometry": {
        "type": "Polygon",
        "coordinates": [
          [
            [
              82.8125,
              45.75
            ],
            [
              82.8125,
              46.25
            ],
            [
              83.4375,
              46.25
            ],
            [
              83.4375,
              45.75
            ],
            [
              82.8125,
              45.75
            ]
          ]
        ]
      },
      "properties": {
        "month": "202509",
        "value": 11.89,
        "units": "degC"
      }
    },
    {
      "type": "Feature",
      "geometry": {
        "type": "Polygon",
        "coordinates": [
          [
            [
              83.4375,
              45.75
            ],
            [
              83.4375,
              46.25
            ],
            [
              84.0625,
              46.25
            ],
            [
              84.0625,
              45.75
            ],
            [
              83.4375,
              45.75
            ]
          ]
        ]
      },
      "properties": {
        "month": "202509",
        "value": 12.88,
        "units": "degC"
      }
    },
    {
      "type": "Feature",
      "geometry": {
        "type": "Polygon",
        "coordinates": [
          [
            [
              80.3125,
              46.25
            ],
            [
              80.3125,
              46.75
            ],
            [
              80.9375,
              46.75
            ],
            [
              80.9375,
              46.25
            ],
            [
              80.3125,
              46.25
            ]
          ]
        ]
      },
      "properties": {
        "month": "202509",
        "value": 17.68,
        "units": "degC"
      }
    },
    {
      "type": "Feature",
      "geometry": {
        "type": "Polygon",
        "coordinates": [
          [
            [
              80.9375,
              46.25
            ],
            [
              80.9375,
              46.75
            ],
            [
              81.5625,
              46.75
            ],
            [
              81.5625,
              46.25
            ],
            [
              80.9375,
              46.25
            ]
          ]
        ]
      },
      "properties": {
        "month": "202509",
        "value": 18.0,
        "units": "degC"
      }
    },
    {
      "type": "Feature",
      "geometry": {
        "type": "Polygon",
        "coordinates": [
          [
            [
              81.5625,
              46.25
            ],
            [
              81.5625,
              46.75
            ],
            [
              82.1875,
              46.75
            ],
            [
              82.1875,
              46.25
            ],
            [
              81.5625,
              46.25
            ]
          ]
        ]
      },
      "properties": {
        "month": "202509",
        "value": 17.84,
        "units": "degC"
      }
    },
    {
      "type": "Feature",
      "geometry": {
        "type": "Polygon",
        "coordinates": [
          [
            [
              82.1875,
              46.25
            ],
            [
              82.1875,
              46.75
            ],
            [
              82.8125,
              46.75
            ],
            [
              82.8125,
              46.25
            ],
            [
              82.1875,
              46.25
            ]
          ]
        ]
      },
      "properties": {
        "month": "202509",
        "value": 17.16,
        "units": "degC"
      }
    },
    {
      "type": "Feature",
      "geometry": {
        "type": "Polygon",
        "coordinates": [
          [
            [
              82.8125,
              46.25
            ],
            [
              82.8125,
              46.75
            ],
            [
              83.4375,
              46.75
            ],
            [
              83.4375,
              46.25
            ],
            [
              82.8125,
              46.25
            ]
          ]
        ]
      },
      "properties": {
        "month": "202509",
        "value": 16.66,
        "units": "degC"
      }
    },
    {
      "type": "Feature",
      "geometry": {
        "type": "Polygon",
        "coordinates": [
          [
            [
              83.4375,
              46.25
            ],
            [
              83.4375,
              46.75
            ],
            [
              84.0625,
              46.75
            ],
            [
              84.0625,
              46.25
            ],
            [
              83.4375,
              46.25
            ]
          ]
        ]
      },
      "properties": {
        "month": "202509",
        "value": 14.78,
        "units": "degC"
      }
    },
    {
      "type": "Feature",
      "geometry": {
        "type": "Polygon",
        "coordinates": [
          [
            [
              80.3125,
              46.75
            ],
            [
              80.3125,
              47.25
            ],
            [
              80.9375,
              47.25
            ],
            [
              80.9375,
              46.75
            ],
            [
              80.3125,
              46.75
            ]
          ]
        ]
      },
      "properties": {
        "month": "202509",
        "value": 16.43,
        "units": "degC"
      }
    },
    {
      "type": "Feature",
      "geometry": {
        "type": "Polygon",
        "coordinates": [
          [
            [
              80.9375,
              46.75
            ],
            [
              80.9375,
              47.25
            ],
            [
              81.5625,
              47.25
            ],
            [
              81.5625,
              46.75
            ],
            [
              80.9375,
              46.75
            ]
          ]
        ]
      },
      "properties": {
        "month": "202509",
        "value": 15.73,
        "units": "degC"
      }
    },
    {
      "type": "Feature",
      "geometry": {
        "type": "Polygon",
        "coordinates": [
          [
            [
              81.5625,
              46.75
            ],
            [
              81.5625,
              47.25
            ],
            [
              82.1875,
              47.25
            ],
            [
              82.1875,
              46.75
            ],
            [
              81.5625,
              46.75
            ]
          ]
        ]
      },
      "properties": {
        "month": "202509",
        "value": 14.57,
        "units": "degC"
      }
    },
    {
      "type": "Feature",
      "geometry": {
        "type": "Polygon",
        "coordinates": [
          [
            [
              82.1875,
              46.75
            ],
            [
              82.1875,
              47.25
            ],
            [
              82.8125,
              47.25
            ],
            [
              82.8125,
              46.75
            ],
            [
              82.1875,
              46.75
            ]
          ]
        ]
      },
      "properties": {
        "month": "202509",
        "value": 13.07,
        "units": "degC"
      }
    },
    {
      "type": "Feature",
      "geometry": {
        "type": "Polygon",
        "coordinates": [
          [
            [
              82.8125,
              46.75
            ],
            [
              82.8125,
              47.25
            ],
            [
              83.4375,
              47.25
            ],
            [
              83.4375,
              46.75
            ],
            [
              82.8125,
              46.75
            ]
          ]
        ]
      },
      "properties": {
        "month": "202509",
        "value": 11.89,
        "units": "degC"
      }
    },
    {
      "type": "Feature",
      "geometry": {
        "type": "Polygon",
        "coordinates": [
          [
            [
              83.4375,
              46.75
            ],
            [
              83.4375,
              47.25
            ],
            [
              84.0625,
              47.25
            ],
            [
              84.0625,
              46.75
            ],
            [
              83.4375,
              46.75
            ]
          ]
        ]
      },
      "properties": {
        "month": "202509",
        "value": 11.0,
        "units": "degC"
      }
    },
    {
      "type": "Feature",
      "geometry": {
        "type": "Polygon",
        "coordinates": [
          [
            [
              80.3125,
              47.25
            ],
            [
              80.3125,
              47.75
            ],
            [
              80.9375,
              47.75
            ],
            [
              80.9375,
              47.25
            ],
            [
              80.3125,
              47.25
            ]
          ]
        ]
      },
      "properties": {
        "month": "202509",
        "value": 14.1,
        "units": "degC"
      }
    },
    {
      "type": "Feature",
      "geometry": {
        "type": "Polygon",
        "coordinates": [
          [
            [
              80.9375,
              47.25
            ],
            [
              80.9375,
              47.75
            ],
            [
              81.5625,
              47.75
            ],
            [
              81.5625,
              47.25
            ],
            [
              80.9375,
              47.25
            ]
          ]
        ]
      },
      "properties": {
        "month": "202509",
        "value": 11.83,
        "units": "degC"
      }
    },
    {
      "type": "Feature",
      "geometry": {
        "type": "Polygon",
        "coordinates": [
          [
            [
              81.5625,
              47.25
            ],
            [
              81.5625,
              47.75
            ],
            [
              82.1875,
              47.75
            ],
            [
              82.1875,
              47.25
            ],
            [
              81.5625,
              47.25
            ]
          ]
        ]
      },
      "properties": {
        "month": "202509",
        "value": 10.61,
        "units": "degC"
      }
    },
    {
      "type": "Feature",
      "geometry": {
        "type": "Polygon",
        "coordinates": [
          [
            [
              82.1875,
              47.25
            ],
            [
              82.1875,
              47.75
            ],
            [
              82.8125,
              47.75
            ],
            [
              82.8125,
              47.25
            ],
            [
              82.1875,
              47.25
            ]
          ]
        ]
      },
      "properties": {
        "month": "202509",
        "value": 10.96,
        "units": "degC"
      }
    },
    {
      "type": "Feature",
      "geometry": {
        "type": "Polygon",
        "coordinates": [
          [
            [
              82.8125,
              47.25
            ],
            [
              82.8125,
              47.75
            ],
            [
              83.4375,
              47.75
            ],
            [
              83.4375,
              47.25
            ],
            [
              82.8125,
              47.25
            ]
          ]
        ]
      },
      "properties": {
        "month": "202509",
        "value": 11.78,
        "units": "degC"
      }
    },
    {
      "type": "Feature",
      "geometry": {
        "type": "Polygon",
        "coordinates": [
          [
            [
              83.4375,
              47.25
            ],
            [
              83.4375,
              47.75
            ],
            [
              84.0625,
              47.75
            ],
            [
              84.0625,
              47.25
            ],
            [
              83.4375,
              47.25
            ]
          ]
        ]
      },
      "properties": {
        "month": "202509",
        "value": 12.42,
        "units": "degC"
      }
    },
    {
      "type": "Feature",
      "geometry": {
        "type": "Polygon",
        "coordinates": [
          [
            [
              80.3125,
              47.75
            ],
            [
              80.3125,
              48.25
            ],
            [
              80.9375,
              48.25
            ],
            [
              80.9375,
              47.75
            ],
            [
              80.3125,
              47.75
            ]
          ]
        ]
      },
      "properties": {
        "month": "202509",
        "value": 12.67,
        "units": "degC"
      }
    },
    {
      "type": "Feature",
      "geometry": {
        "type": "Polygon",
        "coordinates": [
          [
            [
              80.9375,
              47.75
            ],
            [
              80.9375,
              48.25
            ],
            [
              81.5625,
              48.25
            ],
            [
              81.5625,
              47.75
            ],
            [
              80.9375,
              47.75
            ]
          ]
        ]
      },
      "properties": {
        "month": "202509",
        "value": 11.65,
        "units": "degC"
      }
    },
    {
      "type": "Feature",
      "geometry": {
        "type": "Polygon",
        "coordinates": [
          [
            [
              81.5625,
              47.75
            ],
            [
              81.5625,
              48.25
            ],
            [
              82.1875,
              48.25
            ],
            [
              82.1875,
              47.75
            ],
            [
              81.5625,
              47.75
            ]
          ]
        ]
      },
      "properties": {
        "month": "202509",
        "value": 12.05,
        "units": "degC"
      }
    },
    {
      "type": "Feature",
      "geometry": {
        "type": "Polygon",
        "coordinates": [
          [
            [
              82.1875,
              47.75
            ],
            [
              82.1875,
              48.25
            ],
            [
              82.8125,
              48.25
            ],
            [
              82.8125,
              47.75
            ],
            [
              82.1875,
              47.75
            ]
          ]
        ]
      },
      "properties": {
        "month": "202509",
        "value": 13.79,
        "units": "degC"
      }
    },
    {
      "type": "Feature",
      "geometry": {
        "type": "Polygon",
        "coordinates": [
          [
            [
              82.8125,
              47.75
            ],
            [
              82.8125,
              48.25
            ],
            [
              83.4375,
              48.25
            ],
            [
              83.4375,
              47.75
            ],
            [
              82.8125,
              47.75
            ]
          ]
        ]
      },
      "properties": {
        "month": "202509",
        "value": 15.13,
        "units": "degC"
      }
    },
    {
      "type": "Feature",
      "geometry": {
        "type": "Polygon",
        "coordinates": [
          [
            [
              83.4375,
              47.75
            ],
            [
              83.4375,
              48.25
            ],
            [
              84.0625,
              48.25
            ],
            [
              84.0625,
              47.75
            ],
            [
              83.4375,
              47.75
            ]
          ]
        ]
      },
      "properties": {
        "month": "202509",
        "value": 15.59,
        "units": "degC"
      }
    },
    {
      "type": "Feature",
      "geometry": {
        "type": "Polygon",
        "coordinates": [
          [
            [
              80.3125,
              48.25
            ],
            [
              80.3125,
              48.75
            ],
            [
              80.9375,
              48.75
            ],
            [
              80.9375,
              48.25
            ],
            [
              80.3125,
              48.25
            ]
          ]
        ]
      },
      "properties": {
        "month": "202509",
        "value": 11.81,
        "units": "degC"
      }
    },
    {
      "type": "Feature",
      "geometry": {
        "type": "Polygon",
        "coordinates": [
          [
            [
              80.9375,
              48.25
            ],
            [
              80.9375,
              48.75
            ],
            [
              81.5625,
              48.75
            ],
            [
              81.5625,
              48.25
            ],
            [
              80.9375,
              48.25
            ]
          ]
        ]
      },
      "properties": {
        "month": "202509",
        "value": 11.75,
        "units": "degC"
      }
    },
    {
      "type": "Feature",
      "geometry": {
        "type": "Polygon",
        "coordinates": [
          [
            [
              81.5625,
              48.25
            ],
            [
              81.5625,
              48.75
            ],
            [
              82.1875,
              48.75
            ],
            [
              82.1875,
              48.25
            ],
            [
              81.5625,
              48.25
            ]
          ]
        ]
      },
      "properties": {
        "month": "202509",
        "value": 12.64,
        "units": "degC"
      }
    },
    {
      "type": "Feature",
      "geometry": {
        "type": "Polygon",
        "coordinates": [
          [
            [
              82.1875,
              48.25
            ],
            [
              82.1875,
              48.75
            ],
            [
              82.8125,
              48.75
            ],
            [
              82.8125,
              48.25
            ],
            [
              82.1875,
              48.25
            ]
          ]
        ]
      },
      "properties": {
        "month": "202509",
        "value": 13.81,
        "units": "degC"
      }
    },
    {
      "type": "Feature",
      "geometry": {
        "type": "Polygon",
        "coordinates": [
          [
            [
              82.8125,
              48.25
            ],
            [
              82.8125,
              48.75
            ],
            [
              83.4375,
              48.75
            ],
            [
              83.4375,
              48.25
            ],
            [
              82.8125,
              48.25
            ]
          ]
        ]
      },
      "properties": {
        "month": "202509",
        "value": 14.75,
        "units": "degC"
      }
    },
    {
      "type": "Feature",
      "geometry": {
        "type": "Polygon",
        "coordinates": [
          [
            [
              83.4375,
              48.25
            ],
            [
              83.4375,
              48.75
            ],
            [
              84.0625,
              48.75
            ],
            [
              84.0625,
              48.25
            ],
            [
              83.4375,
              48.25
            ]
          ]
        ]
      },
      "properties": {
        "month": "202509",
        "value": 14.8,
        "units": "degC"
      }
    },
    {
      "type": "Feature",
      "geometry": {
        "type": "Polygon",
        "coordinates": [
          [
            [
              80.9375,
              48.75
            ],
            [
              80.3125,
              48.75
            ],
            [
              80.3125,
              49.0
            ],
            [
              80.9375,
              49.0
            ],
            [
              80.9375,
              48.75
            ]
          ]
        ]
      },
      "properties": {
        "month": "202509",
        "value": 12.11,
        "units": "degC"
      }
    },
    {
      "type": "Feature",
      "geometry": {
        "type": "Polygon",
        "coordinates": [
          [
            [
              81.5625,
              48.75
            ],
            [
              80.9375,
              48.75
            ],
            [
              80.9375,
              49.0
            ],
            [
              81.5625,
              49.0
            ],
            [
              81.5625,
              48.75
            ]
          ]
        ]
      },
      "properties": {
        "month": "202509",
        "value": 12.05,
        "units": "degC"
      }
    },
    {
      "type": "Feature",
      "geometry": {
        "type": "Polygon",
        "coordinates": [
          [
            [
              82.1875,
              48.75
            ],
            [
              81.5625,
              48.75
            ],
            [
              81.5625,
              49.0
            ],
            [
              82.1875,
              49.0
            ],
            [
              82.1875,
              48.75
            ]
          ]
        ]
      },
      "properties": {
        "month": "202509",
        "value": 11.62,
        "units": "degC"
      }
    },
    {
      "type": "Feature",
      "geometry": {
        "type": "Polygon",
        "coordinates": [
          [
            [
              82.8125,
              48.75
            ],
            [
              82.1875,
              48.75
            ],
            [
              82.1875,
              49.0
            ],
            [
              82.8125,
              49.0
            ],
            [
              82.8125,
              48.75
            ]
          ]
        ]
      },
      "properties": {
        "month": "202509",
        "value": 11.1,
        "units": "degC"
      }
    },
    {
      "type": "Feature",
      "geometry": {
        "type": "Polygon",
        "coordinates": [
          [
            [
              83.4375,
              48.75
            ],
            [
              82.8125,
              48.75
            ],
            [
              82.8125,
              49.0
            ],
            [
              83.4375,
              49.0
            ],
            [
              83.4375,
              48.75
            ]
          ]
        ]
      },
      "properties": {
        "month": "202509",
        "value": 11.81,
        "units": "degC"
      }
    },
    {
      "type": "Feature",
      "geometry": {
        "type": "Polygon",
        "coordinates": [
          [
            [
              84.0625,
              48.75
            ],
            [
              83.4375,
              48.75
            ],
            [
              83.4375,
              49.0
            ],
            [
              84.0625,
              49.0
            ],
            [
              84.0625,
              48.75
            ]
          ]
        ]
      },
      "properties": {
        "month": "202509",
        "value": 12.37,
        "units": "degC"
      }
    },
    {
      "type": "Feature",
      "geometry": {
        "type": "Polygon",
        "coordinates": [
          [
            [
              84.0625,
              42.25
            ],
            [
              84.6875,
              42.25
            ],
            [
              84.6875,
              42.0
            ],
            [
              84.0625,
              42.0
            ],
            [
              84.0625,
              42.25
            ]
          ]
        ]
      },
      "properties": {
        "month": "202509",
        "value": 16.32,
        "units": "degC"
      }
    },
    {
      "type": "Feature",
      "geometry": {
        "type": "Polygon",
        "coordinates": [
          [
            [
              84.6875,
              42.25
            ],
            [
              85.0,
              42.25
            ],
            [
              85.0,
              42.0
            ],
            [
              84.6875,
              42.0
            ],
            [
              84.6875,
              42.25
            ]
          ]
        ]
      },
      "properties": {
        "month": "202509",
        "value": 15.96,
        "units": "degC"
      }
    },
    {
      "type": "Feature",
      "geometry": {
        "type": "Polygon",
        "coordinates": [
          [
            [
              84.0625,
              42.25
            ],
            [
              84.0625,
              42.75
            ],
            [
              84.6875,
              42.75
            ],
            [
              84.6875,
              42.25
            ],
            [
              84.0625,
              42.25
            ]
          ]
        ]
      },
      "properties": {
        "month": "202509",
        "value": 7.34,
        "units": "degC"
      }
    },
    {
      "type": "Feature",
      "geometry": {
        "type": "Polygon",
        "coordinates": [
          [
            [
              84.6875,
              42.25
            ],
            [
              84.6875,
              42.75
            ],
            [
              85.0,
              42.75
            ],
            [
              85.0,
              42.25
            ],
            [
              84.6875,
              42.25
            ]
          ]
        ]
      },
      "properties": {
        "month": "202509",
        "value": 5.19,
        "units": "degC"
      }
    },
    {
      "type": "Feature",
      "geometry": {
        "type": "Polygon",
        "coordinates": [
          [
            [
              84.0625,
              42.75
            ],
            [
              84.0625,
              43.25
            ],
            [
              84.6875,
              43.25
            ],
            [
              84.6875,
              42.75
            ],
            [
              84.0625,
              42.75
            ]
          ]
        ]
      },
      "properties": {
        "month": "202509",
        "value": 5.97,
        "units": "degC"
      }
    },
    {
      "type": "Feature",
      "geometry": {
        "type": "Polygon",
        "coordinates": [
          [
            [
              84.6875,
              42.75
            ],
            [
              84.6875,
              43.25
            ],
            [
              85.0,
              43.25
            ],
            [
              85.0,
              42.75
            ],
            [
              84.6875,
              42.75
            ]
          ]
        ]
      },
      "properties": {
        "month": "202509",
        "value": 5.61,
        "units": "degC"
      }
    },
    {
      "type": "Feature",
      "geometry": {
        "type": "Polygon",
        "coordinates": [
          [
            [
              84.0625,
              43.25
            ],
            [
              84.0625,
              43.75
            ],
            [
              84.6875,
              43.75
            ],
            [
              84.6875,
              43.25
            ],
            [
              84.0625,
              43.25
            ]
          ]
        ]
      },
      "properties": {
        "month": "202509",
        "value": 5.24,
        "units": "degC"
      }
    },
    {
      "type": "Feature",
      "geometry": {
        "type": "Polygon",
        "coordinates": [
          [
            [
              84.6875,
              43.25
            ],
            [
              84.6875,
              43.75
            ],
            [
              85.0,
              43.75
            ],
            [
              85.0,
              43.25
            ],
            [
              84.6875,
              43.25
            ]
          ]
        ]
      },
      "properties": {
        "month": "202509",
        "value": 0.98,
        "units": "degC"
      }
    },
    {
      "type": "Feature",
      "geometry": {
        "type": "Polygon",
        "coordinates": [
          [
            [
              84.0625,
              43.75
            ],
            [
              84.0625,
              44.25
            ],
            [
              84.6875,
              44.25
            ],
            [
              84.6875,
              43.75
            ],
            [
              84.0625,
              43.75
            ]
          ]
        ]
      },
      "properties": {
        "month": "202509",
        "value": 6.88,
        "units": "degC"
      }
    },
    {
      "type": "Feature",
      "geometry": {
        "type": "Polygon",
        "coordinates": [
          [
            [
              84.6875,
              43.75
            ],
            [
              84.6875,
              44.25
            ],
            [
              85.0,
              44.25
            ],
            [
              85.0,
              43.75
            ],
            [
              84.6875,
              43.75
            ]
          ]
        ]
      },
      "properties": {
        "month": "202509",
        "value": 9.01,
        "units": "degC"
      }
    },
    {
      "type": "Feature",
      "geometry": {
        "type": "Polygon",
        "coordinates": [
          [
            [
              84.0625,
              44.25
            ],
            [
              84.0625,
              44.75
            ],
            [
              84.6875,
              44.75
            ],
            [
              84.6875,
              44.25
            ],
            [
              84.0625,
              44.25
            ]
          ]
        ]
      },
      "properties": {
        "month": "202509",
        "value": 17.33,
        "units": "degC"
      }
    },
    {
      "type": "Feature",
      "geometry": {
        "type": "Polygon",
        "coordinates": [
          [
            [
              84.6875,
              44.25
            ],
            [
              84.6875,
              44.75
            ],
            [
              85.0,
              44.75
            ],
            [
              85.0,
              44.25
            ],
            [
              84.6875,
              44.25
            ]
          ]
        ]
      },
      "properties": {
        "month": "202509",
        "value": 18.04,
        "units": "degC"
      }
    },
    {
      "type": "Feature",
      "geometry": {
        "type": "Polygon",
        "coordinates": [
          [
            [
              84.0625,
              44.75
            ],
            [
              84.0625,
              45.25
            ],
            [
              84.6875,
              45.25
            ],
            [
              84.6875,
              44.75
            ],
            [
              84.0625,
              44.75
            ]
          ]
        ]
      },
      "properties": {
        "month": "202509",
        "value": 19.11,
        "units": "degC"
      }
    },
    {
      "type": "Feature",
      "geometry": {
        "type": "Polygon",
        "coordinates": [
          [
            [
              84.6875,
              44.75
            ],
            [
              84.6875,
              45.25
            ],
            [
              85.0,
              45.25
            ],
            [
              85.0,
              44.75
            ],
            [
              84.6875,
              44.75
            ]
          ]
        ]
      },
      "properties": {
        "month": "202509",
        "value": 19.37,
        "units": "degC"
      }
    },
    {
      "type": "Feature",
      "geometry": {
        "type": "Polygon",
        "coordinates": [
          [
            [
              84.0625,
              45.25
            ],
            [
              84.0625,
              45.75
            ],
            [
              84.6875,
              45.75
            ],
            [
              84.6875,
              45.25
            ],
            [
              84.0625,
              45.25
            ]
          ]
        ]
      },
      "properties": {
        "month": "202509",
        "value": 15.34,
        "units": "degC"
      }
    },
    {
      "type": "Feature",
      "geometry": {
        "type": "Polygon",
        "coordinates": [
          [
            [
              84.6875,
              45.25
            ],
            [
              84.6875,
              45.75
            ],
            [
              85.0,
              45.75
            ],
            [
              85.0,
              45.25
            ],
            [
              84.6875,
              45.25
            ]
          ]
        ]
      },
      "properties": {
        "month": "202509",
        "value": 18.6,
        "units": "degC"
      }
    },
    {
      "type": "Feature",
      "geometry": {
        "type": "Polygon",
        "coordinates": [
          [
            [
              84.0625,
              45.75
            ],
            [
              84.0625,
              46.25
            ],
            [
              84.6875,
              46.25
            ],
            [
              84.6875,
              45.75
            ],
            [
              84.0625,
              45.75
            ]
          ]
        ]
      },
      "properties": {
        "month": "202509",
        "value": 12.27,
        "units": "degC"
      }
    },
    {
      "type": "Feature",
      "geometry": {
        "type": "Polygon",
        "coordinates": [
          [
            [
              84.6875,
              45.75
            ],
            [
              84.6875,
              46.25
            ],
            [
              85.0,
              46.25
            ],
            [
              85.0,
              45.75
            ],
            [
              84.6875,
              45.75
            ]
          ]
        ]
      },
      "properties": {
        "month": "202509",
        "value": 16.17,
        "units": "degC"
      }
    },
    {
      "type": "Feature",
      "geometry": {
        "type": "Polygon",
        "coordinates": [
          [
            [
              84.0625,
              46.25
            ],
            [
              84.0625,
              46.75
            ],
            [
              84.6875,
              46.75
            ],
            [
              84.6875,
              46.25
            ],
            [
              84.0625,
              46.25
            ]
          ]
        ]
      },
      "properties": {
        "month": "202509",
        "value": 9.4,
        "units": "degC"
      }
    },
    {
      "type": "Feature",
      "geometry": {
        "type": "Polygon",
        "coordinates": [
          [
            [
              84.6875,
              46.25
            ],
            [
              84.6875,
              46.75
            ],
            [
              85.0,
              46.75
            ],
            [
              85.0,
              46.25
            ],
            [
              84.6875,
              46.25
            ]
          ]
        ]
      },
      "properties": {
        "month": "202509",
        "value": 12.51,
        "units": "degC"
      }
    },
    {
      "type": "Feature",
      "geometry": {
        "type": "Polygon",
        "coordinates": [
          [
            [
              84.0625,
              46.75
            ],
            [
              84.0625,
              47.25
            ],
            [
              84.6875,
              47.25
            ],
            [
              84.6875,
              46.75
            ],
            [
              84.0625,
              46.75
            ]
          ]
        ]
      },
      "properties": {
        "month": "202509",
        "value": 10.46,
        "units": "degC"
      }
    },
    {
      "type": "Feature",
      "geometry": {
        "type": "Polygon",
        "coordinates": [
          [
            [
              84.6875,
              46.75
            ],
            [
              84.6875,
              47.25
            ],
            [
              85.0,
              47.25
            ],
            [
              85.0,
              46.75
            ],
            [
              84.6875,
              46.75
            ]
          ]
        ]
      },
      "properties": {
        "month": "202509",
        "value": 7.03,
        "units": "degC"
      }
    },
    {
      "type": "Feature",
      "geometry": {
        "type": "Polygon",
        "coordinates": [
          [
            [
              84.0625,
              47.25
            ],
            [
              84.0625,
              47.75
            ],
            [
              84.6875,
              47.75
            ],
            [
              84.6875,
              47.25
            ],
            [
              84.0625,
              47.25
            ]
          ]
        ]
      },
      "properties": {
        "month": "202509",
        "value": 13.6,
        "units": "degC"
      }
    },
    {
      "type": "Feature",
      "geometry": {
        "type": "Polygon",
        "coordinates": [
          [
            [
              84.6875,
              47.25
            ],
            [
              84.6875,
              47.75
            ],
            [
              85.0,
              47.75
            ],
            [
              85.0,
              47.25
            ],
            [
              84.6875,
              47.25
            ]
          ]
        ]
      },
      "properties": {
        "month": "202509",
        "value": 13.05,
        "units": "degC"
      }
    },
    {
      "type": "Feature",
      "geometry": {
        "type": "Polygon",
        "coordinates": [
          [
            [
              84.0625,
              47.75
            ],
            [
              84.0625,
              48.25
            ],
            [
              84.6875,
              48.25
            ],
            [
              84.6875,
              47.75
            ],
            [
              84.0625,
              47.75
            ]
          ]
        ]
      },
      "properties": {
        "month": "202509",
        "value": 15.36,
        "units": "degC"
      }
    },
    {
      "type": "Feature",
      "geometry": {
        "type": "Polygon",
        "coordinates": [
          [
            [
              84.6875,
              47.75
            ],
            [
              84.6875,
              48.25
            ],
            [
              85.0,
              48.25
            ],
            [
              85.0,
              47.75
            ],
            [
              84.6875,
              47.75
            ]
          ]
        ]
      },
      "properties": {
        "month": "202509",
        "value": 15.32,
        "units": "degC"
      }
    },
    {
      "type": "Feature",
      "geometry": {
        "type": "Polygon",
        "coordinates": [
          [
            [
              84.0625,
              48.25
            ],
            [
              84.0625,
              48.75
            ],
            [
              84.6875,
              48.75
            ],
            [
              84.6875,
              48.25
            ],
            [
              84.0625,
              48.25
            ]
          ]
        ]
      },
      "properties": {
        "month": "202509",
        "value": 13.05,
        "units": "degC"
      }
    },
    {
      "type": "Feature",
      "geometry": {
        "type": "Polygon",
        "coordinates": [
          [
            [
              84.6875,
              48.25
            ],
            [
              84.6875,
              48.75
            ],
            [
              85.0,
              48.75
            ],
            [
              85.0,
              48.25
            ],
            [
              84.6875,
              48.25
            ]
          ]
        ]
      },
      "properties": {
        "month": "202509",
        "value": 11.06,
        "units": "degC"
      }
    },
    {
      "type": "Feature",
      "geometry": {
        "type": "Polygon",
        "coordinates": [
          [
            [
              84.6875,
              48.75
            ],
            [
              84.0625,
              48.75
            ],
            [
              84.0625,
              49.0
            ],
            [
              84.6875,
              49.0
            ],
            [
              84.6875,
              48.75
            ]
          ]
        ]
      },
      "properties": {
        "month": "202509",
        "value": 9.96,
        "units": "degC"
      }
    },
    {
      "type": "Feature",
      "geometry": {
        "type": "Polygon",
        "coordinates": [
          [
            [
              84.6875,
              48.75
            ],
            [
              84.6875,
              49.0
            ],
            [
              85.0,
              49.0
            ],
            [
              85.0,
              48.75
            ],
            [
              84.6875,
              48.75
            ]
          ]
        ]
      },
      "properties": {
        "month": "202509",
        "value": 6.99,
        "units": "degC"
      }
    }
  ]
}