{
  "type": "FeatureCollection",
  "features": [
    {
      "type": "Feature",
      "geometry": {
        "type": "Polygon",
        "coordinates": [
          [
            [
              72.1875,
              42.25
            ],
            [
              72.1875,
              42.0
            ],
            [
              72.0,
              42.0
            ],
            [
              72.0,
              42.25
            ],
            [
              72.1875,
              42.25
            ]
          ]
        ]
      },
      "properties": {
        "month": "202608",
        "value": 15.38,
        "units": "degC"
      }
    },
    {
      "type": "Feature",
      "geometry": {
        "type": "Polygon",
        "coordinates": [
          [
            [
              72.1875,
              42.25
            ],
            [
              72.8125,
              42.25
            ],
            [
              72.8125,
              42.0
            ],
            [
              72.1875,
              42.0
            ],
            [
              72.1875,
              42.25
            ]
          ]
        ]
      },
      "properties": {
        "month": "202608",
        "value": 18.31,
        "units": "degC"
      }
    },
    {
      "type": "Feature",
      "geometry": {
        "type": "Polygon",
        "coordinates": [
          [
            [
              72.1875,
              42.75
            ],
            [
              72.1875,
              42.25
            ],
            [
              72.0,
              42.25
            ],
            [
              72.0,
              42.75
            ],
            [
              72.1875,
              42.75
            ]
          ]
        ]
      },
      "properties": {
        "month": "202608",
        "value": 20.57,
        "units": "degC"
      }
    },
    {
      "type": "Feature",
      "geometry": {
        "type": "Polygon",
        "coordinates": [
          [
            [
              72.1875,
              42.25
            ],
            [
              72.1875,
              42.75
            ],
            [
              72.8125,
              42.75
            ],
            [
              72.8125,
              42.25
            ],
            [
              72.1875,
              42.25
            ]
          ]
        ]
      },
      "properties": {
        "month": "202608",
        "value": 18.23,
        "units": "degC"
      }
    },
    {
      "type": "Feature",
      "geometry": {
        "type": "Polygon",
        "coordinates": [
          [
            [
              72.1875,
              43.25
            ],
            [
              72.1875,
              42.75
            ],
            [
              72.0,
              42.75
            ],
            [
              72.0,
              43.25
            ],
            [
              72.1875,
              43.25
            ]
          ]
        ]
      },
      "properties": {
        "month": "202608",
        "value": 26.09,
        "units": "degC"
      }
    },
    {
      "type": "Feature",
      "geometry": {
        "type": "Polygon",
        "coordinates": [
          [
            [
              72.1875,
              42.75
            ],
            [
              72.1875,
              43.25
            ],
            [
              72.8125,
              43.25
            ],
            [
              72.8125,
              42.75
            ],
            [
              72.1875,
              42.75
            ]
          ]
        ]
      },
      "properties": {
        "month": "202608",
        "value": 24.91,
        "units": "degC"
      }
    },
    {
      "type": "Feature",
      "geometry": {
        "type": "Polygon",
        "coordinates": [
          [
            [
              72.1875,
              43.75
            ],
            [
              72.1875,
              43.25
            ],
            [
              72.0,
              43.25
            ],
            [
              72.0,
              43.75
            ],
            [
              72.1875,
              43.75
            ]
          ]
        ]
      },
      "properties": {
        "month": "202608",
        "value": 29.03,
        "units": "degC"
      }
    },
    {
      "type": "Feature",
      "geometry": {
        "type": "Polygon",
        "coordinates": [
          [
            [
              72.1875,
              43.25
            ],
            [
              72.1875,
              43.75
            ],
            [
              72.8125,
              43.75
            ],
            [
              72.8125,
              43.25
            ],
            [
              72.1875,
              43.25
            ]
          ]
        ]
      },
      "properties": {
        "month": "202608",
        "value": 28.66,
        "units": "degC"
      }
    },
    {
      "type": "Feature",
      "geometry": {
        "type": "Polygon",
        "coordinates": [
          [
            [
              72.1875,
              44.25
            ],
            [
              72.1875,
              43.75
            ],
            [
              72.0,
              43.75
            ],
            [
              72.0,
              44.25
            ],
            [
              72.1875,
              44.25
            ]
          ]
        ]
      },
      "properties": {
        "month": "202608",
        "value": 29.1,
        "units": "degC"
      }
    },
    {
      "type": "Feature",
      "geometry": {
        "type": "Polygon",
        "coordinates": [
          [
            [
              72.1875,
              43.75
            ],
            [
              72.1875,
              44.25
            ],
            [
              72.8125,
              44.25
            ],
            [
              72.8125,
              43.75
            ],
            [
              72.1875,
              43.75
            ]
          ]
        ]
      },
      "properties": {
        "month": "202608",
        "value": 29.15,
        "units": "degC"
      }
    },
    {
      "type": "Feature",
      "geometry": {
        "type": "Polygon",
        "coordinates": [
          [
            [
              72.1875,
              44.75
            ],
            [
              72.1875,
              44.25
            ],
            [
              72.0,
              44.25
            ],
            [
              72.0,
              44.75
            ],
            [
              72.1875,
              44.75
            ]
          ]
        ]
      },
      "properties": {
        "month": "202608",
        "value": 29.2,
        "units": "degC"
      }
    },
    {
      "type": "Feature",
      "geometry": {
        "type": "Polygon",
        "coordinates": [
          [
            [
              72.1875,
              44.25
            ],
            [
              72.1875,
              44.75
            ],
            [
              72.8125,
              44.75
            ],
            [
              72.8125,
              44.25
            ],
            [
              72.1875,
              44.25
            ]
          ]
        ]
      },
      "properties": {
        "month": "202608",
        "value": 29.21,
        "units": "degC"
      }
    },
    {
      "type": "Feature",
      "geometry": {
        "type": "Polygon",
        "coordinates": [
          [
            [
              72.1875,
              45.25
            ],
            [
              72.1875,
              44.75
            ],
            [
              72.0,
              44.75
            ],
            [
              72.0,
              45.25
            ],
            [
              72.1875,
              45.25
            ]
          ]
        ]
      },
      "properties": {
        "month": "202608",
        "value": 28.82,
        "units": "degC"
      }
    },
    {
      "type": "Feature",
      "geometry": {
        "type": "Polygon",
        "coordinates": [
          [
            [
              72.1875,
              44.75
            ],
            [
              72.1875,
              45.25
            ],
            [
              72.8125,
              45.25
            ],
            [
              72.8125,
              44.75
            ],
            [
              72.1875,
              44.75
            ]
          ]
        ]
      },
      "properties": {
        "month": "202608",
        "value": 28.66,
        "units": "degC"
      }
    },
    {
      "type": "Feature",
      "geometry": {
        "type": "Polygon",
        "coordinates": [
          [
            [
              72.1875,
              45.75
            ],
            [
              72.1875,
              45.25
            ],
            [
              72.0,
              45.25
            ],
            [
              72.0,
              45.75
            ],
            [
              72.1875,
              45.75
            ]
          ]
        ]
      },
      "properties": {
        "month": "202608",
        "value": 27.86,
        "units": "degC"
      }
    },
    {
      "type": "Feature",
      "geometry": {
        "type": "Polygon",
        "coordinates": [
          [
            [
              72.1875,
              45.25
            ],
            [
              72.1875,
              45.75
            ],
            [
              72.8125,
              45.75
            ],
            [
              72.8125,
              45.25
            ],
            [
              72.1875,
              45.25
            ]
          ]
        ]
      },
      "properties": {
        "month": "202608",
        "value": 27.34,
        "units": "degC"
      }
    },
    {
      "type": "Feature",
      "geometry": {
        "type": "Polygon",
        "coordinates": [
          [
            [
              72.1875,
              46.25
            ],
            [
              72.1875,
              45.75
            ],
            [
              72.0,
              45.75
            ],
            [
              72.0,
              46.25
            ],
            [
              72.1875,
              46.25
            ]
          ]
        ]
      },
      "properties": {
        "month": "202608",
        "value": 26.84,
        "units": "degC"
      }
    },
    {
      "type": "Feature",
      "geometry": {
        "type": "Polygon",
        "coordinates": [
          [
            [
              72.1875,
              45.75
            ],
            [
              72.1875,
              46.25
            ],
            [
              72.8125,
              46.25
            ],
            [
              72.8125,
              45.75
            ],
            [
              72.1875,
              45.75
            ]
          ]
        ]
      },
      "properties": {
        "month": "202608",
        "value": 26.57,
        "units": "degC"
      }
    },
    {
      "type": "Feature",
      "geometry": {
        "type": "Polygon",
        "coordinates": [
          [
            [
              72.1875,
              46.75
            ],
            [
              72.1875,
              46.25
            ],
            [
              72.0,
              46.25
            ],
            [
              72.0,
              46.75
            ],
            [
              72.1875,
              46.75
            ]
          ]
        ]
      },
      "properties": {
        "month": "202608",
        "value": 25.85,
        "units": "degC"
      }
    },
    {
      "type": "Feature",
      "geometry": {
        "type": "Polygon",
        "coordinates": [
          [
            [
              72.1875,
              46.25
            ],
            [
              72.1875,
              46.75
            ],
            [
              72.8125,
              46.75
            ],
            [
              72.8125,
              46.25
            ],
            [
              72.1875,
              46.25
            ]
          ]
        ]
      },
      "properties": {
        "month": "202608",
        "value": 25.8,
        "units": "degC"
      }
    },
    {
      "type": "Feature",
      "geometry": {
        "type": "Polygon",
        "coordinates": [
          [
            [
              72.1875,
              47.25
            ],
            [
              72.1875,
              46.75
            ],
            [
              72.0,
              46.75
            ],
            [
              72.0,
              47.25
            ],
            [
              72.1875,
              47.25
            ]
          ]
        ]
      },
      "properties": {
        "month": "202608",
        "value": 25.0,
        "units": "degC"
      }
    },
    {
      "type": "Feature",
      "geometry": {
        "type": "Polygon",
        "coordinates": [
          [
            [
              72.1875,
              46.75
            ],
            [
              72.1875,
              47.25
            ],
            [
              72.8125,
              47.25
            ],
            [
              72.8125,
              46.75
            ],
            [
              72.1875,
              46.75
            ]
          ]
        ]
      },
      "properties": {
        "month": "202608",
        "value": 24.51,
        "units": "degC"
      }
    },
    {
      "type": "Feature",
      "geometry": {
        "type": "Polygon",
        "coordinates": [
          [
            [
              72.1875,
              47.75
            ],
            [
              72.1875,
              47.25
            ],
            [
              72.0,
              47.25
            ],
            [
              72.0,
              47.75
            ],
            [
              72.1875,
              47.75
            ]
          ]
        ]
      },
      "properties": {
        "month": "202608",
        "value": 23.35,
        "units": "degC"
      }
    },
    {
      "type": "Feature",
      "geometry": {
        "type": "Polygon",
        "coordinates": [
          [
            [
              72.1875,
              47.25
            ],
            [
              72.1875,
              47.75
            ],
            [
              72.8125,
              47.75
            ],
            [
              72.8125,
              47.25
            ],
            [
              72.1875,
              47.25
            ]
          ]
        ]
      },
      "properties": {
        "month": "202608",
        "value": 23.03,
        "units": "degC"
      }
    },
    {
      "type": "Feature",
      "geometry": {
        "type": "Polygon",
        "coordinates": [
          [
            [
              72.1875,
              48.25
            ],
            [
              72.1875,
              47.75
            ],
            [
              72.0,
              47.75
            ],
            [
              72.0,
              48.25
            ],
            [
              72.1875,
              48.25
            ]
          ]
        ]
      },
      "properties": {
        "month": "202608",
        "value": 22.77,
        "units": "degC"
      }
    },
    {
      "type": "Feature",
      "geometry": {
        "type": "Polygon",
        "coordinates": [
          [
            [
              72.1875,
              47.75
            ],
            [
              72.1875,
              48.25
            ],
            [
              72.8125,
              48.25
            ],
            [
              72.8125,
              47.75
            ],
            [
              72.1875,
              47.75
            ]
          ]
        ]
      },
      "properties": {
        "month": "202608",
        "value": 22.01,
        "units": "degC"
      }
    },
    {
      "type": "Feature",
      "geometry": {
        "type": "Polygon",
        "coordinates": [
          [
            [
              72.1875,
              48.75
            ],
            [
              72.1875,
              48.25
            ],
            [
              72.0,
              48.25
            ],
            [
              72.0,
              48.75
            ],
            [
              72.1875,
              48.75
            ]
          ]
        ]
      },
      "properties": {
        "month": "202608",
        "value": 23.01,
        "units": "degC"
      }
    },
    {
      "type": "Feature",
      "geometry": {
        "type": "Polygon",
        "coordinates": [
          [
            [
              72.1875,
              48.25
            ],
            [
              72.1875,
              48.75
            ],
            [
              72.8125,
              48.75
            ],
            [
              72.8125,
              48.25
            ],
            [
              72.1875,
              48.25
            ]
          ]
        ]
      },
      "properties": {
        "month": "202608",
        "value": 22.48,
        "units": "degC"
      }
    },
    {
      "type": "Feature",
      "geometry": {
        "type": "Polygon",
        "coordinates": [
          [
            [
              72.1875,
              48.75
            ],
            [
              72.0,
              48.75
            ],
            [
              72.0,
              49.0
            ],
            [
              72.1875,
              49.0
            ],
            [
              72.1875,
              48.75
            ]
          ]
        ]
      },
      "properties": {
        "month": "202608",
        "value": 22.59,
        "units": "degC"
      }
    },
    {
      "type": "Feature",
      "geometry": {
        "type": "Polygon",
        "coordinates": [
          [
            [
              72.8125,
              48.75
            ],
            [
              72.1875,
              48.75
            ],
            [
              72.1875,
              49.0
            ],
            [
              72.8125,
              49.0
            ],
            [
              72.8125,
              48.75
            ]
          ]
        ]
      },
      "properties": {
        "month": "202608",
        "value": 22.07,
        "units": "degC"
      }
    },
    {
      "type": "Feature",
      "geometry": {
        "type": "Polygon",
        "coordinates": [
          [
            [
              72.8125,
              42.25
            ],
            [
              73.4375,
              42.25
            ],
            [
              73.4375,
              42.0
            ],
            [
              72.8125,
              42.0
            ],
            [
              72.8125,
              42.25
            ]
          ]
        ]
      },
      "properties": {
        "month": "202608",
        "value": 18.16,
        "units": "degC"
      }
    },
    {
      "type": "Feature",
      "geometry": {
        "type": "Polygon",
        "coordinates": [
          [
            [
              73.4375,
              42.25
            ],
            [
              74.0625,
              42.25
            ],
            [
              74.0625,
              42.0
            ],
            [
              73.4375,
              42.0
            ],
            [
              73.4375,
              42.25
            ]
          ]
        ]
      },
      "properties": {
        "month": "202608",
        "value": 15.68,
        "units": "degC"
      }
    },
    {
      "type": "Feature",
      "geometry": {
        "type": "Polygon",
        "coordinates": [
          [
            [
              74.0625,
              42.25
            ],
            [
              74.6875,
              42.25
            ],
            [
              74.6875,
              42.0
            ],
            [
              74.0625,
              42.0
            ],
            [
              74.0625,
              42.25
            ]
          ]
        ]
      },
      "properties": {
        "month": "202608",
        "value": 15.47,
        "units": "degC"
      }
    },
    {
      "type": "Feature",
      "geometry": {
        "type": "Polygon",
        "coordinates": [
          [
            [
              74.6875,
              42.25
            ],
            [
              75.3125,
              42.25
            ],
            [
              75.3125,
              42.0
            ],
            [
              74.6875,
              42.0
            ],
            [
              74.6875,
              42.25
            ]
          ]
        ]
      },
      "properties": {
        "month": "202608",
        "value": 14.4,
        "units": "degC"
      }
    },
    {
      "type": "Feature",
      "geometry": {
        "type": "Polygon",
        "coordinates": [
          [
            [
              75.3125,
              42.25
            ],
            [
              75.9375,
              42.25
            ],
            [
              75.9375,
              42.0
            ],
            [
              75.3125,
              42.0
            ],
            [
              75.3125,
              42.25
            ]
          ]
        ]
      },
      "properties": {
        "month": "202608",
        "value": 14.53,
        "units": "degC"
      }
    },
    {
      "type": "Feature",
      "geometry": {
        "type": "Polygon",
        "coordinates": [
          [
            [
              72.8125,
              42.25
            ],
            [
              72.8125,
              42.75
            ],
            [
              73.4375,
              42.75
            ],
            [
              73.4375,
              42.25
            ],
            [
              72.8125,
              42.25
            ]
          ]
        ]
      },
      "properties": {
        "month": "202608",
        "value": 14.56,
        "units": "degC"
      }
    },
    {
      "type": "Feature",
      "geometry": {
        "type": "Polygon",
        "coordinates": [
          [
            [
              73.4375,
              42.25
            ],
            [
              73.4375,
              42.75
            ],
            [
              74.0625,
              42.75
            ],
            [
              74.0625,
              42.25
            ],
            [
              73.4375,
              42.25
            ]
          ]
        ]
      },
      "properties": {
        "month": "202608",
        "value": 13.03,
        "units": "degC"
      }
    },
    {
      "type": "Feature",
      "geometry": {
        "type": "Polygon",
        "coordinates": [
          [
            [
              74.0625,
              42.25
            ],
            [
              74.0625,
              42.75
            ],
            [
              74.6875,
              42.75
            ],
            [
              74.6875,
              42.25
            ],
            [
              74.0625,
              42.25
            ]
          ]
        ]
      },
      "properties": {
        "month": "202608",
        "value": 14.05,
        "units": "degC"
      }
    },
    {
      "type": "Feature",
      "geometry": {
        "type": "Polygon",
        "coordinates": [
          [
            [
              74.6875,
              42.25
            ],
            [
              74.6875,
              42.75
            ],
            [
              75.3125,
              42.75
            ],
            [
              75.3125,
              42.25
            ],
            [
              74.6875,
              42.25
            ]
          ]
        ]
      },
      "properties": {
        "month": "202608",
        "value": 15.21,
        "units": "degC"
      }
    },
    {
      "type": "Feature",
      "geometry": {
        "type": "Polygon",
        "coordinates": [
          [
            [
              75.3125,
              42.25
            ],
            [
              75.3125,
              42.75
            ],
            [
              75.9375,
              42.75
            ],
            [
              75.9375,
              42.25
            ],
            [
              75.3125,
              42.25
            ]
          ]
        ]
      },
      "properties": {
        "month": "202608",
        "value": 17.58,
        "units": "degC"
      }
    },
    {
      "type": "Feature",
      "geometry": {
        "type": "Polygon",
        "coordinates": [
          [
            [
              72.8125,
              42.75
            ],
            [
              72.8125,
              43.25
            ],
            [
              73.4375,
              43.25
            ],
            [
              73.4375,
              42.75
            ],
            [
              72.8125,
              42.75
            ]
          ]
        ]
      },
      "properties": {
        "month": "202608",
        "value": 27.33,
        "units": "degC"
      }
    },
    {
      "type": "Feature",
      "geometry": {
        "type": "Polygon",
        "coordinates": [
          [
            [
              73.4375,
              42.75
            ],
            [
              73.4375,
              43.25
            ],
            [
              74.0625,
              43.25
            ],
            [
              74.0625,
              42.75
            ],
            [
              73.4375,
              42.75
            ]
          ]
        ]
      },
      "properties": {
        "month": "202608",
        "value": 28.77,
        "units": "degC"
      }
    },
    {
      "type": "Feature",
      "geometry": {
        "type": "Polygon",
        "coordinates": [
          [
            [
              74.0625,
              42.75
            ],
            [
              74.0625,
              43.25
            ],
            [
              74.6875,
              43.25
            ],
            [
              74.6875,
              42.75
            ],
            [
              74.0625,
              42.75
            ]
          ]
        ]
      },
      "properties": {
        "month": "202608",
        "value": 29.06,
        "units": "degC"
      }
    },
    {
      "type": "Feature",
      "geometry": {
        "type": "Polygon",
        "coordinates": [
          [
            [
              74.6875,
              42.75
            ],
            [
              74.6875,
              43.25
            ],
            [
              75.3125,
              43.25
            ],
            [
              75.3125,
              42.75
            ],
            [
              74.6875,
              42.75
            ]
          ]
        ]
      },
      "properties": {
        "month": "202608",
        "value": 26.65,
        "units": "degC"
      }
    },
    {
      "type": "Feature",
      "geometry": {
        "type": "Polygon",
        "coordinates": [
          [
            [
              75.3125,
              42.75
            ],
            [
              75.3125,
              43.25
            ],
            [
              75.9375,
              43.25
            ],
            [
              75.9375,
              42.75
            ],
            [
              75.3125,
              42.75
            ]
          ]
        ]
      },
      "properties": {
        "month": "202608",
        "value": 21.74,
        "units": "degC"
      }
    },
    {
      "type": "Feature",
      "geometry": {
        "type": "Polygon",
        "coordinates": [
          [
            [
              72.8125,
              43.25
            ],
            [
              72.8125,
              43.75
            ],
            [
              73.4375,
              43.75
            ],
            [
              73.4375,
              43.25
            ],
            [
              72.8125,
              43.25
            ]
          ]
        ]
      },
      "properties": {
        "month": "202608",
        "value": 28.59,
        "units": "degC"
      }
    },
    {
      "type": "Feature",
      "geometry": {
        "type": "Polygon",
        "coordinates": [
          [
            [
              73.4375,
              43.25
            ],
            [
              73.4375,
              43.75
            ],
            [
              74.0625,
              43.75
            ],
            [
              74.0625,
              43.25
            ],
            [
              73.4375,
              43.25
            ]
          ]
        ]
      },
      "properties": {
        "month": "202608",
        "value": 28.87,
        "units": "degC"
      }
    },
    {
      "type": "Feature",
      "geometry": {
        "type": "Polygon",
        "coordinates": [
          [
            [
              74.0625,
              43.25
            ],
            [
              74.0625,
              43.75
            ],
            [
              74.6875,
              43.75
            ],
            [
              74.6875,
              43.25
            ],
            [
              74.0625,
              43.25
            ]
          ]
        ]
      },
      "properties": {
        "month": "202608",
        "value": 27.39,
        "units": "degC"
      }
    },
    {
      "type": "Feature",
      "geometry": {
        "type": "Polygon",
        "coordinates": [
          [
            [
              74.6875,
              43.25
            ],
            [
              74.6875,
              43.75
            ],
            [
              75.3125,
              43.75
            ],
            [
              75.3125,
              43.25
            ],
            [
              74.6875,
              43.25
            ]
          ]
        ]
      },
      "properties": {
        "month": "202608",
        "value": 26.17,
        "units": "degC"
      }
    },
    {
      "type": "Feature",
      "geometry": {
        "type": "Polygon",
        "coordinates": [
          [
            [
              75.3125,
              43.25
            ],
            [
              75.3125,
              43.75
            ],
            [
              75.9375,
              43.75
            ],
            [
              75.9375,
              43.25
            ],
            [
              75.3125,
              43.25
            ]
          ]
        ]
      },
      "properties": {
        "month": "202608",
        "value": 27.67,
        "units": "degC"
      }
    },
    {
      "type": "Feature",
      "geometry": {
        "type": "Polygon",
        "coordinates": [
          [
            [
              72.8125,
              43.75
            ],
            [
              72.8125,
              44.25
            ],
            [
              73.4375,
              44.25
            ],
            [
              73.4375,
              43.75
            ],
            [
              72.8125,
              43.75
            ]
          ]
        ]
      },
      "properties": {
        "month": "202608",
        "value": 29.18,
        "units": "degC"
      }
    },
    {
      "type": "Feature",
      "geometry": {
        "type": "Polygon",
        "coordinates": [
          [
            [
              73.4375,
              43.75
            ],
            [
              73.4375,
              44.25
            ],
            [
              74.0625,
              44.25
            ],
            [
              74.0625,
              43.75
            ],
            [
              73.4375,
              43.75
            ]
          ]
        ]
      },
      "properties": {
        "month": "202608",
        "value": 28.86,
        "units": "degC"
      }
    },
    {
      "type": "Feature",
      "geometry": {
        "type": "Polygon",
        "coordinates": [
          [
            [
              74.0625,
              43.75
            ],
            [
              74.0625,
              44.25
            ],
            [
              74.6875,
              44.25
            ],
            [
              74.6875,
              43.75
            ],
            [
              74.0625,
              43.75
            ]
          ]
        ]
      },
      "properties": {
        "month": "202608",
        "value": 27.1,
        "units": "degC"
      }
    },
    {
      "type": "Feature",
      "geometry": {
        "type": "Polygon",
        "coordinates": [
          [
            [
              74.6875,
              43.75
            ],
            [
              74.6875,
              44.25
            ],
            [
              75.3125,
              44.25
            ],
            [
              75.3125,
              43.75
            ],
            [
              74.6875,
              43.75
            ]
          ]
        ]
      },
      "properties": {
        "month": "202608",
        "value": 26.73,
        "units": "degC"
      }
    },
    {
      "type": "Feature",
      "geometry": {
        "type": "Polygon",
        "coordinates": [
          [
            [
              75.3125,
              43.75
            ],
            [
              75.3125,
              44.25
            ],
            [
              75.9375,
              44.25
            ],
            [
              75.9375,
              43.75
            ],
            [
              75.3125,
              43.75
            ]
          ]
        ]
      },
      "properties": {
        "month": "202608",
        "value": 27.38,
        "units": "degC"
      }
    },
    {
      "type": "Feature",
      "geometry": {
        "type": "Polygon",
        "coordinates": [
          [
            [
              72.8125,
              44.25
            ],
            [
              72.8125,
              44.75
            ],
            [
              73.4375,
              44.75
            ],
            [
              73.4375,
              44.25
            ],
            [
              72.8125,
              44.25
            ]
          ]
        ]
      },
      "properties": {
        "month": "202608",
        "value": 28.96,
        "units": "degC"
      }
    },
    {
      "type": "Feature",
      "geometry": {
        "type": "Polygon",
        "coordinates": [
          [
            [
              73.4375,
              44.25
            ],
            [
              73.4375,
              44.75
            ],
            [
              74.0625,
              44.75
            ],
            [
              74.0625,
              44.25
            ],
            [
              73.4375,
              44.25
            ]
          ]
        ]
      },
      "properties": {
        "month": "202608",
        "value": 28.37,
        "units": "degC"
      }
    },
    {
      "type": "Feature",
      "geometry": {
        "type": "Polygon",
        "coordinates": [
          [
            [
              74.0625,
              44.25
            ],
            [
              74.0625,
              44.75
            ],
            [
              74.6875,
              44.75
            ],
            [
              74.6875,
              44.25
            ],
            [
              74.0625,
              44.25
            ]
          ]
        ]
      },
      "properties": {
        "month": "202608",
        "value": 28.04,
        "units": "degC"
      }
    },
    {
      "type": "Feature",
      "geometry": {
        "type": "Polygon",
        "coordinates": [
          [
            [
              74.6875,
              44.25
            ],
            [
              74.6875,
              44.75
            ],
            [
              75.3125,
              44.75
            ],
            [
              75.3125,
              44.25
            ],
            [
              74.6875,
              44.25
            ]
          ]
        ]
      },
      "properties": {
        "month": "202608",
        "value": 28.7,
        "units": "degC"
      }
    },
    {
      "type": "Feature",
      "geometry": {
        "type": "Polygon",
        "coordinates": [
          [
            [
              75.3125,
              44.25
            ],
            [
              75.3125,
              44.75
            ],
            [
              75.9375,
              44.75
            ],
            [
              75.9375,
              44.25
            ],
            [
              75.3125,
              44.25
            ]
          ]
        ]
      },
      "properties": {
        "month": "202608",
        "value": 29.03,
        "units": "degC"
      }
    },
    {
      "type": "Feature",
      "geometry": {
        "type": "Polygon",
        "coordinates": [
          [
            [
              72.8125,
              44.75
            ],
            [
              72.8125,
              45.25
            ],
            [
              73.4375,
              45.25
            ],
            [
              73.4375,
              44.75
            ],
            [
              72.8125,
              44.75
            ]
          ]
        ]
      },
      "properties": {
        "month": "202608",
        "value": 27.6,
        "units": "degC"
      }
    },
    {
      "type": "Feature",
      "geometry": {
        "type": "Polygon",
        "coordinates": [
          [
            [
              73.4375,
              44.75
            ],
            [
              73.4375,
              45.25
            ],
            [
              74.0625,
              45.25
            ],
            [
              74.0625,
              44.75
            ],
            [
              73.4375,
              44.75
            ]
          ]
        ]
      },
      "properties": {
        "month": "202608",
        "value": 27.76,
        "units": "degC"
      }
    },
    {
      "type": "Feature",
      "geometry": {
        "type": "Polygon",
        "coordinates": [
          [
            [
              74.0625,
              44.75
            ],
            [
              74.0625,
              45.25
            ],
            [
              74.6875,
              45.25
            ],
            [
              74.6875,
              44.75
            ],
            [
              74.0625,
              44.75
            ]
          ]
        ]
      },
      "properties": {
        "month": "202608",
        "value": 28.24,
        "units": "degC"
      }
    },
    {
      "type": "Feature",
      "geometry": {
        "type": "Polygon",
        "coordinates": [
          [
            [
              74.6875,
              44.75
            ],
            [
              74.6875,
              45.25
            ],
            [
              75.3125,
              45.25
            ],
            [
              75.3125,
              44.75
            ],
            [
              74.6875,
              44.75
            ]
          ]
        ]
      },
      "properties": {
        "month": "202608",
        "value": 28.75,
        "units": "degC"
      }
    },
    {
      "type": "Feature",
      "geometry": {
        "type": "Polygon",
        "coordinates": [
          [
            [
              75.3125,
              44.75
            ],
            [
              75.3125,
              45.25
            ],
            [
              75.9375,
              45.25
            ],
            [
              75.9375,
              44.75
            ],
            [
              75.3125,
              44.75
            ]
          ]
        ]
      },
      "properties": {
        "month": "202608",
        "value": 28.89,
        "units": "degC"
      }
    },
    {
      "type": "Feature",
      "geometry": {
        "type": "Polygon",
        "coordinates": [
          [
            [
              72.8125,
              45.25
            ],
            [
              72.8125,
              45.75
            ],
            [
              73.4375,
              45.75
            ],
            [
              73.4375,
              45.25
            ],
            [
              72.8125,
              45.25
            ]
          ]
        ]
      },
      "properties": {
        "month": "202608",
        "value": 27.17,
        "units": "degC"
      }
    },
    {
      "type": "Feature",
      "geometry": {
        "type": "Polygon",
        "coordinates": [
          [
            [
              73.4375,
              45.25
            ],
            [
              73.4375,
              45.75
            ],
            [
              74.0625,
              45.75
            ],
            [
              74.0625,
              45.25
            ],
            [
              73.4375,
              45.25
            ]
          ]
        ]
      },
      "properties": {
        "month": "202608",
        "value": 27.37,
        "units": "degC"
      }
    },
    {
      "type": "Feature",
      "geometry": {
        "type": "Polygon",
        "coordinates": [
          [
            [
              74.0625,
              45.25
            ],
            [
              74.0625,
              45.75
            ],
            [
              74.6875,
              45.75
            ],
            [
              74.6875,
              45.25
            ],
            [
              74.0625,
              45.25
            ]
          ]
        ]
      },
      "properties": {
        "month": "202608",
        "value": 27.61,
        "units": "degC"
      }
    },
    {
      "type": "Feature",
      "geometry": {
        "type": "Polygon",
        "coordinates": [
          [
            [
              74.6875,
              45.25
            ],
            [
              74.6875,
              45.75
            ],
            [
              75.3125,
              45.75
            ],
            [
              75.3125,
              45.25
            ],
            [
              74.6875,
              45.25
            ]
          ]
        ]
      },
      "properties": {
        "month": "202608",
        "value": 28.0,
        "units": "degC"
      }
    },
    {
      "type": "Feature",
      "geometry": {
        "type": "Polygon",
        "coordinates": [
          [
            [
              75.3125,
              45.25
            ],
            [
              75.3125,
              45.75
            ],
            [
              75.9375,
              45.75
            ],
            [
              75.9375,
              45.25
            ],
            [
              75.3125,
              45.25
            ]
          ]
        ]
      },
      "properties": {
        "month": "202608",
        "value": 28.09,
        "units": "degC"
      }
    },
    {
      "type": "Feature",
      "geometry": {
        "type": "Polygon",
        "coordinates": [
          [
            [
              72.8125,
              45.75
            ],
            [
              72.8125,
              46.25
            ],
            [
              73.4375,
              46.25
            ],
            [
              73.4375,
              45.75
            ],
            [
              72.8125,
              45.75
            ]
          ]
        ]
      },
      "properties": {
        "month": "202608",
        "value": 26.95,
        "units": "degC"
      }
    },
    {
      "type": "Feature",
      "geometry": {
        "type": "Polygon",
        "coordinates": [
          [
            [
              73.4375,
              45.75
            ],
            [
              73.4375,
              46.25
            ],
            [
              74.0625,
              46.25
            ],
            [
              74.0625,
              45.75
            ],
            [
              73.4375,
              45.75
            ]
          ]
        ]
      },
      "properties": {
        "month": "202608",
        "value": 26.99,
        "units": "degC"
      }
    },
    {
      "type": "Feature",
      "geometry": {
        "type": "Polygon",
        "coordinates": [
          [
            [
              74.0625,
              45.75
            ],
            [
              74.0625,
              46.25
            ],
            [
              74.6875,
              46.25
            ],
            [
              74.6875,
              45.75
            ],
            [
              74.0625,
              45.75
            ]
          ]
        ]
      },
      "properties": {
        "month": "202608",
        "value": 27.03,
        "units": "degC"
      }
    },
    {
      "type": "Feature",
      "geometry": {
        "type": "Polygon",
        "coordinates": [
          [
            [
              74.6875,
              45.75
            ],
            [
              74.6875,
              46.25
            ],
            [
              75.3125,
              46.25
            ],
            [
              75.3125,
              45.75
            ],
            [
              74.6875,
              45.75
            ]
          ]
        ]
      },
      "properties": {
        "month": "202608",
        "value": 27.33,
        "units": "degC"
      }
    },
    {
      "type": "Feature",
      "geometry": {
        "type": "Polygon",
        "coordinates": [
          [
            [
              75.3125,
              45.75
            ],
            [
              75.3125,
              46.25
            ],
            [
              75.9375,
              46.25
            ],
            [
              75.9375,
              45.75
            ],
            [
              75.3125,
              45.75
            ]
          ]
        ]
      },
      "properties": {
        "month": "202608",
        "value": 27.41,
        "units": "degC"
      }
    },
    {
      "type": "Feature",
      "geometry": {
        "type": "Polygon",
        "coordinates": [
          [
            [
              72.8125,
              46.25
            ],
            [
              72.8125,
              46.75
            ],
            [
              73.4375,
              46.75
            ],
            [
              73.4375,
              46.25
            ],
            [
              72.8125,
              46.25
            ]
          ]
        ]
      },
      "properties": {
        "month": "202608",
        "value": 26.43,
        "units": "degC"
      }
    },
    {
      "type": "Feature",
      "geometry": {
        "type": "Polygon",
        "coordinates": [
          [
            [
              73.4375,
              46.25
            ],
            [
              73.4375,
              46.75
            ],
            [
              74.0625,
              46.75
            ],
            [
              74.0625,
              46.25
            ],
            [
              73.4375,
              46.25
            ]
          ]
        ]
      },
      "properties": {
        "month": "202608",
        "value": 26.79,
        "units": "degC"
      }
    },
    {
      "type": "Feature",
      "geometry": {
        "type": "Polygon",
        "coordinates": [
          [
            [
              74.0625,
              46.25
            ],
            [
              74.0625,
              46.75
            ],
            [
              74.6875,
              46.75
            ],
            [
              74.6875,
              46.25
            ],
            [
              74.0625,
              46.25
            ]
          ]
        ]
      },
      "properties": {
        "month": "202608",
        "value": 26.76,
        "units": "degC"
      }
    },
    {
      "type": "Feature",
      "geometry": {
        "type": "Polygon",
        "coordinates": [
          [
            [
              74.6875,
              46.25
            ],
            [
              74.6875,
              46.75
            ],
            [
              75.3125,
              46.75
            ],
            [
              75.3125,
              46.25
            ],
            [
              74.6875,
              46.25
            ]
          ]
        ]
      },
      "properties": {
        "month": "202608",
        "value": 26.82,
        "units": "degC"
      }
    },
    {
      "type": "Feature",
      "geometry": {
        "type": "Polygon",
        "coordinates": [
          [
            [
              75.3125,
              46.25
            ],
            [
              75.3125,
              46.75
            ],
            [
              75.9375,
              46.75
            ],
            [
              75.9375,
              46.25
            ],
            [
              75.3125,
              46.25
            ]
          ]
        ]
      },
      "properties": {
        "month": "202608",
        "value": 26.98,
        "units": "degC"
      }
    },
    {
      "type": "Feature",
      "geometry": {
        "type": "Polygon",
        "coordinates": [
          [
            [
              72.8125,
              46.75
            ],
            [
              72.8125,
              47.25
            ],
            [
              73.4375,
              47.25
            ],
            [
              73.4375,
              46.75
            ],
            [
              72.8125,
              46.75
            ]
          ]
        ]
      },
      "properties": {
        "month": "202608",
        "value": 25.03,
        "units": "degC"
      }
    },
    {
      "type": "Feature",
      "geometry": {
        "type": "Polygon",
        "coordinates": [
          [
            [
              73.4375,
              46.75
            ],
            [
              73.4375,
              47.25
            ],
            [
              74.0625,
              47.25
            ],
            [
              74.0625,
              46.75
            ],
            [
              73.4375,
              46.75
            ]
          ]
        ]
      },
      "properties": {
        "month": "202608",
        "value": 25.75,
        "units": "degC"
      }
    },
    {
      "type": "Feature",
      "geometry": {
        "type": "Polygon",
        "coordinates": [
          [
            [
              74.0625,
              46.75
            ],
            [
              74.0625,
              47.25
            ],
            [
              74.6875,
              47.25
            ],
            [
              74.6875,
              46.75
            ],
            [
              74.0625,
              46.75
            ]
          ]
        ]
      },
      "properties": {
        "month": "202608",
        "value": 26.22,
        "units": "degC"
      }
    },
    {
      "type": "Feature",
      "geometry": {
        "type": "Polygon",
        "coordinates": [
          [
            [
              74.6875,
              46.75
            ],
            [
              74.6875,
              47.25
            ],
            [
              75.3125,
              47.25
            ],
            [
              75.3125,
              46.75
            ],
            [
              74.6875,
              46.75
            ]
          ]
        ]
      },
      "properties": {
        "month": "202608",
        "value": 26.13,
        "units": "degC"
      }
    },
    {
      "type": "Feature",
      "geometry": {
        "type": "Polygon",
        "coordinates": [
          [
            [
              75.3125,
              46.75
            ],
            [
              75.3125,
              47.25
            ],
            [
              75.9375,
              47.25
            ],
            [
              75.9375,
              46.75
            ],
            [
              75.3125,
              46.75
            ]
          ]
        ]
      },
      "properties": {
        "month": "202608",
        "value": 26.28,
        "units": "degC"
      }
    },
    {
      "type": "Feature",
      "geometry": {
        "type": "Polygon",
        "coordinates": [
          [
            [
              72.8125,
              47.25
            ],
            [
              72.8125,
              47.75
            ],
            [
              73.4375,
              47.75
            ],
            [
              73.4375,
              47.25
            ],
            [
              72.8125,
              47.25
            ]
          ]
        ]
      },
      "properties": {
        "month": "202608",
        "value": 23.24,
        "units": "degC"
      }
    },
    {
      "type": "Feature",
      "geometry": {
        "type": "Polygon",
        "coordinates": [
          [
            [
              73.4375,
              47.25
            ],
            [
              73.4375,
              47.75
            ],
            [
              74.0625,
              47.75
            ],
            [
              74.0625,
              47.25
            ],
            [
              73.4375,
              47.25
            ]
          ]
        ]
      },
      "properties": {
        "month": "202608",
        "value": 24.12,
        "units": "degC"
      }
    },
    {
      "type": "Feature",
      "geometry": {
        "type": "Polygon",
        "coordinates": [
          [
            [
              74.0625,
              47.25
            ],
            [
              74.0625,
              47.75
            ],
            [
              74.6875,
              47.75
            ],
            [
              74.6875,
              47.25
            ],
            [
              74.0625,
              47.25
            ]
          ]
        ]
      },
      "properties": {
        "month": "202608",
        "value": 24.76,
        "units": "degC"
      }
    },
    {
      "type": "Feature",
      "geometry": {
        "type": "Polygon",
        "coordinates": [
          [
            [
              74.6875,
              47.25
            ],
            [
              74.6875,
              47.75
            ],
            [
              75.3125,
              47.75
            ],
            [
              75.3125,
              47.25
            ],
            [
              74.6875,
              47.25
            ]
          ]
        ]
      },
      "properties": {
        "month": "202608",
        "value": 24.45,
        "units": "degC"
      }
    },
    {
      "type": "Feature",
      "geometry": {
        "type": "Polygon",
        "coordinates": [
          [
            [
              75.3125,
              47.25
            ],
            [
              75.3125,
              47.75
            ],
            [
              75.9375,
              47.75
            ],
            [
              75.9375,
              47.25
            ],
            [
              75.3125,
              47.25
            ]
          ]
        ]
      },
      "properties": {
        "month": "202608",
        "value": 24.88,
        "units": "degC"
      }
    },
    {
      "type": "Feature",
      "geometry": {
        "type": "Polygon",
        "coordinates": [
          [
            [
              72.8125,
              47.75
            ],
            [
              72.8125,
              48.25
            ],
            [
              73.4375,
              48.25
            ],
            [
              73.4375,
              47.75
            ],
            [
              72.8125,
              47.75
            ]
          ]
        ]
      },
      "properties": {
        "month": "202608",
        "value": 22.03,
        "units": "degC"
      }
    },
    {
      "type": "Feature",
      "geometry": {
        "type": "Polygon",
        "coordinates": [
          [
            [
              73.4375,
              47.75
            ],
            [
              73.4375,
              48.25
            ],
            [
              74.0625,
              48.25
            ],
            [
              74.0625,
              47.75
            ],
            [
              73.4375,
              47.75
            ]
          ]
        ]
      },
      "properties": {
        "month": "202608",
        "value": 22.63,
        "units": "degC"
      }
    },
    {
      "type": "Feature",
      "geometry": {
        "type": "Polygon",
        "coordinates": [
          [
            [
              74.0625,
              47.75
            ],
            [
              74.0625,
              48.25
            ],
            [
              74.6875,
              48.25
            ],
            [
              74.6875,
              47.75
            ],
            [
              74.0625,
              47.75
            ]
          ]
        ]
      },
      "properties": {
        "month": "202608",
        "value": 22.77,
        "units": "degC"
      }
    },
    {
      "type": "Feature",
      "geometry": {
        "type": "Polygon",
        "coordinates": [
          [
            [
              74.6875,
              47.75
            ],
            [
              74.6875,
              48.25
            ],
            [
              75.3125,
              48.25
            ],
            [
              75.3125,
              47.75
            ],
            [
              74.6875,
              47.75
            ]
          ]
        ]
      },
      "properties": {
        "month": "202608",
        "value": 22.49,
        "units": "degC"
      }
    },
    {
      "type": "Feature",
      "geometry": {
        "type": "Polygon",
        "coordinates": [
          [
            [
              75.3125,
              47.75
            ],
            [
              75.3125,
              48.25
            ],
            [
              75.9375,
              48.25
            ],
            [
              75.9375,
              47.75
            ],
            [
              75.3125,
              47.75
            ]
          ]
        ]
      },
      "properties": {
        "month": "202608",
        "value": 22.93,
        "units": "degC"
      }
    },
    {
      "type": "Feature",
      "geometry": {
        "type": "Polygon",
        "coordinates": [
          [
            [
              72.8125,
              48.25
            ],
            [
              72.8125,
              48.75
            ],
            [
              73.4375,
              48.75
            ],
            [
              73.4375,
              48.25
            ],
            [
              72.8125,
              48.25
            ]
          ]
        ]
      },
      "properties": {
        "month": "202608",
        "value": 21.9,
        "units": "degC"
      }
    },
    {
      "type": "Feature",
      "geometry": {
        "type": "Polygon",
        "coordinates": [
          [
            [
              73.4375,
              48.25
            ],
            [
              73.4375,
              48.75
            ],
            [
              74.0625,
              48.75
            ],
            [
              74.0625,
              48.25
            ],
            [
              73.4375,
              48.25
            ]
          ]
        ]
      },
      "properties": {
        "month": "202608",
        "value": 21.25,
        "units": "degC"
      }
    },
    {
      "type": "Feature",
      "geometry": {
        "type": "Polygon",
        "coordinates": [
          [
            [
              74.0625,
              48.25
            ],
            [
              74.0625,
              48.75
            ],
            [
              74.6875,
              48.75
            ],
            [
              74.6875,
              48.25
            ],
            [
              74.0625,
              48.25
            ]
          ]
        ]
      },
      "properties": {
        "month": "202608",
        "value": 20.66,
        "units": "degC"
      }
    },
    {
      "type": "Feature",
      "geometry": {
        "type": "Polygon",
        "coordinates": [
          [
            [
              74.6875,
              48.25
            ],
            [
              74.6875,
              48.75
            ],
            [
              75.3125,
              48.75
            ],
            [
              75.3125,
              48.25
            ],
            [
              74.6875,
              48.25
            ]
          ]
        ]
      },
      "properties": {
        "month": "202608",
        "value": 20.23,
        "units": "degC"
      }
    },
    {
      "type": "Feature",
      "geometry": {
        "type": "Polygon",
        "coordinates": [
          [
            [
              75.3125,
              48.25
            ],
            [
              75.3125,
              48.75
            ],
            [
              75.9375,
              48.75
            ],
            [
              75.9375,
              48.25
            ],
            [
              75.3125,
              48.25
            ]
          ]
        ]
      },
      "properties": {
        "month": "202608",
        "value": 20.39,
        "units": "degC"
      }
    },
    {
      "type": "Feature",
      "geometry": {
        "type": "Polygon",
        "coordinates": [
          [
            [
              73.4375,
              48.75
            ],
            [
              72.8125,
              48.75
            ],
            [
              72.8125,
              49.0
            ],
            [
              73.4375,
              49.0
            ],
            [
              73.4375,
              48.75
            ]
          ]
        ]
      },
      "properties": {
        "month": "202608",
        "value": 21.39,
        "units": "degC"
      }
    },
    {
      "type": "Feature",
      "geometry": {
        "type": "Polygon",
        "coordinates": [
          [
            [
              74.0625,
              48.75
            ],
            [
              73.4375,
              48.75
            ],
            [
              73.4375,
              49.0
            ],
            [
              74.0625,
              49.0
            ],
            [
              74.0625,
              48.75
            ]
          ]
        ]
      },
      "properties": {
        "month": "202608",
        "value": 20.69,
        "units": "degC"
      }
    },
    {
      "type": "Feature",
      "geometry": {
        "type": "Polygon",
        "coordinates": [
          [
            [
              74.6875,
              48.75
            ],
            [
              74.0625,
              48.75
            ],
            [
              74.0625,
              49.0
            ],
            [
              74.6875,
              49.0
            ],
            [
              74.6875,
              48.75
            ]
          ]
        ]
      },
      "properties": {
        "month": "202608",
        "value": 19.72,
        "units": "degC"
      }
    },
    {
      "type": "Feature",
      "geometry": {
        "type": "Polygon",
        "coordinates": [
          [
            [
              75.3125,
              48.75
            ],
            [
              74.6875,
              48.75
            ],
            [
              74.6875,
              49.0
            ],
            [
              75.3125,
              49.0
            ],
            [
              75.3125,
              48.75
            ]
          ]
        ]
      },
      "properties": {
        "month": "202608",
        "value": 19.32,
        "units": "degC"
      }
    },
    {
      "type": "Feature",
      "geometry": {
        "type": "Polygon",
        "coordinates": [
          [
            [
              75.9375,
              48.75
            ],
            [
              75.3125,
              48.75
            ],
            [
              75.3125,
              49.0
            ],
            [
              75.9375,
              49.0
            ],
            [
              75.9375,
              48.75
            ]
          ]
        ]
      },
      "properties": {
        "month": "202608",
        "value": 18.84,
        "units": "degC"
      }
    },
    {
      "type": "Feature",
      "geometry": {
        "type": "Polygon",
        "coordinates": [
          [
            [
              75.9375,
              42.25
            ],
            [
              76.5625,
              42.25
            ],
            [
              76.5625,
              42.0
            ],
            [
              75.9375,
              42.0
            ],
            [
              75.9375,
              42.25
            ]
          ]
        ]
      },
      "properties": {
        "month": "202608",
        "value": 14.83,
        "units": "degC"
      }
    },
    {
      "type": "Feature",
      "geometry": {
        "type": "Polygon",
        "coordinates": [
          [
            [
              76.5625,
              42.25
            ],
            [
              77.1875,
              42.25
            ],
            [
              77.1875,
              42.0
            ],
            [
              76.5625,
              42.0
            ],
            [
              76.5625,
              42.25
            ]
          ]
        ]
      },
      "properties": {
        "month": "202608",
        "value": 15.12,
        "units": "degC"
      }
    },
    {
      "type": "Feature",
      "geometry": {
        "type": "Polygon",
        "coordinates": [
          [
            [
              77.1875,
              42.25
            ],
            [
              77.8125,
              42.25
            ],
            [
              77.8125,
              42.0
            ],
            [
              77.1875,
              42.0
            ],
            [
              77.1875,
              42.25
            ]
          ]
        ]
      },
      "properties": {
        "month": "202608",
        "value": 13.12,
        "units": "degC"
      }
    },
    {
      "type": "Feature",
      "geometry": {
        "type": "Polygon",
        "coordinates": [
          [
            [
              77.8125,
              42.25
            ],
            [
              78.4375,
              42.25
            ],
            [
              78.4375,
              42.0
            ],
            [
              77.8125,
              42.0
            ],
            [
              77.8125,
              42.25
            ]
          ]
        ]
      },
      "properties": {
        "month": "202608",
        "value": 9.06,
        "units": "degC"
      }
    },
    {
      "type": "Feature",
      "geometry": {
        "type": "Polygon",
        "coordinates": [
          [
            [
              78.4375,
              42.25
            ],
            [
              79.0625,
              42.25
            ],
            [
              79.0625,
              42.0
            ],
            [
              78.4375,
              42.0
            ],
            [
              78.4375,
              42.25
            ]
          ]
        ]
      },
      "properties": {
        "month": "202608",
        "value": 7.28,
        "units": "degC"
      }
    },
    {
      "type": "Feature",
      "geometry": {
        "type": "Polygon",
        "coordinates": [
          [
            [
              79.0625,
              42.25
            ],
            [
              79.6875,
              42.25
            ],
            [
              79.6875,
              42.0
            ],
            [
              79.0625,
              42.0
            ],
            [
              79.0625,
              42.25
            ]
          ]
        ]
      },
      "properties": {
        "month": "202608",
        "value": 8.74,
        "units": "degC"
      }
    },
    {
      "type": "Feature",
      "geometry": {
        "type": "Polygon",
        "coordinates": [
          [
            [
              79.6875,
              42.25
            ],
            [
              80.3125,
              42.25
            ],
            [
              80.3125,
              42.0
            ],
            [
              79.6875,
              42.0
            ],
            [
              79.6875,
              42.25
            ]
          ]
        ]
      },
      "properties": {
        "month": "202608",
        "value": 7.27,
        "units": "degC"
      }
    },
    {
      "type": "Feature",
      "geometry": {
        "type": "Polygon",
        "coordinates": [
          [
            [
              75.9375,
              42.25
            ],
            [
              75.9375,
              42.75
            ],
            [
              76.5625,
              42.75
            ],
            [
              76.5625,
              42.25
            ],
            [
              75.9375,
              42.25
            ]
          ]
        ]
      },
      "properties": {
        "month": "202608",
        "value": 17.66,
        "units": "degC"
      }
    },
    {
      "type": "Feature",
      "geometry": {
        "type": "Polygon",
        "coordinates": [
          [
            [
              76.5625,
              42.25
            ],
            [
              76.5625,
              42.75
            ],
            [
              77.1875,
              42.75
            ],
            [
              77.1875,
              42.25
            ],
            [
              76.5625,
              42.25
            ]
          ]
        ]
      },
      "properties": {
        "month": "202608",
        "value": 18.55,
        "units": "degC"
      }
    },
    {
      "type": "Feature",
      "geometry": {
        "type": "Polygon",
        "coordinates": [
          [
            [
              77.1875,
              42.25
            ],
            [
              77.1875,
              42.75
            ],
            [
              77.8125,
              42.75
            ],
            [
              77.8125,
              42.25
            ],
            [
              77.1875,
              42.25
            ]
          ]
        ]
      },
      "properties": {
        "month": "202608",
        "value": 21.28,
        "units": "degC"
      }
    },
    {
      "type": "Feature",
      "geometry": {
        "type": "Polygon",
        "coordinates": [
          [
            [
              77.8125,
              42.25
            ],
            [
              77.8125,
              42.75
            ],
            [
              78.4375,
              42.75
            ],
            [
              78.4375,
              42.25
            ],
            [
              77.8125,
              42.25
            ]
          ]
        ]
      },
      "properties": {
        "month": "202608",
        "value": 17.46,
        "units": "degC"
      }
    },
    {
      "type": "Feature",
      "geometry": {
        "type": "Polygon",
        "coordinates": [
          [
            [
              78.4375,
              42.25
            ],
            [
              78.4375,
              42.75
            ],
            [
              79.0625,
              42.75
            ],
            [
              79.0625,
              42.25
            ],
            [
              78.4375,
              42.25
            ]
          ]
        ]
      },
      "properties": {
        "month": "202608",
        "value": 12.97,
        "units": "degC"
      }
    },
    {
      "type": "Feature",
      "geometry": {
        "type": "Polygon",
        "coordinates": [
          [
            [
              79.0625,
              42.25
            ],
            [
              79.0625,
              42.75
            ],
            [
              79.6875,
              42.75
            ],
            [
              79.6875,
              42.25
            ],
            [
              79.0625,
              42.25
            ]
          ]
        ]
      },
      "properties": {
        "month": "202608",
        "value": 11.05,
        "units": "degC"
      }
    },
    {
      "type": "Feature",
      "geometry": {
        "type": "Polygon",
        "coordinates": [
          [
            [
              79.6875,
              42.25
            ],
            [
              79.6875,
              42.75
            ],
            [
              80.3125,
              42.75
            ],
            [
              80.3125,
              42.25
            ],
            [
              79.6875,
              42.25
            ]
          ]
        ]
      },
      "properties": {
        "month": "202608",
        "value": 10.79,
        "units": "degC"
      }
    },
    {
      "type": "Feature",
      "geometry": {
        "type": "Polygon",
        "coordinates": [
          [
            [
              75.9375,
              42.75
            ],
            [
              75.9375,
              43.25
            ],
            [
              76.5625,
              43.25
            ],
            [
              76.5625,
              42.75
            ],
            [
              75.9375,
              42.75
            ]
          ]
        ]
      },
      "properties": {
        "month": "202608",
        "value": 18.93,
        "units": "degC"
      }
    },
    {
      "type": "Feature",
      "geometry": {
        "type": "Polygon",
        "coordinates": [
          [
            [
              76.5625,
              42.75
            ],
            [
              76.5625,
              43.25
            ],
            [
              77.1875,
              43.25
            ],
            [
              77.1875,
              42.75
            ],
            [
              76.5625,
              42.75
            ]
          ]
        ]
      },
      "properties": {
        "month": "202608",
        "value": 14.99,
        "units": "degC"
      }
    },
    {
      "type": "Feature",
      "geometry": {
        "type": "Polygon",
        "coordinates": [
          [
            [
              77.1875,
              42.75
            ],
            [
              77.1875,
              43.25
            ],
            [
              77.8125,
              43.25
            ],
            [
              77.8125,
              42.75
            ],
            [
              77.1875,
              42.75
            ]
          ]
        ]
      },
      "properties": {
        "month": "202608",
        "value": 11.38,
        "units": "degC"
      }
    },
    {
      "type": "Feature",
      "geometry": {
        "type": "Polygon",
        "coordinates": [
          [
            [
              77.8125,
              42.75
            ],
            [
              77.8125,
              43.25
            ],
            [
              78.4375,
              43.25
            ],
            [
              78.4375,
              42.75
            ],
            [
              77.8125,
              42.75
            ]
          ]
        ]
      },
      "properties": {
        "month": "202608",
        "value": 15.5,
        "units": "degC"
      }
    },
    {
      "type": "Feature",
      "geometry": {
        "type": "Polygon",
        "coordinates": [
          [
            [
              78.4375,
              42.75
            ],
            [
              78.4375,
              43.25
            ],
            [
              79.0625,
              43.25
            ],
            [
              79.0625,
              42.75
            ],
            [
              78.4375,
              42.75
            ]
          ]
        ]
      },
      "properties": {
        "month": "202608",
        "value": 18.92,
        "units": "degC"
      }
    },
    {
      "type": "Feature",
      "geometry": {
        "type": "Polygon",
        "coordinates": [
          [
            [
              79.0625,
              42.75
            ],
            [
              79.0625,
              43.25
            ],
            [
              79.6875,
              43.25
            ],
            [
              79.6875,
              42.75
            ],
            [
              79.0625,
              42.75
            ]
          ]
        ]
      },
      "properties": {
        "month": "202608",
        "value": 17.66,
        "units": "degC"
      }
    },
    {
      "type": "Feature",
      "geometry": {
        "type": "Polygon",
        "coordinates": [
          [
            [
              79.6875,
              42.75
            ],
            [
              79.6875,
              43.25
            ],
            [
              80.3125,
              43.25
            ],
            [
              80.3125,
              42.75
            ],
            [
              79.6875,
              42.75
            ]
          ]
        ]
      },
      "properties": {
        "month": "202608",
        "value": 15.45,
        "units": "degC"
      }
    },
    {
      "type": "Feature",
      "geometry": {
        "type": "Polygon",
        "coordinates": [
          [
            [
              75.9375,
              43.25
            ],
            [
              75.9375,
              43.75
            ],
            [
              76.5625,
              43.75
            ],
            [
              76.5625,
              43.25
            ],
            [
              75.9375,
              43.25
            ]
          ]
        ]
      },
      "properties": {
        "month": "202608",
        "value": 28.42,
        "units": "degC"
      }
    },
    {
      "type": "Feature",
      "geometry": {
        "type": "Polygon",
        "coordinates": [
          [
            [
              76.5625,
              43.25
            ],
            [
              76.5625,
              43.75
            ],
            [
              77.1875,
              43.75
            ],
            [
              77.1875,
              43.25
            ],
            [
              76.5625,
              43.25
            ]
          ]
        ]
      },
      "properties": {
        "month": "202608",
        "value": 29.11,
        "units": "degC"
      }
    },
    {
      "type": "Feature",
      "geometry": {
        "type": "Polygon",
        "coordinates": [
          [
            [
              77.1875,
              43.25
            ],
            [
              77.1875,
              43.75
            ],
            [
              77.8125,
              43.75
            ],
            [
              77.8125,
              43.25
            ],
            [
              77.1875,
              43.25
            ]
          ]
        ]
      },
      "properties": {
        "month": "202608",
        "value": 27.99,
        "units": "degC"
      }
    },
    {
      "type": "Feature",
      "geometry": {
        "type": "Polygon",
        "coordinates": [
          [
            [
              77.8125,
              43.25
            ],
            [
              77.8125,
              43.75
            ],
            [
              78.4375,
              43.75
            ],
            [
              78.4375,
              43.25
            ],
            [
              77.8125,
              43.25
            ]
          ]
        ]
      },
      "properties": {
        "month": "202608",
        "value": 25.29,
        "units": "degC"
      }
    },
    {
      "type": "Feature",
      "geometry": {
        "type": "Polygon",
        "coordinates": [
          [
            [
              78.4375,
              43.25
            ],
            [
              78.4375,
              43.75
            ],
            [
              79.0625,
              43.75
            ],
            [
              79.0625,
              43.25
            ],
            [
              78.4375,
              43.25
            ]
          ]
        ]
      },
      "properties": {
        "month": "202608",
        "value": 25.43,
        "units": "degC"
      }
    },
    {
      "type": "Feature",
      "geometry": {
        "type": "Polygon",
        "coordinates": [
          [
            [
              79.0625,
              43.25
            ],
            [
              79.0625,
              43.75
            ],
            [
              79.6875,
              43.75
            ],
            [
              79.6875,
              43.25
            ],
            [
              79.0625,
              43.25
            ]
          ]
        ]
      },
      "properties": {
        "month": "202608",
        "value": 25.9,
        "units": "degC"
      }
    },
    {
      "type": "Feature",
      "geometry": {
        "type": "Polygon",
        "coordinates": [
          [
            [
              79.6875,
              43.25
            ],
            [
              79.6875,
              43.75
            ],
            [
              80.3125,
              43.75
            ],
            [
              80.3125,
              43.25
            ],
            [
              79.6875,
              43.25
            ]
          ]
        ]
      },
      "properties": {
        "month": "202608",
        "value": 24.96,
        "units": "degC"
      }
    },
    {
      "type": "Feature",
      "geometry": {
        "type": "Polygon",
        "coordinates": [
          [
            [
              75.9375,
              43.75
            ],
            [
              75.9375,
              44.25
            ],
            [
              76.5625,
              44.25
            ],
            [
              76.5625,
              43.75
            ],
            [
              75.9375,
              43.75
            ]
          ]
        ]
      },
      "properties": {
        "month": "202608",
        "value": 28.34,
        "units": "degC"
      }
    },
    {
      "type": "Feature",
      "geometry": {
        "type": "Polygon",
        "coordinates": [
          [
            [
              76.5625,
              43.75
            ],
            [
              76.5625,
              44.25
            ],
            [
              77.1875,
              44.25
            ],
            [
              77.1875,
              43.75
            ],
            [
              76.5625,
              43.75
            ]
          ]
        ]
      },
      "properties": {
        "month": "202608",
        "value": 28.41,
        "units": "degC"
      }
    },
    {
      "type": "Feature",
      "geometry": {
        "type": "Polygon",
        "coordinates": [
          [
            [
              77.1875,
              43.75
            ],
            [
              77.1875,
              44.25
            ],
            [
              77.8125,
              44.25
            ],
            [
              77.8125,
              43.75
            ],
            [
              77.1875,
              43.75
            ]
          ]
        ]
      },
      "properties": {
        "month": "202608",
        "value": 28.37,
        "units": "degC"
      }
    },
    {
      "type": "Feature",
      "geometry": {
        "type": "Polygon",
        "coordinates": [
          [
            [
              77.8125,
              43.75
            ],
            [
              77.8125,
              44.25
            ],
            [
              78.4375,
              44.25
            ],
            [
              78.4375,
              43.75
            ],
            [
              77.8125,
              43.75
            ]
          ]
        ]
      },
      "properties": {
        "month": "202608",
        "value": 26.21,
        "units": "degC"
      }
    },
    {
      "type": "Feature",
      "geometry": {
        "type": "Polygon",
        "coordinates": [
          [
            [
              78.4375,
              43.75
            ],
            [
              78.4375,
              44.25
            ],
            [
              79.0625,
              44.25
            ],
            [
              79.0625,
              43.75
            ],
            [
              78.4375,
              43.75
            ]
          ]
        ]
      },
      "properties": {
        "month": "202608",
        "value": 26.89,
        "units": "degC"
      }
    },
    {
      "type": "Feature",
      "geometry": {
        "type": "Polygon",
        "coordinates": [
          [
            [
              79.0625,
              43.75
            ],
            [
              79.0625,
              44.25
            ],
            [
              79.6875,
              44.25
            ],
            [
              79.6875,
              43.75
            ],
            [
              79.0625,
              43.75
            ]
          ]
        ]
      },
      "properties": {
        "month": "202608",
        "value": 27.98,
        "units": "degC"
      }
    },
    {
      "type": "Feature",
      "geometry": {
        "type": "Polygon",
        "coordinates": [
          [
            [
              79.6875,
              43.75
            ],
            [
              79.6875,
              44.25
            ],
            [
              80.3125,
              44.25
            ],
            [
              80.3125,
              43.75
            ],
            [
              79.6875,
              43.75
            ]
          ]
        ]
      },
      "properties": {
        "month": "202608",
        "value": 28.77,
        "units": "degC"
      }
    },
    {
      "type": "Feature",
      "geometry": {
        "type": "Polygon",
        "coordinates": [
          [
            [
              75.9375,
              44.25
            ],
            [
              75.9375,
              44.75
            ],
            [
              76.5625,
              44.75
            ],
            [
              76.5625,
              44.25
            ],
            [
              75.9375,
              44.25
            ]
          ]
        ]
      },
      "properties": {
        "month": "202608",
        "value": 29.19,
        "units": "degC"
      }
    },
    {
      "type": "Feature",
      "geometry": {
        "type": "Polygon",
        "coordinates": [
          [
            [
              76.5625,
              44.25
            ],
            [
              76.5625,
              44.75
            ],
            [
              77.1875,
              44.75
            ],
            [
              77.1875,
              44.25
            ],
            [
              76.5625,
              44.25
            ]
          ]
        ]
      },
      "properties": {
        "month": "202608",
        "value": 28.97,
        "units": "degC"
      }
    },
    {
      "type": "Feature",
      "geometry": {
        "type": "Polygon",
        "coordinates": [
          [
            [
              77.1875,
              44.25
            ],
            [
              77.1875,
              44.75
            ],
            [
              77.8125,
              44.75
            ],
            [
              77.8125,
              44.25
            ],
            [
              77.1875,
              44.25
            ]
          ]
        ]
      },
      "properties": {
        "month": "202608",
        "value": 26.96,
        "units": "degC"
      }
    },
    {
      "type": "Feature",
      "geometry": {
        "type": "Polygon",
        "coordinates": [
          [
            [
              77.8125,
              44.25
            ],
            [
              77.8125,
              44.75
            ],
            [
              78.4375,
              44.75
            ],
            [
              78.4375,
              44.25
            ],
            [
              77.8125,
              44.25
            ]
          ]
        ]
      },
      "properties": {
        "month": "202608",
        "value": 25.08,
        "units": "degC"
      }
    },
    {
      "type": "Feature",
      "geometry": {
        "type": "Polygon",
        "coordinates": [
          [
            [
              78.4375,
              44.25
            ],
            [
              78.4375,
              44.75
            ],
            [
              79.0625,
              44.75
            ],
            [
              79.0625,
              44.25
            ],
            [
              78.4375,
              44.25
            ]
          ]
        ]
      },
      "properties": {
        "month": "202608",
        "value": 21.07,
        "units": "degC"
      }
    },
    {
      "type": "Feature",
      "geometry": {
        "type": "Polygon",
        "coordinates": [
          [
            [
              79.0625,
              44.25
            ],
            [
              79.0625,
              44.75
            ],
            [
              79.6875,
              44.75
            ],
            [
              79.6875,
              44.25
            ],
            [
              79.0625,
              44.25
            ]
          ]
        ]
      },
      "properties": {
        "month": "202608",
        "value": 18.06,
        "units": "degC"
      }
    },
    {
      "type": "Feature",
      "geometry": {
        "type": "Polygon",
        "coordinates": [
          [
            [
              79.6875,
              44.25
            ],
            [
              79.6875,
              44.75
            ],
            [
              80.3125,
              44.75
            ],
            [
              80.3125,
              44.25
            ],
            [
              79.6875,
              44.25
            ]
          ]
        ]
      },
      "properties": {
        "month": "202608",
        "value": 17.85,
        "units": "degC"
      }
    },
    {
      "type": "Feature",
      "geometry": {
        "type": "Polygon",
        "coordinates": [
          [
            [
              75.9375,
              44.75
            ],
            [
              75.9375,
              45.25
            ],
            [
              76.5625,
              45.25
            ],
            [
              76.5625,
              44.75
            ],
            [
              75.9375,
              44.75
            ]
          ]
        ]
      },
      "properties": {
        "month": "202608",
        "value": 28.91,
        "units": "degC"
      }
    },
    {
      "type": "Feature",
      "geometry": {
        "type": "Polygon",
        "coordinates": [
          [
            [
              76.5625,
              44.75
            ],
            [
              76.5625,
              45.25
            ],
            [
              77.1875,
              45.25
            ],
            [
              77.1875,
              44.75
            ],
            [
              76.5625,
              44.75
            ]
          ]
        ]
      },
      "properties": {
        "month": "202608",
        "value": 28.91,
        "units": "degC"
      }
    },
    {
      "type": "Feature",
      "geometry": {
        "type": "Polygon",
        "coordinates": [
          [
            [
              77.1875,
              44.75
            ],
            [
              77.1875,
              45.25
            ],
            [
              77.8125,
              45.25
            ],
            [
              77.8125,
              44.75
            ],
            [
              77.1875,
              44.75
            ]
          ]
        ]
      },
      "properties": {
        "month": "202608",
        "value": 28.38,
        "units": "degC"
      }
    },
    {
      "type": "Feature",
      "geometry": {
        "type": "Polygon",
        "coordinates": [
          [
            [
              77.8125,
              44.75
            ],
            [
              77.8125,
              45.25
            ],
            [
              78.4375,
              45.25
            ],
            [
              78.4375,
              44.75
            ],
            [
              77.8125,
              44.75
            ]
          ]
        ]
      },
      "properties": {
        "month": "202608",
        "value": 27.09,
        "units": "degC"
      }
    },
    {
      "type": "Feature",
      "geometry": {
        "type": "Polygon",
        "coordinates": [
          [
            [
              78.4375,
              44.75
            ],
            [
              78.4375,
              45.25
            ],
            [
              79.0625,
              45.25
            ],
            [
              79.0625,
              44.75
            ],
            [
              78.4375,
              44.75
            ]
          ]
        ]
      },
      "properties": {
        "month": "202608",
        "value": 22.99,
        "units": "degC"
      }
    },
    {
      "type": "Feature",
      "geometry": {
        "type": "Polygon",
        "coordinates": [
          [
            [
              79.0625,
              44.75
            ],
            [
              79.0625,
              45.25
            ],
            [
              79.6875,
              45.25
            ],
            [
              79.6875,
              44.75
            ],
            [
              79.0625,
              44.75
            ]
          ]
        ]
      },
      "properties": {
        "month": "202608",
        "value": 15.89,
        "units": "degC"
      }
    },
    {
      "type": "Feature",
      "geometry": {
        "type": "Polygon",
        "coordinates": [
          [
            [
              79.6875,
              44.75
            ],
            [
              79.6875,
              45.25
            ],
            [
              80.3125,
              45.25
            ],
            [
              80.3125,
              44.75
            ],
            [
              79.6875,
              44.75
            ]
          ]
        ]
      },
      "properties": {
        "month": "202608",
        "value": 12.0,
        "units": "degC"
      }
    },
    {
      "type": "Feature",
      "geometry": {
        "type": "Polygon",
        "coordinates": [
          [
            [
              75.9375,
              45.25
            ],
            [
              75.9375,
              45.75
            ],
            [
              76.5625,
              45.75
            ],
            [
              76.5625,
              45.25
            ],
            [
              75.9375,
              45.25
            ]
          ]
        ]
      },
      "properties": {
        "month": "202608",
        "value": 28.25,
        "units": "degC"
      }
    },
    {
      "type": "Feature",
      "geometry": {
        "type": "Polygon",
        "coordinates": [
          [
            [
              76.5625,
              45.25
            ],
            [
              76.5625,
              45.75
            ],
            [
              77.1875,
              45.75
            ],
            [
              77.1875,
              45.25
            ],
            [
              76.5625,
              45.25
            ]
          ]
        ]
      },
      "properties": {
        "month": "202608",
        "value": 28.34,
        "units": "degC"
      }
    },
    {
      "type": "Feature",
      "geometry": {
        "type": "Polygon",
        "coordinates": [
          [
            [
              77.1875,
              45.25
            ],
            [
              77.1875,
              45.75
            ],
            [
              77.8125,
              45.75
            ],
            [
              77.8125,
              45.25
            ],
            [
              77.1875,
              45.25
            ]
          ]
        ]
      },
      "properties": {
        "month": "202608",
        "value": 28.33,
        "units": "degC"
      }
    },
    {
      "type": "Feature",
      "geometry": {
        "type": "Polygon",
        "coordinates": [
          [
            [
              77.8125,
              45.25
            ],
            [
              77.8125,
              45.75
            ],
            [
              78.4375,
              45.75
            ],
            [
              78.4375,
              45.25
            ],
            [
              77.8125,
              45.25
            ]
          ]
        ]
      },
      "properties": {
        "month": "202608",
        "value": 27.65,
        "units": "degC"
      }
    },
    {
      "type": "Feature",
      "geometry": {
        "type": "Polygon",
        "coordinates": [
          [
            [
              78.4375,
              45.25
            ],
            [
              78.4375,
              45.75
            ],
            [
              79.0625,
              45.75
            ],
            [
              79.0625,
              45.25
            ],
            [
              78.4375,
              45.25
            ]
          ]
        ]
      },
      "properties": {
        "month": "202608",
        "value": 27.15,
        "units": "degC"
      }
    },
    {
      "type": "Feature",
      "geometry": {
        "type": "Polygon",
        "coordinates": [
          [
            [
              79.0625,
              45.25
            ],
            [
              79.0625,
              45.75
            ],
            [
              79.6875,
              45.75
            ],
            [
              79.6875,
              45.25
            ],
            [
              79.0625,
              45.25
            ]
          ]
        ]
      },
      "properties": {
        "month": "202608",
        "value": 25.47,
        "units": "degC"
      }
    },
    {
      "type": "Feature",
      "geometry": {
        "type": "Polygon",
        "coordinates": [
          [
            [
              79.6875,
              45.25
            ],
            [
              79.6875,
              45.75
            ],
            [
              80.3125,
              45.75
            ],
            [
              80.3125,
              45.25
            ],
            [
              79.6875,
              45.25
            ]
          ]
        ]
      },
      "properties": {
        "month": "202608",
        "value": 23.42,
        "units": "degC"
      }
    },
    {
      "type": "Feature",
      "geometry": {
        "type": "Polygon",
        "coordinates": [
          [
            [
              75.9375,
              45.75
            ],
            [
              75.9375,
              46.25
            ],
            [
              76.5625,
              46.25
            ],
            [
              76.5625,
              45.75
            ],
            [
              75.9375,
              45.75
            ]
          ]
        ]
      },
      "properties": {
        "month": "202608",
        "value": 27.62,
        "units": "degC"
      }
    },
    {
      "type": "Feature",
      "geometry": {
        "type": "Polygon",
        "coordinates": [
          [
            [
              76.5625,
              45.75
            ],
            [
              76.5625,
              46.25
            ],
            [
              77.1875,
              46.25
            ],
            [
              77.1875,
              45.75
            ],
            [
              76.5625,
              45.75
            ]
          ]
        ]
      },
      "properties": {
        "month": "202608",
        "value": 27.65,
        "units": "degC"
      }
    },
    {
      "type": "Feature",
      "geometry": {
        "type": "Polygon",
        "coordinates": [
          [
            [
              77.1875,
              45.75
            ],
            [
              77.1875,
              46.25
            ],
            [
              77.8125,
              46.25
            ],
            [
              77.8125,
              45.75
            ],
            [
              77.1875,
              45.75
            ]
          ]
        ]
      },
      "properties": {
        "month": "202608",
        "value": 27.82,
        "units": "degC"
      }
    },
    {
      "type": "Feature",
      "geometry": {
        "type": "Polygon",
        "coordinates": [
          [
            [
              77.8125,
              45.75
            ],
            [
              77.8125,
              46.25
            ],
            [
              78.4375,
              46.25
            ],
            [
              78.4375,
              45.75
            ],
            [
              77.8125,
              45.75
            ]
          ]
        ]
      },
      "properties": {
        "month": "202608",
        "value": 27.78,
        "units": "degC"
      }
    },
    {
      "type": "Feature",
      "geometry": {
        "type": "Polygon",
        "coordinates": [
          [
            [
              78.4375,
              45.75
            ],
            [
              78.4375,
              46.25
            ],
            [
              79.0625,
              46.25
            ],
            [
              79.0625,
              45.75
            ],
            [
              78.4375,
              45.75
            ]
          ]
        ]
      },
      "properties": {
        "month": "202608",
        "value": 27.69,
        "units": "degC"
      }
    },
    {
      "type": "Feature",
      "geometry": {
        "type": "Polygon",
        "coordinates": [
          [
            [
              79.0625,
              45.75
            ],
            [
              79.0625,
              46.25
            ],
            [
              79.6875,
              46.25
            ],
            [
              79.6875,
              45.75
            ],
            [
              79.0625,
              45.75
            ]
          ]
        ]
      },
      "properties": {
        "month": "202608",
        "value": 27.41,
        "units": "degC"
      }
    },
    {
      "type": "Feature",
      "geometry": {
        "type": "Polygon",
        "coordinates": [
          [
            [
              79.6875,
              45.75
            ],
            [
              79.6875,
              46.25
            ],
            [
              80.3125,
              46.25
            ],
            [
              80.3125,
              45.75
            ],
            [
              79.6875,
              45.75
            ]
          ]
        ]
      },
      "properties": {
        "month": "202608",
        "value": 27.36,
        "units": "degC"
      }
    },
    {
      "type": "Feature",
      "geometry": {
        "type": "Polygon",
        "coordinates": [
          [
            [
              75.9375,
              46.25
            ],
            [
              75.9375,
              46.75
            ],
            [
              76.5625,
              46.75
            ],
            [
              76.5625,
              46.25
            ],
            [
              75.9375,
              46.25
            ]
          ]
        ]
      },
      "properties": {
        "month": "202608",
        "value": 27.21,
        "units": "degC"
      }
    },
    {
      "type": "Feature",
      "geometry": {
        "type": "Polygon",
        "coordinates": [
          [
            [
              76.5625,
              46.25
            ],
            [
              76.5625,
              46.75
            ],
            [
              77.1875,
              46.75
            ],
            [
              77.1875,
              46.25
            ],
            [
              76.5625,
              46.25
            ]
          ]
        ]
      },
      "properties": {
        "month": "202608",
        "value": 27.3,
        "units": "degC"
      }
    },
    {
      "type": "Feature",
      "geometry": {
        "type": "Polygon",
        "coordinates": [
          [
            [
              77.1875,
              46.25
            ],
            [
              77.1875,
              46.75
            ],
            [
              77.8125,
              46.75
            ],
            [
              77.8125,
              46.25
            ],
            [
              77.1875,
              46.25
            ]
          ]
        ]
      },
      "properties": {
        "month": "202608",
        "value": 27.33,
        "units": "degC"
      }
    },
    {
      "type": "Feature",
      "geometry": {
        "type": "Polygon",
        "coordinates": [
          [
            [
              77.8125,
              46.25
            ],
            [
              77.8125,
              46.75
            ],
            [
              78.4375,
              46.75
            ],
            [
              78.4375,
              46.25
            ],
            [
              77.8125,
              46.25
            ]
          ]
        ]
      },
      "properties": {
        "month": "202608",
        "value": 27.19,
        "units": "degC"
      }
    },
    {
      "type": "Feature",
      "geometry": {
        "type": "Polygon",
        "coordinates": [
          [
            [
              78.4375,
              46.25
            ],
            [
              78.4375,
              46.75
            ],
            [
              79.0625,
              46.75
            ],
            [
              79.0625,
              46.25
            ],
            [
              78.4375,
              46.25
            ]
          ]
        ]
      },
      "properties": {
        "month": "202608",
        "value": 27.16,
        "units": "degC"
      }
    },
    {
      "type": "Feature",
      "geometry": {
        "type": "Polygon",
        "coordinates": [
          [
            [
              79.0625,
              46.25
            ],
            [
              79.0625,
              46.75
            ],
            [
              79.6875,
              46.75
            ],
            [
              79.6875,
              46.25
            ],
            [
              79.0625,
              46.25
            ]
          ]
        ]
      },
      "properties": {
        "month": "202608",
        "value": 27.02,
        "units": "degC"
      }
    },
    {
      "type": "Feature",
      "geometry": {
        "type": "Polygon",
        "coordinates": [
          [
            [
              79.6875,
              46.25
            ],
            [
              79.6875,
              46.75
            ],
            [
              80.3125,
              46.75
            ],
            [
              80.3125,
              46.25
            ],
            [
              79.6875,
              46.25
            ]
          ]
        ]
      },
      "properties": {
        "month": "202608",
        "value": 27.2,
        "units": "degC"
      }
    },
    {
      "type": "Feature",
      "geometry": {
        "type": "Polygon",
        "coordinates": [
          [
            [
              75.9375,
              46.75
            ],
            [
              75.9375,
              47.25
            ],
            [
              76.5625,
              47.25
            ],
            [
              76.5625,
              46.75
            ],
            [
              75.9375,
              46.75
            ]
          ]
        ]
      },
      "properties": {
        "month": "202608",
        "value": 26.4,
        "units": "degC"
      }
    },
    {
      "type": "Feature",
      "geometry": {
        "type": "Polygon",
        "coordinates": [
          [
            [
              76.5625,
              46.75
            ],
            [
              76.5625,
              47.25
            ],
            [
              77.1875,
              47.25
            ],
            [
              77.1875,
              46.75
            ],
            [
              76.5625,
              46.75
            ]
          ]
        ]
      },
      "properties": {
        "month": "202608",
        "value": 26.38,
        "units": "degC"
      }
    },
    {
      "type": "Feature",
      "geometry": {
        "type": "Polygon",
        "coordinates": [
          [
            [
              77.1875,
              46.75
            ],
            [
              77.1875,
              47.25
            ],
            [
              77.8125,
              47.25
            ],
            [
              77.8125,
              46.75
            ],
            [
              77.1875,
              46.75
            ]
          ]
        ]
      },
      "properties": {
        "month": "202608",
        "value": 26.13,
        "units": "degC"
      }
    },
    {
      "type": "Feature",
      "geometry": {
        "type": "Polygon",
        "coordinates": [
          [
            [
              77.8125,
              46.75
            ],
            [
              77.8125,
              47.25
            ],
            [
              78.4375,
              47.25
            ],
            [
              78.4375,
              46.75
            ],
            [
              77.8125,
              46.75
            ]
          ]
        ]
      },
      "properties": {
        "month": "202608",
        "value": 26.03,
        "units": "degC"
      }
    },
    {
      "type": "Feature",
      "geometry": {
        "type": "Polygon",
        "coordinates": [
          [
            [
              78.4375,
              46.75
            ],
            [
              78.4375,
              47.25
            ],
            [
              79.0625,
              47.25
            ],
            [
              79.0625,
              46.75
            ],
            [
              78.4375,
              46.75
            ]
          ]
        ]
      },
      "properties": {
        "month": "202608",
        "value": 26.32,
        "units": "degC"
      }
    },
    {
      "type": "Feature",
      "geometry": {
        "type": "Polygon",
        "coordinates": [
          [
            [
              79.0625,
              46.75
            ],
            [
              79.0625,
              47.25
            ],
            [
              79.6875,
              47.25
            ],
            [
              79.6875,
              46.75
            ],
            [
              79.0625,
              46.75
            ]
          ]
        ]
      },
      "properties": {
        "month": "202608",
        "value": 26.99,
        "units": "degC"
      }
    },
    {
      "type": "Feature",
      "geometry": {
        "type": "Polygon",
        "coordinates": [
          [
            [
              79.6875,
              46.75
            ],
            [
              79.6875,
              47.25
            ],
            [
              80.3125,
              47.25
            ],
            [
              80.3125,
              46.75
            ],
            [
              79.6875,
              46.75
            ]
          ]
        ]
      },
      "properties": {
        "month": "202608",
        "value": 27.25,
        "units": "degC"
      }
    },
    {
      "type": "Feature",
      "geometry": {
        "type": "Polygon",
        "coordinates": [
          [
            [
              75.9375,
              47.25
            ],
            [
              75.9375,
              47.75
            ],
            [
              76.5625,
              47.75
            ],
            [
              76.5625,
              47.25
            ],
            [
              75.9375,
              47.25
            ]
          ]
        ]
      },
      "properties": {
        "month": "202608",
        "value": 25.13,
        "units": "degC"
      }
    },
    {
      "type": "Feature",
      "geometry": {
        "type": "Polygon",
        "coordinates": [
          [
            [
              76.5625,
              47.25
            ],
            [
              76.5625,
              47.75
            ],
            [
              77.1875,
              47.75
            ],
            [
              77.1875,
              47.25
            ],
            [
              76.5625,
              47.25
            ]
          ]
        ]
      },
      "properties": {
        "month": "202608",
        "value": 24.86,
        "units": "degC"
      }
    },
    {
      "type": "Feature",
      "geometry": {
        "type": "Polygon",
        "coordinates": [
          [
            [
              77.1875,
              47.25
            ],
            [
              77.1875,
              47.75
            ],
            [
              77.8125,
              47.75
            ],
            [
              77.8125,
              47.25
            ],
            [
              77.1875,
              47.25
            ]
          ]
        ]
      },
      "properties": {
        "month": "202608",
        "value": 24.4,
        "units": "degC"
      }
    },
    {
      "type": "Feature",
      "geometry": {
        "type": "Polygon",
        "coordinates": [
          [
            [
              77.8125,
              47.25
            ],
            [
              77.8125,
              47.75
            ],
            [
              78.4375,
              47.75
            ],
            [
              78.4375,
              47.25
            ],
            [
              77.8125,
              47.25
            ]
          ]
        ]
      },
      "properties": {
        "month": "202608",
        "value": 24.36,
        "units": "degC"
      }
    },
    {
      "type": "Feature",
      "geometry": {
        "type": "Polygon",
        "coordinates": [
          [
            [
              78.4375,
              47.25
            ],
            [
              78.4375,
              47.75
            ],
            [
              79.0625,
              47.75
            ],
            [
              79.0625,
              47.25
            ],
            [
              78.4375,
              47.25
            ]
          ]
        ]
      },
      "properties": {
        "month": "202608",
        "value": 25.13,
        "units": "degC"
      }
    },
    {
      "type": "Feature",
      "geometry": {
        "type": "Polygon",
        "coordinates": [
          [
            [
              79.0625,
              47.25
            ],
            [
              79.0625,
              47.75
            ],
            [
              79.6875,
              47.75
            ],
            [
              79.6875,
              47.25
            ],
            [
              79.0625,
              47.25
            ]
          ]
        ]
      },
      "properties": {
        "month": "202608",
        "value": 25.64,
        "units": "degC"
      }
    },
    {
      "type": "Feature",
      "geometry": {
        "type": "Polygon",
        "coordinates": [
          [
            [
              79.6875,
              47.25
            ],
            [
              79.6875,
              47.75
            ],
            [
              80.3125,
              47.75
            ],
            [
              80.3125,
              47.25
            ],
            [
              79.6875,
              47.25
            ]
          ]
        ]
      },
      "properties": {
        "month": "202608",
        "value": 25.53,
        "units": "degC"
      }
    },
    {
      "type": "Feature",
      "geometry": {
        "type": "Polygon",
        "coordinates": [
          [
            [
              75.9375,
              47.75
            ],
            [
              75.9375,
              48.25
            ],
            [
              76.5625,
              48.25
            ],
            [
              76.5625,
              47.75
            ],
            [
              75.9375,
              47.75
            ]
          ]
        ]
      },
      "properties": {
        "month": "202608",
        "value": 23.28,
        "units": "degC"
      }
    },
    {
      "type": "Feature",
      "geometry": {
        "type": "Polygon",
        "coordinates": [
          [
            [
              76.5625,
              47.75
            ],
            [
              76.5625,
              48.25
            ],
            [
              77.1875,
              48.25
            ],
            [
              77.1875,
              47.75
            ],
            [
              76.5625,
              47.75
            ]
          ]
        ]
      },
      "properties": {
        "month": "202608",
        "value": 23.1,
        "units": "degC"
      }
    },
    {
      "type": "Feature",
      "geometry": {
        "type": "Polygon",
        "coordinates": [
          [
            [
              77.1875,
              47.75
            ],
            [
              77.1875,
              48.25
            ],
            [
              77.8125,
              48.25
            ],
            [
              77.8125,
              47.75
            ],
            [
              77.1875,
              47.75
            ]
          ]
        ]
      },
      "properties": {
        "month": "202608",
        "value": 23.06,
        "units": "degC"
      }
    },
    {
      "type": "Feature",
      "geometry": {
        "type": "Polygon",
        "coordinates": [
          [
            [
              77.8125,
              47.75
            ],
            [
              77.8125,
              48.25
            ],
            [
              78.4375,
              48.25
            ],
            [
              78.4375,
              47.75
            ],
            [
              77.8125,
              47.75
            ]
          ]
        ]
      },
      "properties": {
        "month": "202608",
        "value": 23.51,
        "units": "degC"
      }
    },
    {
      "type": "Feature",
      "geometry": {
        "type": "Polygon",
        "coordinates": [
          [
            [
              78.4375,
              47.75
            ],
            [
              78.4375,
              48.25
            ],
            [
              79.0625,
              48.25
            ],
            [
              79.0625,
              47.75
            ],
            [
              78.4375,
              47.75
            ]
          ]
        ]
      },
      "properties": {
        "month": "202608",
        "value": 23.59,
        "units": "degC"
      }
    },
    {
      "type": "Feature",
      "geometry": {
        "type": "Polygon",
        "coordinates": [
          [
            [
              79.0625,
              47.75
            ],
            [
              79.0625,
              48.25
            ],
            [
              79.6875,
              48.25
            ],
            [
              79.6875,
              47.75
            ],
            [
              79.0625,
              47.75
            ]
          ]
        ]
      },
      "properties": {
        "month": "202608",
        "value": 22.92,
        "units": "degC"
      }
    },
    {
      "type": "Feature",
      "geometry": {
        "type": "Polygon",
        "coordinates": [
          [
            [
              79.6875,
              47.75
            ],
            [
              79.6875,
              48.25
            ],
            [
              80.3125,
              48.25
            ],
            [
              80.3125,
              47.75
            ],
            [
              79.6875,
              47.75
            ]
          ]
        ]
      },
      "properties": {
        "month": "202608",
        "value": 22.84,
        "units": "degC"
      }
    },
    {
      "type": "Feature",
      "geometry": {
        "type": "Polygon",
        "coordinates": [
          [
            [
              75.9375,
              48.25
            ],
            [
              75.9375,
              48.75
            ],
            [
              76.5625,
              48.75
            ],
            [
              76.5625,
              48.25
            ],
            [
              75.9375,
              48.25
            ]
          ]
        ]
      },
      "properties": {
        "month": "202608",
        "value": 21.04,
        "units": "degC"
      }
    },
    {
      "type": "Feature",
      "geometry": {
        "type": "Polygon",
        "coordinates": [
          [
            [
              76.5625,
              48.25
            ],
            [
              76.5625,
              48.75
            ],
            [
              77.1875,
              48.75
            ],
            [
              77.1875,
              48.25
            ],
            [
              76.5625,
              48.25
            ]
          ]
        ]
      },
      "properties": {
        "month": "202608",
        "value": 21.35,
        "units": "degC"
      }
    },
    {
      "type": "Feature",
      "geometry": {
        "type": "Polygon",
        "coordinates": [
          [
            [
              77.1875,
              48.25
            ],
            [
              77.1875,
              48.75
            ],
            [
              77.8125,
              48.75
            ],
            [
              77.8125,
              48.25
            ],
            [
              77.1875,
              48.25
            ]
          ]
        ]
      },
      "properties": {
        "month": "202608",
        "value": 21.6,
        "units": "degC"
      }
    },
    {
      "type": "Feature",
      "geometry": {
        "type": "Polygon",
        "coordinates": [
          [
            [
              77.8125,
              48.25
            ],
            [
              77.8125,
              48.75
            ],
            [
              78.4375,
              48.75
            ],
            [
              78.4375,
              48.25
            ],
            [
              77.8125,
              48.25
            ]
          ]
        ]
      },
      "properties": {
        "month": "202608",
        "value": 21.74,
        "units": "degC"
      }
    },
    {
      "type": "Feature",
      "geometry": {
        "type": "Polygon",
        "coordinates": [
          [
            [
              78.4375,
              48.25
            ],
            [
              78.4375,
              48.75
            ],
            [
              79.0625,
              48.75
            ],
            [
              79.0625,
              48.25
            ],
            [
              78.4375,
              48.25
            ]
          ]
        ]
      },
      "properties": {
        "month": "202608",
        "value": 21.27,
        "units": "degC"
      }
    },
    {
      "type": "Feature",
      "geometry": {
        "type": "Polygon",
        "coordinates": [
          [
            [
              79.0625,
              48.25
            ],
            [
              79.0625,
              48.75
            ],
            [
              79.6875,
              48.75
            ],
            [
              79.6875,
              48.25
            ],
            [
              79.0625,
              48.25
            ]
          ]
        ]
      },
      "properties": {
        "month": "202608",
        "value": 21.22,
        "units": "degC"
      }
    },
    {
      "type": "Feature",
      "geometry": {
        "type": "Polygon",
        "coordinates": [
          [
            [
              79.6875,
              48.25
            ],
            [
              79.6875,
              48.75
            ],
            [
              80.3125,
              48.75
            ],
            [
              80.3125,
              48.25
            ],
            [
              79.6875,
              48.25
            ]
          ]
        ]
      },
      "properties": {
        "month": "202608",
        "value": 21.82,
        "units": "degC"
      }
    },
    {
      "type": "Feature",
      "geometry": {
        "type": "Polygon",
        "coordinates": [
          [
            [
              76.5625,
              48.75
            ],
            [
              75.9375,
              48.75
            ],
            [
              75.9375,
              49.0
            ],
            [
              76.5625,
              49.0
            ],
            [
              76.5625,
              48.75
            ]
          ]
        ]
      },
      "properties": {
        "month": "202608",
        "value": 18.92,
        "units": "degC"
      }
    },
    {
      "type": "Feature",
      "geometry": {
        "type": "Polygon",
        "coordinates": [
          [
            [
              77.1875,
              48.75
            ],
            [
              76.5625,
              48.75
            ],
            [
              76.5625,
              49.0
            ],
            [
              77.1875,
              49.0
            ],
            [
              77.1875,
              48.75
            ]
          ]
        ]
      },
      "properties": {
        "month": "202608",
        "value": 19.22,
        "units": "degC"
      }
    },
    {
      "type": "Feature",
      "geometry": {
        "type": "Polygon",
        "coordinates": [
          [
            [
              77.8125,
              48.75
            ],
            [
              77.1875,
              48.75
            ],
            [
              77.1875,
              49.0
            ],
            [
              77.8125,
              49.0
            ],
            [
              77.8125,
              48.75
            ]
          ]
        ]
      },
      "properties": {
        "month": "202608",
        "value": 19.91,
        "units": "degC"
      }
    },
    {
      "type": "Feature",
      "geometry": {
        "type": "Polygon",
        "coordinates": [
          [
            [
              78.4375,
              48.75
            ],
            [
              77.8125,
              48.75
            ],
            [
              77.8125,
              49.0
            ],
            [
              78.4375,
              49.0
            ],
            [
              78.4375,
              48.75
            ]
          ]
        ]
      },
      "properties": {
        "month": "202608",
        "value": 20.4,
        "units": "degC"
      }
    },
    {
      "type": "Feature",
      "geometry": {
        "type": "Polygon",
        "coordinates": [
          [
            [
              79.0625,
              48.75
            ],
            [
              78.4375,
              48.75
            ],
            [
              78.4375,
              49.0
            ],
            [
              79.0625,
              49.0
            ],
            [
              79.0625,
              48.75
            ]
          ]
        ]
      },
      "properties": {
        "month": "202608",
        "value": 21.0,
        "units": "degC"
      }
    },
    {
      "type": "Feature",
      "geometry": {
        "type": "Polygon",
        "coordinates": [
          [
            [
              79.6875,
              48.75
            ],
            [
              79.0625,
              48.75
            ],
            [
              79.0625,
              49.0
            ],
            [
              79.6875,
              49.0
            ],
            [
              79.6875,
              48.75
            ]
          ]
        ]
      },
      "properties": {
        "month": "202608",
        "value": 21.92,
        "units": "degC"
      }
    },
    {
      "type": "Feature",
      "geometry": {
        "type": "Polygon",
        "coordinates": [
          [
            [
              80.3125,
              48.75
            ],
            [
              79.6875,
              48.75
            ],
            [
              79.6875,
              49.0
            ],
            [
              80.3125,
              49.0
            ],
            [
              80.3125,
              48.75
            ]
          ]
        ]
      },
      "properties": {
        "month": "202608",
        "value": 22.15,
        "units": "degC"
      }
    },
    {
      "type": "Feature",
      "geometry": {
        "type": "Polygon",
        "coordinates": [
          [
            [
              80.3125,
              42.25
            ],
            [
              80.9375,
              42.25
            ],
            [
              80.9375,
              42.0
            ],
            [
              80.3125,
              42.0
            ],
            [
              80.3125,
              42.25
            ]
          ]
        ]
      },
      "properties": {
        "month": "202608",
        "value": 9.41,
        "units": "degC"
      }
    },
    {
      "type": "Feature",
      "geometry": {
        "type": "Polygon",
        "coordinates": [
          [
            [
              80.9375,
              42.25
            ],
            [
              81.5625,
              42.25
            ],
            [
              81.5625,
              42.0
            ],
            [
              80.9375,
              42.0
            ],
            [
              80.9375,
              42.25
            ]
          ]
        ]
      },
      "properties": {
        "month": "202608",
        "value": 15.51,
        "units": "degC"
      }
    },
    {
      "type": "Feature",
      "geometry": {
        "type": "Polygon",
        "coordinates": [
          [
            [
              81.5625,
              42.25
            ],
            [
              82.1875,
              42.25
            ],
            [
              82.1875,
              42.0
            ],
            [
              81.5625,
              42.0
            ],
            [
              81.5625,
              42.25
            ]
          ]
        ]
      },
      "properties": {
        "month": "202608",
        "value": 19.69,
        "units": "degC"
      }
    },
    {
      "type": "Feature",
      "geometry": {
        "type": "Polygon",
        "coordinates": [
          [
            [
              82.1875,
              42.25
            ],
            [
              82.8125,
              42.25
            ],
            [
              82.8125,
              42.0
            ],
            [
              82.1875,
              42.0
            ],
            [
              82.1875,
              42.25
            ]
          ]
        ]
      },
      "properties": {
        "month": "202608",
        "value": 24.01,
        "units": "degC"
      }
    },
    {
      "type": "Feature",
      "geometry": {
        "type": "Polygon",
        "coordinates": [
          [
            [
              82.8125,
              42.25
            ],
            [
              83.4375,
              42.25
            ],
            [
              83.4375,
              42.0
            ],
            [
              82.8125,
              42.0
            ],
            [
              82.8125,
              42.25
            ]
          ]
        ]
      },
      "properties": {
        "month": "202608",
        "value": 24.19,
        "units": "degC"
      }
    },
    {
      "type": "Feature",
      "geometry": {
        "type": "Polygon",
        "coordinates": [
          [
            [
              83.4375,
              42.25
            ],
            [
              84.0625,
              42.25
            ],
            [
              84.0625,
              42.0
            ],
            [
              83.4375,
              42.0
            ],
            [
              83.4375,
              42.25
            ]
          ]
        ]
      },
      "properties": {
        "month": "202608",
        "value": 22.92,
        "units": "degC"
      }
    },
    {
      "type": "Feature",
      "geometry": {
        "type": "Polygon",
        "coordinates": [
          [
            [
              80.3125,
              42.25
            ],
            [
              80.3125,
              42.75
            ],
            [
              80.9375,
              42.75
            ],
            [
              80.9375,
              42.25
            ],
            [
              80.3125,
              42.25
            ]
          ]
        ]
      },
      "properties": {
        "month": "202608",
        "value": 11.63,
        "units": "degC"
      }
    },
    {
      "type": "Feature",
      "geometry": {
        "type": "Polygon",
        "coordinates": [
          [
            [
              80.9375,
              42.25
            ],
            [
              80.9375,
              42.75
            ],
            [
              81.5625,
              42.75
            ],
            [
              81.5625,
              42.25
            ],
            [
              80.9375,
              42.25
            ]
          ]
        ]
      },
      "properties": {
        "month": "202608",
        "value": 11.15,
        "units": "degC"
      }
    },
    {
      "type": "Feature",
      "geometry": {
        "type": "Polygon",
        "coordinates": [
          [
            [
              81.5625,
              42.25
            ],
            [
              81.5625,
              42.75
            ],
            [
              82.1875,
              42.75
            ],
            [
              82.1875,
              42.25
            ],
            [
              81.5625,
              42.25
            ]
          ]
        ]
      },
      "properties": {
        "month": "202608",
        "value": 11.78,
        "units": "degC"
      }
    },
    {
      "type": "Feature",
      "geometry": {
        "type": "Polygon",
        "coordinates": [
          [
            [
              82.1875,
              42.25
            ],
            [
              82.1875,
              42.75
            ],
            [
              82.8125,
              42.75
            ],
            [
              82.8125,
              42.25
            ],
            [
              82.1875,
              42.25
            ]
          ]
        ]
      },
      "properties": {
        "month": "202608",
        "value": 13.96,
        "units": "degC"
      }
    },
    {
      "type": "Feature",
      "geometry": {
        "type": "Polygon",
        "coordinates": [
          [
            [
              82.8125,
              42.25
            ],
            [
              82.8125,
              42.75
            ],
            [
              83.4375,
              42.75
            ],
            [
              83.4375,
              42.25
            ],
            [
              82.8125,
              42.25
            ]
          ]
        ]
      },
      "properties": {
        "month": "202608",
        "value": 12.89,
        "units": "degC"
      }
    },
    {
      "type": "Feature",
      "geometry": {
        "type": "Polygon",
        "coordinates": [
          [
            [
              83.4375,
              42.25
            ],
            [
              83.4375,
              42.75
            ],
            [
              84.0625,
              42.75
            ],
            [
              84.0625,
              42.25
            ],
            [
              83.4375,
              42.25
            ]
          ]
        ]
      },
      "properties": {
        "month": "202608",
        "value": 13.3,
        "units": "degC"
      }
    },
    {
      "type": "Feature",
      "geometry": {
        "type": "Polygon",
        "coordinates": [
          [
            [
              80.3125,
              42.75
            ],
            [
              80.3125,
              43.25
            ],
            [
              80.9375,
              43.25
            ],
            [
              80.9375,
              42.75
            ],
            [
              80.3125,
              42.75
            ]
          ]
        ]
      },
      "properties": {
        "month": "202608",
        "value": 16.46,
        "units": "degC"
      }
    },
    {
      "type": "Feature",
      "geometry": {
        "type": "Polygon",
        "coordinates": [
          [
            [
              80.9375,
              42.75
            ],
            [
              80.9375,
              43.25
            ],
            [
              81.5625,
              43.25
            ],
            [
              81.5625,
              42.75
            ],
            [
              80.9375,
              42.75
            ]
          ]
        ]
      },
      "properties": {
        "month": "202608",
        "value": 18.31,
        "units": "degC"
      }
    },
    {
      "type": "Feature",
      "geometry": {
        "type": "Polygon",
        "coordinates": [
          [
            [
              81.5625,
              42.75
            ],
            [
              81.5625,
              43.25
            ],
            [
              82.1875,
              43.25
            ],
            [
              82.1875,
              42.75
            ],
            [
              81.5625,
              42.75
            ]
          ]
        ]
      },
      "properties": {
        "month": "202608",
        "value": 19.61,
        "units": "degC"
      }
    },
    {
      "type": "Feature",
      "geometry": {
        "type": "Polygon",
        "coordinates": [
          [
            [
              82.1875,
              42.75
            ],
            [
              82.1875,
              43.25
            ],
            [
              82.8125,
              43.25
            ],
            [
              82.8125,
              42.75
            ],
            [
              82.1875,
              42.75
            ]
          ]
        ]
      },
      "properties": {
        "month": "202608",
        "value": 16.09,
        "units": "degC"
      }
    },
    {
      "type": "Feature",
      "geometry": {
        "type": "Polygon",
        "coordinates": [
          [
            [
              82.8125,
              42.75
            ],
            [
              82.8125,
              43.25
            ],
            [
              83.4375,
              43.25
            ],
            [
              83.4375,
              42.75
            ],
            [
              82.8125,
              42.75
            ]
          ]
        ]
      },
      "properties": {
        "month": "202608",
        "value": 13.09,
        "units": "degC"
      }
    },
    {
      "type": "Feature",
      "geometry": {
        "type": "Polygon",
        "coordinates": [
          [
            [
              83.4375,
              42.75
            ],
            [
              83.4375,
              43.25
            ],
            [
              84.0625,
              43.25
            ],
            [
              84.0625,
              42.75
            ],
            [
              83.4375,
              42.75
            ]
          ]
        ]
      },
      "properties": {
        "month": "202608",
        "value": 12.13,
        "units": "degC"
      }
    },
    {
      "type": "Feature",
      "geometry": {
        "type": "Polygon",
        "coordinates": [
          [
            [
              80.3125,
              43.25
            ],
            [
              80.3125,
              43.75
            ],
            [
              80.9375,
              43.75
            ],
            [
              80.9375,
              43.25
            ],
            [
              80.3125,
              43.25
            ]
          ]
        ]
      },
      "properties": {
        "month": "202608",
        "value": 22.58,
        "units": "degC"
      }
    },
    {
      "type": "Feature",
      "geometry": {
        "type": "Polygon",
        "coordinates": [
          [
            [
              80.9375,
              43.25
            ],
            [
              80.9375,
              43.75
            ],
            [
              81.5625,
              43.75
            ],
            [
              81.5625,
              43.25
            ],
            [
              80.9375,
              43.25
            ]
          ]
        ]
      },
      "properties": {
        "month": "202608",
        "value": 20.74,
        "units": "degC"
      }
    },
    {
      "type": "Feature",
      "geometry": {
        "type": "Polygon",
        "coordinates": [
          [
            [
              81.5625,
              43.25
            ],
            [
              81.5625,
              43.75
            ],
            [
              82.1875,
              43.75
            ],
            [
              82.1875,
              43.25
            ],
            [
              81.5625,
              43.25
            ]
          ]
        ]
      },
      "properties": {
        "month": "202608",
        "value": 24.18,
        "units": "degC"
      }
    },
    {
      "type": "Feature",
      "geometry": {
        "type": "Polygon",
        "coordinates": [
          [
            [
              82.1875,
              43.25
            ],
            [
              82.1875,
              43.75
            ],
            [
              82.8125,
              43.75
            ],
            [
              82.8125,
              43.25
            ],
            [
              82.1875,
              43.25
            ]
          ]
        ]
      },
      "properties": {
        "month": "202608",
        "value": 26.22,
        "units": "degC"
      }
    },
    {
      "type": "Feature",
      "geometry": {
        "type": "Polygon",
        "coordinates": [
          [
            [
              82.8125,
              43.25
            ],
            [
              82.8125,
              43.75
            ],
            [
              83.4375,
              43.75
            ],
            [
              83.4375,
              43.25
            ],
            [
              82.8125,
              43.25
            ]
          ]
        ]
      },
      "properties": {
        "month": "202608",
        "value": 24.47,
        "units": "degC"
      }
    },
    {
      "type": "Feature",
      "geometry": {
        "type": "Polygon",
        "coordinates": [
          [
            [
              83.4375,
              43.25
            ],
            [
              83.4375,
              43.75
            ],
            [
              84.0625,
              43.75
            ],
            [
              84.0625,
              43.25
            ],
            [
              83.4375,
              43.25
            ]
          ]
        ]
      },
      "properties": {
        "month": "202608",
        "value": 19.15,
        "units": "degC"
      }
    },
    {
      "type": "Feature",
      "geometry": {
        "type": "Polygon",
        "coordinates": [
          [
            [
              80.3125,
              43.75
            ],
            [
              80.3125,
              44.25
            ],
            [
              80.9375,
              44.25
            ],
            [
              80.9375,
              43.75
            ],
            [
              80.3125,
              43.75
            ]
          ]
        ]
      },
      "properties": {
        "month": "202608",
        "value": 28.37,
        "units": "degC"
      }
    },
    {
      "type": "Feature",
      "geometry": {
        "type": "Polygon",
        "coordinates": [
          [
            [
              80.9375,
              43.75
            ],
            [
              80.9375,
              44.25
            ],
            [
              81.5625,
              44.25
            ],
            [
              81.5625,
              43.75
            ],
            [
              80.9375,
              43.75
            ]
          ]
        ]
      },
      "properties": {
        "month": "202608",
        "value": 27.07,
        "units": "degC"
      }
    },
    {
      "type": "Feature",
      "geometry": {
        "type": "Polygon",
        "coordinates": [
          [
            [
              81.5625,
              43.75
            ],
            [
              81.5625,
              44.25
            ],
            [
              82.1875,
              44.25
            ],
            [
              82.1875,
              43.75
            ],
            [
              81.5625,
              43.75
            ]
          ]
        ]
      },
      "properties": {
        "month": "202608",
        "value": 23.21,
        "units": "degC"
      }
    },
    {
      "type": "Feature",
      "geometry": {
        "type": "Polygon",
        "coordinates": [
          [
            [
              82.1875,
              43.75
            ],
            [
              82.1875,
              44.25
            ],
            [
              82.8125,
              44.25
            ],
            [
              82.8125,
              43.75
            ],
            [
              82.1875,
              43.75
            ]
          ]
        ]
      },
      "properties": {
        "month": "202608",
        "value": 20.47,
        "units": "degC"
      }
    },
    {
      "type": "Feature",
      "geometry": {
        "type": "Polygon",
        "coordinates": [
          [
            [
              82.8125,
              43.75
            ],
            [
              82.8125,
              44.25
            ],
            [
              83.4375,
              44.25
            ],
            [
              83.4375,
              43.75
            ],
            [
              82.8125,
              43.75
            ]
          ]
        ]
      },
      "properties": {
        "month": "202608",
        "value": 16.65,
        "units": "degC"
      }
    },
    {
      "type": "Feature",
      "geometry": {
        "type": "Polygon",
        "coordinates": [
          [
            [
              83.4375,
              43.75
            ],
            [
              83.4375,
              44.25
            ],
            [
              84.0625,
              44.25
            ],
            [
              84.0625,
              43.75
            ],
            [
              83.4375,
              43.75
            ]
          ]
        ]
      },
      "properties": {
        "month": "202608",
        "value": 13.15,
        "units": "degC"
      }
    },
    {
      "type": "Feature",
      "geometry": {
        "type": "Polygon",
        "coordinates": [
          [
            [
              80.3125,
              44.25
            ],
            [
              80.3125,
              44.75
            ],
            [
              80.9375,
              44.75
            ],
            [
              80.9375,
              44.25
            ],
            [
              80.3125,
              44.25
            ]
          ]
        ]
      },
      "properties": {
        "month": "202608",
        "value": 18.81,
        "units": "degC"
      }
    },
    {
      "type": "Feature",
      "geometry": {
        "type": "Polygon",
        "coordinates": [
          [
            [
              80.9375,
              44.25
            ],
            [
              80.9375,
              44.75
            ],
            [
              81.5625,
              44.75
            ],
            [
              81.5625,
              44.25
            ],
            [
              80.9375,
              44.25
            ]
          ]
        ]
      },
      "properties": {
        "month": "202608",
        "value": 18.77,
        "units": "degC"
      }
    },
    {
      "type": "Feature",
      "geometry": {
        "type": "Polygon",
        "coordinates": [
          [
            [
              81.5625,
              44.25
            ],
            [
              81.5625,
              44.75
            ],
            [
              82.1875,
              44.75
            ],
            [
              82.1875,
              44.25
            ],
            [
              81.5625,
              44.25
            ]
          ]
        ]
      },
      "properties": {
        "month": "202608",
        "value": 20.61,
        "units": "degC"
      }
    },
    {
      "type": "Feature",
      "geometry": {
        "type": "Polygon",
        "coordinates": [
          [
            [
              82.1875,
              44.25
            ],
            [
              82.1875,
              44.75
            ],
            [
              82.8125,
              44.75
            ],
            [
              82.8125,
              44.25
            ],
            [
              82.1875,
              44.25
            ]
          ]
        ]
      },
      "properties": {
        "month": "202608",
        "value": 26.27,
        "units": "degC"
      }
    },
    {
      "type": "Feature",
      "geometry": {
        "type": "Polygon",
        "coordinates": [
          [
            [
              82.8125,
              44.25
            ],
            [
              82.8125,
              44.75
            ],
            [
              83.4375,
              44.75
            ],
            [
              83.4375,
              44.25
            ],
            [
              82.8125,
              44.25
            ]
          ]
        ]
      },
      "properties": {
        "month": "202608",
        "value": 24.33,
        "units": "degC"
      }
    },
    {
      "type": "Feature",
      "geometry": {
        "type": "Polygon",
        "coordinates": [
          [
            [
              83.4375,
              44.25
            ],
            [
              83.4375,
              44.75
            ],
            [
              84.0625,
              44.75
            ],
            [
              84.0625,
              44.25
            ],
            [
              83.4375,
              44.25
            ]
          ]
        ]
      },
      "properties": {
        "month": "202608",
        "value": 24.89,
        "units": "degC"
      }
    },
    {
      "type": "Feature",
      "geometry": {
        "type": "Polygon",
        "coordinates": [
          [
            [
              80.3125,
              44.75
            ],
            [
              80.3125,
              45.25
            ],
            [
              80.9375,
              45.25
            ],
            [
              80.9375,
              44.75
            ],
            [
              80.3125,
              44.75
            ]
          ]
        ]
      },
      "properties": {
        "month": "202608",
        "value": 11.85,
        "units": "degC"
      }
    },
    {
      "type": "Feature",
      "geometry": {
        "type": "Polygon",
        "coordinates": [
          [
            [
              80.9375,
              44.75
            ],
            [
              80.9375,
              45.25
            ],
            [
              81.5625,
              45.25
            ],
            [
              81.5625,
              44.75
            ],
            [
              80.9375,
              44.75
            ]
          ]
        ]
      },
      "properties": {
        "month": "202608",
        "value": 16.66,
        "units": "degC"
      }
    },
    {
      "type": "Feature",
      "geometry": {
        "type": "Polygon",
        "coordinates": [
          [
            [
              81.5625,
              44.75
            ],
            [
              81.5625,
              45.25
            ],
            [
              82.1875,
              45.25
            ],
            [
              82.1875,
              44.75
            ],
            [
              81.5625,
              44.75
            ]
          ]
        ]
      },
      "properties": {
        "month": "202608",
        "value": 22.24,
        "units": "degC"
      }
    },
    {
      "type": "Feature",
      "geometry": {
        "type": "Polygon",
        "coordinates": [
          [
            [
              82.1875,
              44.75
            ],
            [
              82.1875,
              45.25
            ],
            [
              82.8125,
              45.25
            ],
            [
              82.8125,
              44.75
            ],
            [
              82.1875,
              44.75
            ]
          ]
        ]
      },
      "properties": {
        "month": "202608",
        "value": 29.0,
        "units": "degC"
      }
    },
    {
      "type": "Feature",
      "geometry": {
        "type": "Polygon",
        "coordinates": [
          [
            [
              82.8125,
              44.75
            ],
            [
              82.8125,
              45.25
            ],
            [
              83.4375,
              45.25
            ],
            [
              83.4375,
              44.75
            ],
            [
              82.8125,
              44.75
            ]
          ]
        ]
      },
      "properties": {
        "month": "202608",
        "value": 27.94,
        "units": "degC"
      }
    },
    {
      "type": "Feature",
      "geometry": {
        "type": "Polygon",
        "coordinates": [
          [
            [
              83.4375,
              44.75
            ],
            [
              83.4375,
              45.25
            ],
            [
              84.0625,
              45.25
            ],
            [
              84.0625,
              44.75
            ],
            [
              83.4375,
              44.75
            ]
          ]
        ]
      },
      "properties": {
        "month": "202608",
        "value": 28.8,
        "units": "degC"
      }
    },
    {
      "type": "Feature",
      "geometry": {
        "type": "Polygon",
        "coordinates": [
          [
            [
              80.3125,
              45.25
            ],
            [
              80.3125,
              45.75
            ],
            [
              80.9375,
              45.75
            ],
            [
              80.9375,
              45.25
            ],
            [
              80.3125,
              45.25
            ]
          ]
        ]
      },
      "properties": {
        "month": "202608",
        "value": 19.92,
        "units": "degC"
      }
    },
    {
      "type": "Feature",
      "geometry": {
        "type": "Polygon",
        "coordinates": [
          [
            [
              80.9375,
              45.25
            ],
            [
              80.9375,
              45.75
            ],
            [
              81.5625,
              45.75
            ],
            [
              81.5625,
              45.25
            ],
            [
              80.9375,
              45.25
            ]
          ]
        ]
      },
      "properties": {
        "month": "202608",
        "value": 16.56,
        "units": "degC"
      }
    },
    {
      "type": "Feature",
      "geometry": {
        "type": "Polygon",
        "coordinates": [
          [
            [
              81.5625,
              45.25
            ],
            [
              81.5625,
              45.75
            ],
            [
              82.1875,
              45.75
            ],
            [
              82.1875,
              45.25
            ],
            [
              81.5625,
              45.25
            ]
          ]
        ]
      },
      "properties": {
        "month": "202608",
        "value": 21.51,
        "units": "degC"
      }
    },
    {
      "type": "Feature",
      "geometry": {
        "type": "Polygon",
        "coordinates": [
          [
            [
              82.1875,
              45.25
            ],
            [
              82.1875,
              45.75
            ],
            [
              82.8125,
              45.75
            ],
            [
              82.8125,
              45.25
            ],
            [
              82.1875,
              45.25
            ]
          ]
        ]
      },
      "properties": {
        "month": "202608",
        "value": 22.86,
        "units": "degC"
      }
    },
    {
      "type": "Feature",
      "geometry": {
        "type": "Polygon",
        "coordinates": [
          [
            [
              82.8125,
              45.25
            ],
            [
              82.8125,
              45.75
            ],
            [
              83.4375,
              45.75
            ],
            [
              83.4375,
              45.25
            ],
            [
              82.8125,
              45.25
            ]
          ]
        ]
      },
      "properties": {
        "month": "202608",
        "value": 18.26,
        "units": "degC"
      }
    },
    {
      "type": "Feature",
      "geometry": {
        "type": "Polygon",
        "coordinates": [
          [
            [
              83.4375,
              45.25
            ],
            [
              83.4375,
              45.75
            ],
            [
              84.0625,
              45.75
            ],
            [
              84.0625,
              45.25
            ],
            [
              83.4375,
              45.25
            ]
          ]
        ]
      },
      "properties": {
        "month": "202608",
        "value": 21.21,
        "units": "degC"
      }
    },
    {
      "type": "Feature",
      "geometry": {
        "type": "Polygon",
        "coordinates": [
          [
            [
              80.3125,
              45.75
            ],
            [
              80.3125,
              46.25
            ],
            [
              80.9375,
              46.25
            ],
            [
              80.9375,
              45.75
            ],
            [
              80.3125,
              45.75
            ]
          ]
        ]
      },
      "properties": {
        "month": "202608",
        "value": 26.4,
        "units": "degC"
      }
    },
    {
      "type": "Feature",
      "geometry": {
        "type": "Polygon",
        "coordinates": [
          [
            [
              80.9375,
              45.75
            ],
            [
              80.9375,
              46.25
            ],
            [
              81.5625,
              46.25
            ],
            [
              81.5625,
              45.75
            ],
            [
              80.9375,
              45.75
            ]
          ]
        ]
      },
      "properties": {
        "month": "202608",
        "value": 26.48,
        "units": "degC"
      }
    },
    {
      "type": "Feature",
      "geometry": {
        "type": "Polygon",
        "coordinates": [
          [
            [
              81.5625,
              45.75
            ],
            [
              81.5625,
              46.25
            ],
            [
              82.1875,
              46.25
            ],
            [
              82.1875,
              45.75
            ],
            [
              81.5625,
              45.75
            ]
          ]
        ]
      },
      "properties": {
        "month": "202608",
        "value": 27.96,
        "units": "degC"
      }
    },
    {
      "type": "Feature",
      "geometry": {
        "type": "Polygon",
        "coordinates": [
          [
            [
              82.1875,
              45.75
            ],
            [
              82.1875,
              46.25
            ],
            [
              82.8125,
              46.25
            ],
            [
              82.8125,
              45.75
            ],
            [
              82.1875,
              45.75
            ]
          ]
        ]
      },
      "properties": {
        "month": "202608",
        "value": 23.89,
        "units": "degC"
      }
    },
    {
      "type": "Feature",
      "geometry": {
        "type": "Polygon",
        "coordinates": [
          [
            [
              82.8125,
              45.75
            ],
            [
              82.8125,
              46.25
            ],
            [
              83.4375,
              46.25
            ],
            [
              83.4375,
              45.75
            ],
            [
              82.8125,
              45.75
            ]
          ]
        ]
      },
      "properties": {
        "month": "202608",
        "value": 21.12,
        "units": "degC"
      }
    },
    {
      "type": "Feature",
      "geometry": {
        "type": "Polygon",
        "coordinates": [
          [
            [
              83.4375,
              45.75
            ],
            [
              83.4375,
              46.25
            ],
            [
              84.0625,
              46.25
            ],
            [
              84.0625,
              45.75
            ],
            [
              83.4375,
              45.75
            ]
          ]
        ]
      },
      "properties": {
        "month": "202608",
        "value": 22.59,
        "units": "degC"
      }
    },
    {
      "type": "Feature",
      "geometry": {
        "type": "Polygon",
        "coordinates": [
          [
            [
              80.3125,
              46.25
            ],
            [
              80.3125,
              46.75
            ],
            [
              80.9375,
              46.75
            ],
            [
              80.9375,
              46.25
            ],
            [
              80.3125,
              46.25
            ]
          ]
        ]
      },
      "properties": {
        "month": "202608",
        "value": 27.79,
        "units": "degC"
      }
    },
    {
      "type": "Feature",
      "geometry": {
        "type": "Polygon",
        "coordinates": [
          [
            [
              80.9375,
              46.25
            ],
            [
              80.9375,
              46.75
            ],
            [
              81.5625,
              46.75
            ],
            [
              81.5625,
              46.25
            ],
            [
              80.9375,
              46.25
            ]
          ]
        ]
      },
      "properties": {
        "month": "202608",
        "value": 27.91,
        "units": "degC"
      }
    },
    {
      "type": "Feature",
      "geometry": {
        "type": "Polygon",
        "coordinates": [
          [
            [
              81.5625,
              46.25
            ],
            [
              81.5625,
              46.75
            ],
            [
              82.1875,
              46.75
            ],
            [
              82.1875,
              46.25
            ],
            [
              81.5625,
              46.25
            ]
          ]
        ]
      },
      "properties": {
        "month": "202608",
        "value": 27.76,
        "units": "degC"
      }
    },
    {
      "type": "Feature",
      "geometry": {
        "type": "Polygon",
        "coordinates": [
          [
            [
              82.1875,
              46.25
            ],
            [
              82.1875,
              46.75
            ],
            [
              82.8125,
              46.75
            ],
            [
              82.8125,
              46.25
            ],
            [
              82.1875,
              46.25
            ]
          ]
        ]
      },
      "properties": {
        "month": "202608",
        "value": 27.28,
        "units": "degC"
      }
    },
    {
      "type": "Feature",
      "geometry": {
        "type": "Polygon",
        "coordinates": [
          [
            [
              82.8125,
              46.25
            ],
            [
              82.8125,
              46.75
            ],
            [
              83.4375,
              46.75
            ],
            [
              83.4375,
              46.25
            ],
            [
              82.8125,
              46.25
            ]
          ]
        ]
      },
      "properties": {
        "month": "202608",
        "value": 26.97,
        "units": "degC"
      }
    },
    {
      "type": "Feature",
      "geometry": {
        "type": "Polygon",
        "coordinates": [
          [
            [
              83.4375,
              46.25
            ],
            [
              83.4375,
              46.75
            ],
            [
              84.0625,
              46.75
            ],
            [
              84.0625,
              46.25
            ],
            [
              83.4375,
              46.25
            ]
          ]
        ]
      },
      "properties": {
        "month": "202608",
        "value": 24.97,
        "units": "degC"
      }
    },
    {
      "type": "Feature",
      "geometry": {
        "type": "Polygon",
        "coordinates": [
          [
            [
              80.3125,
              46.75
            ],
            [
              80.3125,
              47.25
            ],
            [
              80.9375,
              47.25
            ],
            [
              80.9375,
              46.75
            ],
            [
              80.3125,
              46.75
            ]
          ]
        ]
      },
      "properties": {
        "month": "202608",
        "value": 26.93,
        "units": "degC"
      }
    },
    {
      "type": "Feature",
      "geometry": {
        "type": "Polygon",
        "coordinates": [
          [
            [
              80.9375,
              46.75
            ],
            [
              80.9375,
              47.25
            ],
            [
              81.5625,
              47.25
            ],
            [
              81.5625,
              46.75
            ],
            [
              80.9375,
              46.75
            ]
          ]
        ]
      },
      "properties": {
        "month": "202608",
        "value": 26.03,
        "units": "degC"
      }
    },
    {
      "type": "Feature",
      "geometry": {
        "type": "Polygon",
        "coordinates": [
          [
            [
              81.5625,
              46.75
            ],
            [
              81.5625,
              47.25
            ],
            [
              82.1875,
              47.25
            ],
            [
              82.1875,
              46.75
            ],
            [
              81.5625,
              46.75
            ]
          ]
        ]
      },
      "properties": {
        "month": "202608",
        "value": 24.68,
        "units": "degC"
      }
    },
    {
      "type": "Feature",
      "geometry": {
        "type": "Polygon",
        "coordinates": [
          [
            [
              82.1875,
              46.75
            ],
            [
              82.1875,
              47.25
            ],
            [
              82.8125,
              47.25
            ],
            [
              82.8125,
              46.75
            ],
            [
              82.1875,
              46.75
            ]
          ]
        ]
      },
      "properties": {
        "month": "202608",
        "value": 23.02,
        "units": "degC"
      }
    },
    {
      "type": "Feature",
      "geometry": {
        "type": "Polygon",
        "coordinates": [
          [
            [
              82.8125,
              46.75
            ],
            [
              82.8125,
              47.25
            ],
            [
              83.4375,
              47.25
            ],
            [
              83.4375,
              46.75
            ],
            [
              82.8125,
              46.75
            ]
          ]
        ]
      },
      "properties": {
        "month": "202608",
        "value": 21.81,
        "units": "degC"
      }
    },
    {
      "type": "Feature",
      "geometry": {
        "type": "Polygon",
        "coordinates": [
          [
            [
              83.4375,
              46.75
            ],
            [
              83.4375,
              47.25
            ],
            [
              84.0625,
              47.25
            ],
            [
              84.0625,
              46.75
            ],
            [
              83.4375,
              46.75
            ]
          ]
        ]
      },
      "properties": {
        "month": "202608",
        "value": 20.89,
        "units": "degC"
      }
    },
    {
      "type": "Feature",
      "geometry": {
        "type": "Polygon",
        "coordinates": [
          [
            [
              80.3125,
              47.25
            ],
            [
              80.3125,
              47.75
            ],
            [
              80.9375,
              47.75
            ],
            [
              80.9375,
              47.25
            ],
            [
              80.3125,
              47.25
            ]
          ]
        ]
      },
      "properties": {
        "month": "202608",
        "value": 24.3,
        "units": "degC"
      }
    },
    {
      "type": "Feature",
      "geometry": {
        "type": "Polygon",
        "coordinates": [
          [
            [
              80.9375,
              47.25
            ],
            [
              80.9375,
              47.75
            ],
            [
              81.5625,
              47.75
            ],
            [
              81.5625,
              47.25
            ],
            [
              80.9375,
              47.25
            ]
          ]
        ]
      },
      "properties": {
        "month": "202608",
        "value": 21.69,
        "units": "degC"
      }
    },
    {
      "type": "Feature",
      "geometry": {
        "type": "Polygon",
        "coordinates": [
          [
            [
              81.5625,
              47.25
            ],
            [
              81.5625,
              47.75
            ],
            [
              82.1875,
              47.75
            ],
            [
              82.1875,
              47.25
            ],
            [
              81.5625,
              47.25
            ]
          ]
        ]
      },
      "properties": {
        "month": "202608",
        "value": 20.38,
        "units": "degC"
      }
    },
    {
      "type": "Feature",
      "geometry": {
        "type": "Polygon",
        "coordinates": [
          [
            [
              82.1875,
              47.25
            ],
            [
              82.1875,
              47.75
            ],
            [
              82.8125,
              47.75
            ],
            [
              82.8125,
              47.25
            ],
            [
              82.1875,
              47.25
            ]
          ]
        ]
      },
      "properties": {
        "month": "202608",
        "value": 20.7,
        "units": "degC"
      }
    },
    {
      "type": "Feature",
      "geometry": {
        "type": "Polygon",
        "coordinates": [
          [
            [
              82.8125,
              47.25
            ],
            [
              82.8125,
              47.75
            ],
            [
              83.4375,
              47.75
            ],
            [
              83.4375,
              47.25
            ],
            [
              82.8125,
              47.25
            ]
          ]
        ]
      },
      "properties": {
        "month": "202608",
        "value": 21.53,
        "units": "degC"
      }
    },
    {
      "type": "Feature",
      "geometry": {
        "type": "Polygon",
        "coordinates": [
          [
            [
              83.4375,
              47.25
            ],
            [
              83.4375,
              47.75
            ],
            [
              84.0625,
              47.75
            ],
            [
              84.0625,
              47.25
            ],
            [
              83.4375,
              47.25
            ]
          ]
        ]
      },
      "properties": {
        "month": "202608",
        "value": 22.24,
        "units": "degC"
      }
    },
    {
      "type": "Feature",
      "geometry": {
        "type": "Polygon",
        "coordinates": [
          [
            [
              80.3125,
              47.75
            ],
            [
              80.3125,
              48.25
            ],
            [
              80.9375,
              48.25
            ],
            [
              80.9375,
              47.75
            ],
            [
              80.3125,
              47.75
            ]
          ]
        ]
      },
      "properties": {
        "month": "202608",
        "value": 22.76,
        "units": "degC"
      }
    },
    {
      "type": "Feature",
      "geometry": {
        "type": "Polygon",
        "coordinates": [
          [
            [
              80.9375,
              47.75
            ],
            [
              80.9375,
              48.25
            ],
            [
              81.5625,
              48.25
            ],
            [
              81.5625,
              47.75
            ],
            [
              80.9375,
              47.75
            ]
          ]
        ]
      },
      "properties": {
        "month": "202608",
        "value": 21.64,
        "units": "degC"
      }
    },
    {
      "type": "Feature",
      "geometry": {
        "type": "Polygon",
        "coordinates": [
          [
            [
              81.5625,
              47.75
            ],
            [
              81.5625,
              48.25
            ],
            [
              82.1875,
              48.25
            ],
            [
              82.1875,
              47.75
            ],
            [
              81.5625,
              47.75
            ]
          ]
        ]
      },
      "properties": {
        "month": "202608",
        "value": 22.12,
        "units": "degC"
      }
    },
    {
      "type": "Feature",
      "geometry": {
        "type": "Polygon",
        "coordinates": [
          [
            [
              82.1875,
              47.75
            ],
            [
              82.1875,
              48.25
            ],
            [
              82.8125,
              48.25
            ],
            [
              82.8125,
              47.75
            ],
            [
              82.1875,
              47.75
            ]
          ]
        ]
      },
      "properties": {
        "month": "202608",
        "value": 24.03,
        "units": "degC"
      }
    },
    {
      "type": "Feature",
      "geometry": {
        "type": "Polygon",
        "coordinates": [
          [
            [
              82.8125,
              47.75
            ],
            [
              82.8125,
              48.25
            ],
            [
              83.4375,
              48.25
            ],
            [
              83.4375,
              47.75
            ],
            [
              82.8125,
              47.75
            ]
          ]
        ]
      },
      "properties": {
        "month": "202608",
        "value": 25.09,
        "units": "degC"
      }
    },
    {
      "type": "Feature",
      "geometry": {
        "type": "Polygon",
        "coordinates": [
          [
            [
              83.4375,
              47.75
            ],
            [
              83.4375,
              48.25
            ],
            [
              84.0625,
              48.25
            ],
            [
              84.0625,
              47.75
            ],
            [
              83.4375,
              47.75
            ]
          ]
        ]
      },
      "properties": {
        "month": "202608",
        "value": 25.23,
        "units": "degC"
      }
    },
    {
      "type": "Feature",
      "geometry": {
        "type": "Polygon",
        "coordinates": [
          [
            [
              80.3125,
              48.25
            ],
            [
              80.3125,
              48.75
            ],
            [
              80.9375,
              48.75
            ],
            [
              80.9375,
              48.25
            ],
            [
              80.3125,
              48.25
            ]
          ]
        ]
      },
      "properties": {
        "month": "202608",
        "value": 21.75,
        "units": "degC"
      }
    },
    {
      "type": "Feature",
      "geometry": {
        "type": "Polygon",
        "coordinates": [
          [
            [
              80.9375,
              48.25
            ],
            [
              80.9375,
              48.75
            ],
            [
              81.5625,
              48.75
            ],
            [
              81.5625,
              48.25
            ],
            [
              80.9375,
              48.25
            ]
          ]
        ]
      },
      "properties": {
        "month": "202608",
        "value": 21.62,
        "units": "degC"
      }
    },
    {
      "type": "Feature",
      "geometry": {
        "type": "Polygon",
        "coordinates": [
          [
            [
              81.5625,
              48.25
            ],
            [
              81.5625,
              48.75
            ],
            [
              82.1875,
              48.75
            ],
            [
              82.1875,
              48.25
            ],
            [
              81.5625,
              48.25
            ]
          ]
        ]
      },
      "properties": {
        "month": "202608",
        "value": 22.56,
        "units": "degC"
      }
    },
    {
      "type": "Feature",
      "geometry": {
        "type": "Polygon",
        "coordinates": [
          [
            [
              82.1875,
              48.25
            ],
            [
              82.1875,
              48.75
            ],
            [
              82.8125,
              48.75
            ],
            [
              82.8125,
              48.25
            ],
            [
              82.1875,
              48.25
            ]
          ]
        ]
      },
      "properties": {
        "month": "202608",
        "value": 23.93,
        "units": "degC"
      }
    },
    {
      "type": "Feature",
      "geometry": {
        "type": "Polygon",
        "coordinates": [
          [
            [
              82.8125,
              48.25
            ],
            [
              82.8125,
              48.75
            ],
            [
              83.4375,
              48.75
            ],
            [
              83.4375,
              48.25
            ],
            [
              82.8125,
              48.25
            ]
          ]
        ]
      },
      "properties": {
        "month": "202608",
        "value": 24.73,
        "units": "degC"
      }
    },
    {
      "type": "Feature",
      "geometry": {
        "type": "Polygon",
        "coordinates": [
          [
            [
              83.4375,
              48.25
            ],
            [
              83.4375,
              48.75
            ],
            [
              84.0625,
              48.75
            ],
            [
              84.0625,
              48.25
            ],
            [
              83.4375,
              48.25
            ]
          ]
        ]
      },
      "properties": {
        "month": "202608",
        "value": 24.57,
        "units": "degC"
      }
    },
    {
      "type": "Feature",
      "geometry": {
        "type": "Polygon",
        "coordinates": [
          [
            [
              80.9375,
              48.75
            ],
            [
              80.3125,
              48.75
            ],
            [
              80.3125,
              49.0
            ],
            [
              80.9375,
              49.0
            ],
            [
              80.9375,
              48.75
            ]
          ]
        ]
      },
      "properties": {
        "month": "202608",
        "value": 21.92,
        "units": "degC"
      }
    },
    {
      "type": "Feature",
      "geometry": {
        "type": "Polygon",
        "coordinates": [
          [
            [
              81.5625,
              48.75
            ],
            [
              80.9375,
              48.75
            ],
            [
              80.9375,
              49.0
            ],
            [
              81.5625,
              49.0
            ],
            [
              81.5625,
              48.75
            ]
          ]
        ]
      },
      "properties": {
        "month": "202608",
        "value": 21.82,
        "units": "degC"
      }
    },
    {
      "type": "Feature",
      "geometry": {
        "type": "Polygon",
        "coordinates": [
          [
            [
              82.1875,
              48.75
            ],
            [
              81.5625,
              48.75
            ],
            [
              81.5625,
              49.0
            ],
            [
              82.1875,
              49.0
            ],
            [
              82.1875,
              48.75
            ]
          ]
        ]
      },
      "properties": {
        "month": "202608",
        "value": 21.31,
        "units": "degC"
      }
    },
    {
      "type": "Feature",
      "geometry": {
        "type": "Polygon",
        "coordinates": [
          [
            [
              82.8125,
              48.75
            ],
            [
              82.1875,
              48.75
            ],
            [
              82.1875,
              49.0
            ],
            [
              82.8125,
              49.0
            ],
            [
              82.8125,
              48.75
            ]
          ]
        ]
      },
      "properties": {
        "month": "202608",
        "value": 20.61,
        "units": "degC"
      }
    },
    {
      "type": "Feature",
      "geometry": {
        "type": "Polygon",
        "coordinates": [
          [
            [
              83.4375,
              48.75
            ],
            [
              82.8125,
              48.75
            ],
            [
              82.8125,
              49.0
            ],
            [
              83.4375,
              49.0
            ],
            [
              83.4375,
              48.75
            ]
          ]
        ]
      },
      "properties": {
        "month": "202608",
        "value": 21.35,
        "units": "degC"
      }
    },
    {
      "type": "Feature",
      "geometry": {
        "type": "Polygon",
        "coordinates": [
          [
            [
              84.0625,
              48.75
            ],
            [
              83.4375,
              48.75
            ],
            [
              83.4375,
              49.0
            ],
            [
              84.0625,
              49.0
            ],
            [
              84.0625,
              48.75
            ]
          ]
        ]
      },
      "properties": {
        "month": "202608",
        "value": 21.93,
        "units": "degC"
      }
    },
    {
      "type": "Feature",
      "geometry": {
        "type": "Polygon",
        "coordinates": [
          [
            [
              84.0625,
              42.25
            ],
            [
              84.6875,
              42.25
            ],
            [
              84.6875,
              42.0
            ],
            [
              84.0625,
              42.0
            ],
            [
              84.0625,
              42.25
            ]
          ]
        ]
      },
      "properties": {
        "month": "202608",
        "value": 24.15,
        "units": "degC"
      }
    },
    {
      "type": "Feature",
      "geometry": {
        "type": "Polygon",
        "coordinates": [
          [
            [
              84.6875,
              42.25
            ],
            [
              85.0,
              42.25
            ],
            [
              85.0,
              42.0
            ],
            [
              84.6875,
              42.0
            ],
            [
              84.6875,
              42.25
            ]
          ]
        ]
      },
      "properties": {
        "month": "202608",
        "value": 23.89,
        "units": "degC"
      }
    },
    {
      "type": "Feature",
      "geometry": {
        "type": "Polygon",
        "coordinates": [
          [
            [
              84.0625,
              42.25
            ],
            [
              84.0625,
              42.75
            ],
            [
              84.6875,
              42.75
            ],
            [
              84.6875,
              42.25
            ],
            [
              84.0625,
              42.25
            ]
          ]
        ]
      },
      "properties": {
        "month": "202608",
        "value": 14.62,
        "units": "degC"
      }
    },
    {
      "type": "Feature",
      "geometry": {
        "type": "Polygon",
        "coordinates": [
          [
            [
              84.6875,
              42.25
            ],
            [
              84.6875,
              42.75
            ],
            [
              85.0,
              42.75
            ],
            [
              85.0,
              42.25
            ],
            [
              84.6875,
              42.25
            ]
          ]
        ]
      },
      "properties": {
        "month": "202608",
        "value": 12.59,
        "units": "degC"
      }
    },
    {
      "type": "Feature",
      "geometry": {
        "type": "Polygon",
        "coordinates": [
          [
            [
              84.0625,
              42.75
            ],
            [
              84.0625,
              43.25
            ],
            [
              84.6875,
              43.25
            ],
            [
              84.6875,
              42.75
            ],
            [
              84.0625,
              42.75
            ]
          ]
        ]
      },
      "properties": {
        "month": "202608",
        "value": 13.31,
        "units": "degC"
      }
    },
    {
      "type": "Feature",
      "geometry": {
        "type": "Polygon",
        "coordinates": [
          [
            [
              84.6875,
              42.75
            ],
            [
              84.6875,
              43.25
            ],
            [
              85.0,
              43.25
            ],
            [
              85.0,
              42.75
            ],
            [
              84.6875,
              42.75
            ]
          ]
        ]
      },
      "properties": {
        "month": "202608",
        "value": 13.14,
        "units": "degC"
      }
    },
    {
      "type": "Feature",
      "geometry": {
        "type": "Polygon",
        "coordinates": [
          [
            [
              84.0625,
              43.25
            ],
            [
              84.0625,
              43.75
            ],
            [
              84.6875,
              43.75
            ],
            [
              84.6875,
              43.25
            ],
            [
              84.0625,
              43.25
            ]
          ]
        ]
      },
      "properties": {
        "month": "202608",
        "value": 12.73,
        "units": "degC"
      }
    },
    {
      "type": "Feature",
      "geometry": {
        "type": "Polygon",
        "coordinates": [
          [
            [
              84.6875,
              43.25
            ],
            [
              84.6875,
              43.75
            ],
            [
              85.0,
              43.75
            ],
            [
              85.0,
              43.25
            ],
            [
              84.6875,
              43.25
            ]
          ]
        ]
      },
      "properties": {
        "month": "202608",
        "value": 8.09,
        "units": "degC"
      }
    },
    {
      "type": "Feature",
      "geometry": {
        "type": "Polygon",
        "coordinates": [
          [
            [
              84.0625,
              43.75
            ],
            [
              84.0625,
              44.25
            ],
            [
              84.6875,
              44.25
            ],
            [
              84.6875,
              43.75
            ],
            [
              84.0625,
              43.75
            ]
          ]
        ]
      },
      "properties": {
        "month": "202608",
        "value": 14.45,
        "units": "degC"
      }
    },
    {
      "type": "Feature",
      "geometry": {
        "type": "Polygon",
        "coordinates": [
          [
            [
              84.6875,
              43.75
            ],
            [
              84.6875,
              44.25
            ],
            [
              85.0,
              44.25
            ],
            [
              85.0,
              43.75
            ],
            [
              84.6875,
              43.75
            ]
          ]
        ]
      },
      "properties": {
        "month": "202608",
        "value": 16.74,
        "units": "degC"
      }
    },
    {
      "type": "Feature",
      "geometry": {
        "type": "Polygon",
        "coordinates": [
          [
            [
              84.0625,
              44.25
            ],
            [
              84.0625,
              44.75
            ],
            [
              84.6875,
              44.75
            ],
            [
              84.6875,
              44.25
            ],
            [
              84.0625,
              44.25
            ]
          ]
        ]
      },
      "properties": {
        "month": "202608",
        "value": 27.19,
        "units": "degC"
      }
    },
    {
      "type": "Feature",
      "geometry": {
        "type": "Polygon",
        "coordinates": [
          [
            [
              84.6875,
              44.25
            ],
            [
              84.6875,
              44.75
            ],
            [
              85.0,
              44.75
            ],
            [
              85.0,
              44.25
            ],
            [
              84.6875,
              44.25
            ]
          ]
        ]
      },
      "properties": {
        "month": "202608",
        "value": 27.96,
        "units": "degC"
      }
    },
    {
      "type": "Feature",
      "geometry": {
        "type": "Polygon",
        "coordinates": [
          [
            [
              84.0625,
              44.75
            ],
            [
              84.0625,
              45.25
            ],
            [
              84.6875,
              45.25
            ],
            [
              84.6875,
              44.75
            ],
            [
              84.0625,
              44.75
            ]
          ]
        ]
      },
      "properties": {
        "month": "202608",
        "value": 29.8,
        "units": "degC"
      }
    },
    {
      "type": "Feature",
      "geometry": {
        "type": "Polygon",
        "coordinates": [
          [
            [
              84.6875,
              44.75
            ],
            [
              84.6875,
              45.25
            ],
            [
              85.0,
              45.25
            ],
            [
              85.0,
              44.75
            ],
            [
              84.6875,
              44.75
            ]
          ]
        ]
      },
      "properties": {
        "month": "202608",
        "value": 29.89,
        "units": "degC"
      }
    },
    {
      "type": "Feature",
      "geometry": {
        "type": "Polygon",
        "coordinates": [
          [
            [
              84.0625,
              45.25
            ],
            [
              84.0625,
              45.75
            ],
            [
              84.6875,
              45.75
            ],
            [
              84.6875,
              45.25
            ],
            [
              84.0625,
              45.25
            ]
          ]
        ]
      },
      "properties": {
        "month": "202608",
        "value": 25.62,
        "units": "degC"
      }
    },
    {
      "type": "Feature",
      "geometry": {
        "type": "Polygon",
        "coordinates": [
          [
            [
              84.6875,
              45.25
            ],
            [
              84.6875,
              45.75
            ],
            [
              85.0,
              45.75
            ],
            [
              85.0,
              45.25
            ],
            [
              84.6875,
              45.25
            ]
          ]
        ]
      },
      "properties": {
        "month": "202608",
        "value": 29.11,
        "units": "degC"
      }
    },
    {
      "type": "Feature",
      "geometry": {
        "type": "Polygon",
        "coordinates": [
          [
            [
              84.0625,
              45.75
            ],
            [
              84.0625,
              46.25
            ],
            [
              84.6875,
              46.25
            ],
            [
              84.6875,
              45.75
            ],
            [
              84.0625,
              45.75
            ]
          ]
        ]
      },
      "properties": {
        "month": "202608",
        "value": 22.14,
        "units": "degC"
      }
    },
    {
      "type": "Feature",
      "geometry": {
        "type": "Polygon",
        "coordinates": [
          [
            [
              84.6875,
              45.75
            ],
            [
              84.6875,
              46.25
            ],
            [
              85.0,
              46.25
            ],
            [
              85.0,
              45.75
            ],
            [
              84.6875,
              45.75
            ]
          ]
        ]
      },
      "properties": {
        "month": "202608",
        "value": 26.53,
        "units": "degC"
      }
    },
    {
      "type": "Feature",
      "geometry": {
        "type": "Polygon",
        "coordinates": [
          [
            [
              84.0625,
              46.25
            ],
            [
              84.0625,
              46.75
            ],
            [
              84.6875,
              46.75
            ],
            [
              84.6875,
              46.25
            ],
            [
              84.0625,
              46.25
            ]
          ]
        ]
      },
      "properties": {
        "month": "202608",
        "value": 19.27,
        "units": "degC"
      }
    },
    {
      "type": "Feature",
      "geometry": {
        "type": "Polygon",
        "coordinates": [
          [
            [
              84.6875,
              46.25
            ],
            [
              84.6875,
              46.75
            ],
            [
              85.0,
              46.75
            ],
            [
              85.0,
              46.25
            ],
            [
              84.6875,
              46.25
            ]
          ]
        ]
      },
      "properties": {
        "month": "202608",
        "value": 22.81,
        "units": "degC"
      }
    },
    {
      "type": "Feature",
      "geometry": {
        "type": "Polygon",
        "coordinates": [
          [
            [
              84.0625,
              46.75
            ],
            [
              84.0625,
              47.25
            ],
            [
              84.6875,
              47.25
            ],
            [
              84.6875,
              46.75
            ],
            [
              84.0625,
              46.75
            ]
          ]
        ]
      },
      "properties": {
        "month": "202608",
        "value": 20.41,
        "units": "degC"
      }
    },
    {
      "type": "Feature",
      "geometry": {
        "type": "Polygon",
        "coordinates": [
          [
            [
              84.6875,
              46.75
            ],
            [
              84.6875,
              47.25
            ],
            [
              85.0,
              47.25
            ],
            [
              85.0,
              46.75
            ],
            [
              84.6875,
              46.75
            ]
          ]
        ]
      },
      "properties": {
        "month": "202608",
        "value": 16.52,
        "units": "degC"
      }
    },
    {
      "type": "Feature",
      "geometry": {
        "type": "Polygon",
        "coordinates": [
          [
            [
              84.0625,
              47.25
            ],
            [
              84.0625,
              47.75
            ],
            [
              84.6875,
              47.75
            ],
            [
              84.6875,
              47.25
            ],
            [
              84.0625,
              47.25
            ]
          ]
        ]
      },
      "properties": {
        "month": "202608",
        "value": 23.51,
        "units": "degC"
      }
    },
    {
      "type": "Feature",
      "geometry": {
        "type": "Polygon",
        "coordinates": [
          [
            [
              84.6875,
              47.25
            ],
            [
              84.6875,
              47.75
            ],
            [
              85.0,
              47.75
            ],
            [
              85.0,
              47.25
            ],
            [
              84.6875,
              47.25
            ]
          ]
        ]
      },
      "properties": {
        "month": "202608",
        "value": 22.78,
        "units": "degC"
      }
    },
    {
      "type": "Feature",
      "geometry": {
        "type": "Polygon",
        "coordinates": [
          [
            [
              84.0625,
              47.75
            ],
            [
              84.0625,
              48.25
            ],
            [
              84.6875,
              48.25
            ],
            [
              84.6875,
              47.75
            ],
            [
              84.0625,
              47.75
            ]
          ]
        ]
      },
      "properties": {
        "month": "202608",
        "value": 25.05,
        "units": "degC"
      }
    },
    {
      "type": "Feature",
      "geometry": {
        "type": "Polygon",
        "coordinates": [
          [
            [
              84.6875,
              47.75
            ],
            [
              84.6875,
              48.25
            ],
            [
              85.0,
              48.25
            ],
            [
              85.0,
              47.75
            ],
            [
              84.6875,
              47.75
            ]
          ]
        ]
      },
      "properties": {
        "month": "202608",
        "value": 25.25,
        "units": "degC"
      }
    },
    {
      "type": "Feature",
      "geometry": {
        "type": "Polygon",
        "coordinates": [
          [
            [
              84.0625,
              48.25
            ],
            [
              84.0625,
              48.75
            ],
            [
              84.6875,
              48.75
            ],
            [
              84.6875,
              48.25
            ],
            [
              84.0625,
              48.25
            ]
          ]
        ]
      },
      "properties": {
        "month": "202608",
        "value": 22.77,
        "units": "degC"
      }
    },
    {
      "type": "Feature",
      "geometry": {
        "type": "Polygon",
        "coordinates": [
          [
            [
              84.6875,
              48.25
            ],
            [
              84.6875,
              48.75
            ],
            [
              85.0,
              48.75
            ],
            [
              85.0,
              48.25
            ],
            [
              84.6875,
              48.25
            ]
          ]
        ]
      },
      "properties": {
        "month": "202608",
        "value": 20.73,
        "units": "degC"
      }
    },
    {
      "type": "Feature",
      "geometry": {
        "type": "Polygon",
        "coordinates": [
          [
            [
              84.6875,
              48.75
            ],
            [
              84.0625,
              48.75
            ],
            [
              84.0625,
              49.0
            ],
            [
              84.6875,
              49.0
            ],
            [
              84.6875,
              48.75
            ]
          ]
        ]
      },
      "properties": {
        "month": "202608",
        "value": 19.26,
        "units": "degC"
      }
    },
    {
      "type": "Feature",
      "geometry": {
        "type": "Polygon",
        "coordinates": [
          [
            [
              84.6875,
              48.75
            ],
            [
              84.6875,
              49.0
            ],
            [
              85.0,
              49.0
            ],
            [
              85.0,
              48.75
            ],
            [
              84.6875,
              48.75
            ]
          ]
        ]
      },
      "properties": {
        "month": "202608",
        "value": 15.94,
        "units": "degC"
      }
    }
  ]
}