{
  "type": "FeatureCollection",
  "features": [
    {
      "type": "Feature",
      "geometry": {
        "type": "MultiLineString",
        "coordinates": [
          [
            [
              73.11226118380654,
              42.13934031820111
            ],
            [
              73.11877241391574,
              42.12626618113933
            ],
            [
              73.12249311696377,
              42.12208039009789
            ],
            [
              73.12698896726698,
              42.11980662697425
            ]
          ],
          [
            [
              73.13365522700707,
              42.12156362616042
            ],
            [
              73.1443522481577,
              42.12115021411108
            ],
            [
              73.15851158993792,
              42.11872142225582
            ],
            [
              73.20972293526523,
              42.104613756419724
            ],
            [
              73.25468143110311,
              42.09830923098622
            ],
            [
              73.26615359860966,
              42.095337835872385
            ],
            [
              73.28046797092009,
              42.08425324199351
            ],
            [
              73.28682417229766,
              42.081049302883
            ],
            [
              73.30434248191995,
              42.08099762603956
            ],
            [
              73.3150395039699,
              42.079163113386926
            ],
            [
              73.32702843631324,
              42.07557160154818
            ],
            [
              73.34501183482826,
              42.067406725040314
            ],
            [
              73.35415856326705,
              42.06203237649294
            ],
            [
              73.36035973501373,
              42.05691640946469
            ],
            [
              73.3636153500683,
              42.052575588792365
            ],
            [
              73.36811120037157,
              42.04340302193191
            ],
            [
              73.37508751757485,
              42.02420522748923
            ],
            [
              73.37756798717282,
              42.0205103619636
            ],
            [
              73.38180545415833,
              42.01914093730437
            ]
          ],
          [
            [
              73.12698896726698,
              42.11980662697425
            ],
            [
              73.13365522700707,
              42.12156362616042
            ]
          ],
          [
            [
              73.41002078583057,
              42.02498037384515
            ],
            [
              73.41932254390025,
              42.02436025712012
            ],
            [
              73.43100141788108,
              42.02203481715304
            ],
            [
              73.46324751186313,
              42.01221629514589
            ]
          ],
          [
            [
              73.38180545415833,
              42.01914093730437
            ],
            [
              73.41002078583057,
              42.02498037384515
            ]
          ],
          [
            [
              73.72209476106434,
              42.02451528585175
            ],
            [
              73.73062137187878,
              42.02420522748923
            ],
            [
              73.75201541507931,
              42.02115631800967
            ],
            [
              73.76085208515559,
              42.01877920209847
            ],
            [
              73.77470136857329,
              42.01335317580839
            ],
            [
              73.7852433609923,
              41.99955556923413
            ],
            [
              73.80090132043955,
              41.95759430603238
            ]
          ],
          [
            [
              73.63734541236084,
              41.98909109118091
            ],
            [
              73.65321007738311,
              41.99082225194536
            ],
            [
              73.66158165856666,
              41.993612779006526
            ],
            [
              73.66685265522585,
              41.99717845332293
            ],
            [
              73.67289879824091,
              42.00356049312222
            ],
            [
              73.68096032106195,
              42.01025259038471
            ],
            [
              73.68623131682176,
              42.01319814707682
            ],
            [
              73.70922732867825,
              42.02218984588467
            ],
            [
              73.71522179574924,
              42.02368846355171
            ],
            [
              73.72209476106434,
              42.02451528585175
            ]
          ],
          [
            [
              73.52143517439373,
              42.01857249652346
            ],
            [
              73.53461266514233,
              42.01660879176228
            ],
            [
              73.62664839121027,
              41.989892075958494
            ],
            [
              73.63734541236084,
              41.98909109118091
            ]
          ],
          [
            [
              73.46324751186313,
              42.01221629514589
            ],
            [
              73.47797529532357,
              42.01255219193007
            ],
            [
              73.50779259565172,
              42.01779735016754
            ],
            [
              73.52143517439373,
              42.01857249652346
            ]
          ]
        ]
      },
      "properties": {
        "FEATURECLA": "Admin-1 boundary",
        "NAME": "Chuy - Jalal-Abad",
        "ADM0_A3": "KGZ",
        "ADM0_NAME": "Kyrgyzstan",
        "SHAPE_LENG": 83.6676313525,
        "MAPCOLOR13": 6,
        "MAPCOLOR9": 7,
        "SOV_A3": "KGZ",
        "NAME_L": "Chuy",
        "NAME_R": "Jalal-Abad",
        "NAME_ALT_L": "",
        "NAME_ALT_R": "Djalal-Abad, Dzhalal-Abadskaya Oblast'|Žalal-Abad",
        "NAME_LOC_L": "",
        "NAME_LOC_R": "",
        "NAME_LEN_L": 4,
        "NAME_LEN_R": 10,
        "NOTE": "Kyrgyzstan_12",
        "TYPE": "",
        "MIN_ZOOM": 6.7,
        "MIN_LABEL": 11.0,
        "SCALERANK": 5,
        "FCLASS_ISO": "",
        "FCLASS_US": "",
        "FCLASS_FR": "",
        "FCLASS_RU": "",
        "FCLASS_ES": "",
        "FCLASS_CN": "",
        "FCLASS_TW": "",
        "FCLASS_IN": "",
        "FCLASS_NP": "",
        "FCLASS_PK": "",
        "FCLASS_DE": "",
        "FCLASS_GB": "",
        "FCLASS_BR": "",
        "FCLASS_IL": "",
        "FCLASS_PS": "",
        "FCLASS_SA": "",
        "FCLASS_EG": "",
        "FCLASS_MA": "",
        "FCLASS_PT": "",
        "FCLASS_AR": "",
        "FCLASS_JP": "",
        "FCLASS_KO": "",
        "FCLASS_VN": "",
        "FCLASS_TR": "",
        "FCLASS_ID": "",
        "FCLASS_PL": "",
        "FCLASS_GR": "",
        "FCLASS_IT": "",
        "FCLASS_NL": "",
        "FCLASS_SE": "",
        "FCLASS_BD": "",
        "FCLASS_UA": "",
        "ne_id": 1746724417,
        "BRK_A3": "",
        "FCLASS_OSM": "",
        "FCLASS_TLC": ""
      }
    },
    {
      "type": "Feature",
      "geometry": {
        "type": "MultiLineString",
        "coordinates": [
          [
            [
              73.63253950369511,
              42.45022573502962
            ],
            [
              73.62277265763203,
              42.450329087817124
            ],
            [
              73.61331587083072,
              42.45193105737235
            ],
            [
              73.60587446473471,
              42.454618232545386
            ],
            [
              73.59998335224986,
              42.457667141125626
            ],
            [
              73.59574588436504,
              42.46097443302364
            ],
            [
              73.59249026931047,
              42.464901842546
            ],
            [
              73.58985477098088,
              42.46970775031241
            ],
            [
              73.5836535992342,
              42.4868384872064
            ],
            [
              73.58039798417957,
              42.490636705519535
            ]
          ],
          [
            [
              73.58039798417957,
              42.490636705519535
            ],
            [
              73.57559207461452,
              42.49058502957541
            ],
            [
              73.56799563978689,
              42.48280772579591
            ],
            [
              73.56318973202048,
              42.473893541353846
            ],
            [
              73.5613293800468,
              42.46167206501377
            ],
            [
              73.56287967275864,
              42.45585846599539
            ],
            [
              73.56458499510143,
              42.451310939748055
            ],
            [
              73.56536014235667,
              42.44717682644938
            ],
            [
              73.55853885298563,
              42.435523789990896
            ],
            [
              73.53368248915552,
              42.41898733229954
            ]
          ],
          [
            [
              73.4925997250972,
              42.28501618145157
            ],
            [
              73.50934288926288,
              42.28511953423907
            ],
            [
              73.53089196209436,
              42.288995266018674
            ],
            [
              73.59156009332361,
              42.30824473730473
            ],
            [
              73.60602949436566,
              42.314678453048145
            ],
            [
              73.63455488529968,
              42.34279043193288
            ],
            [
              73.63688032436744,
              42.35891347937354
            ],
            [
              73.64261640812072,
              42.3678276638156
            ],
            [
              73.65910118986801,
              42.38495840070959
            ],
            [
              73.68576622882836,
              42.40376862242397
            ],
            [
              73.69010704860136,
              42.40981476543902
            ],
            [
              73.69289757656185,
              42.41772125952849
            ],
            [
              73.69165734221252,
              42.42940013350932
            ],
            [
              73.68933190314476,
              42.4367381859185
            ],
            [
              73.67661950128894,
              42.450122382242114
            ],
            [
              73.66561242087647,
              42.45270620372827
            ],
            [
              73.66111657057326,
              42.45296458614672
            ]
          ],
          [
            [
              73.66111657057326,
              42.45296458614672
            ],
            [
              73.63253950369511,
              42.45022573502962
            ]
          ],
          [
            [
              73.53368248915552,
              42.41898733229954
            ],
            [
              73.50520877506489,
              42.42154531536397
            ],
            [
              73.50507740929498,
              42.42155711626788
            ]
          ],
          [
            [
              73.41994266062528,
              42.3025861679173
            ],
            [
              73.45797651610332,
              42.298658759294256
            ],
            [
              73.46541792219932,
              42.296591701745626
            ],
            [
              73.4925997250972,
              42.28501618145157
            ]
          ],
          [
            [
              73.32501305470868,
              42.2849645055075
            ],
            [
              73.33989586780001,
              42.28643728295424
            ],
            [
              73.37885989836559,
              42.298710436137696
            ],
            [
              73.39622317925631,
              42.30186269840476
            ],
            [
              73.41994266062528,
              42.3025861679173
            ]
          ],
          [
            [
              73.27969282366485,
              42.292922675541035
            ],
            [
              73.29814131107264,
              42.290933132358134
            ],
            [
              73.31007856567322,
              42.287083238100934
            ],
            [
              73.32501305470868,
              42.2849645055075
            ]
          ],
          [
            [
              73.13210493429523,
              42.24594879809854
            ],
            [
              73.14528242414451,
              42.247809150072214
            ],
            [
              73.15680626759513,
              42.25442373296886
            ],
            [
              73.1678133480076,
              42.26537913743721
            ],
            [
              73.17184411031741,
              42.26853139880501
            ],
            [
              73.1758748717279,
              42.27044342672275
            ],
            [
              73.2039351737692,
              42.28067536077924
            ],
            [
              73.22755130414936,
              42.28597219496078
            ],
            [
              73.24630984902029,
              42.287496650150274
            ],
            [
              73.26543012909713,
              42.29183746992328
            ],
            [
              73.27969282366485,
              42.292922675541035
            ]
          ],
          [
            [
              73.09939375231977,
              42.24636221014788
            ],
            [
              73.13210493429523,
              42.24594879809854
            ]
          ],
          [
            [
              73.11226118380654,
              42.13934031820111
            ],
            [
              73.12311323368874,
              42.15458486649834
            ],
            [
              73.12559370328677,
              42.159933377523316
            ],
            [
              73.12559370328677,
              42.16367991809375
            ],
            [
              73.12388838094398,
              42.166677150729925
            ],
            [
              73.12047773625847,
              42.1688992379095
            ],
            [
              73.11613691558614,
              42.17060456025223
            ],
            [
              73.07934329625607,
              42.17902781827917
            ],
            [
              73.07314212361007,
              42.182851874114704
            ],
            [
              73.06973147982393,
              42.18812286987452
            ],
            [
              73.06895633256863,
              42.194840807357366
            ],
            [
              73.06957645019298,
              42.200396023057976
            ],
            [
              73.07794803317518,
              42.22992910434465
            ],
            [
              73.08120364822975,
              42.237577216015666
            ],
            [
              73.08817996633235,
              42.24310659419393
            ],
            [
              73.09939375231977,
              42.24636221014788
            ]
          ]
        ]
      },
      "properties": {
        "FEATURECLA": "Admin-1 boundary",
        "NAME": "Talas - Chuy",
        "ADM0_A3": "KGZ",
        "ADM0_NAME": "Kyrgyzstan",
        "SHAPE_LENG": 114.823449655,
        "MAPCOLOR13": 6,
        "MAPCOLOR9": 7,
        "SOV_A3": "KGZ",
        "NAME_L": "Talas",
        "NAME_R": "Chuy",
        "NAME_ALT_L": "",
        "NAME_ALT_R": "",
        "NAME_LOC_L": "",
        "NAME_LOC_R": "",
        "NAME_LEN_L": 5,
        "NAME_LEN_R": 4,
        "NOTE": "Kyrgyzstan_11",
        "TYPE": "",
        "MIN_ZOOM": 6.7,
        "MIN_LABEL": 11.0,
        "SCALERANK": 5,
        "FCLASS_ISO": "",
        "FCLASS_US": "",
        "FCLASS_FR": "",
        "FCLASS_RU": "",
        "FCLASS_ES": "",
        "FCLASS_CN": "",
        "FCLASS_TW": "",
        "FCLASS_IN": "",
        "FCLASS_NP": "",
        "FCLASS_PK": "",
        "FCLASS_DE": "",
        "FCLASS_GB": "",
        "FCLASS_BR": "",
        "FCLASS_IL": "",
        "FCLASS_PS": "",
        "FCLASS_SA": "",
        "FCLASS_EG": "",
        "FCLASS_MA": "",
        "FCLASS_PT": "",
        "FCLASS_AR": "",
        "FCLASS_JP": "",
        "FCLASS_KO": "",
        "FCLASS_VN": "",
        "FCLASS_TR": "",
        "FCLASS_ID": "",
        "FCLASS_PL": "",
        "FCLASS_GR": "",
        "FCLASS_IT": "",
        "FCLASS_NL": "",
        "FCLASS_SE": "",
        "FCLASS_BD": "",
        "FCLASS_UA": "",
        "ne_id": 1746724421,
        "BRK_A3": "",
        "FCLASS_OSM": "",
        "FCLASS_TLC": ""
      }
    },
    {
      "type": "Feature",
      "geometry": {
        "type": "MultiLineString",
        "coordinates": [
          [
            [
              72.4543168484438,
              42.16259471337531
            ],
            [
              72.4363334490294,
              42.165514430746384
            ],
            [
              72.42393110463672,
              42.17179311775817
            ],
            [
              72.4186601088769,
              42.18171499345215
            ],
            [
              72.4113220555684,
              42.19277374890936
            ],
            [
              72.39643924337634,
              42.20300568296585
            ],
            [
              72.38326175262773,
              42.20646800449481
            ]
          ],
          [
            [
              72.38326175262773,
              42.20646800449481
            ],
            [
              72.35142907069502,
              42.20620962207636
            ],
            [
              72.27634321526716,
              42.197889715937606
            ],
            [
              72.25835981585277,
              42.193600572108664
            ],
            [
              72.2350537447345,
              42.185745754862694
            ],
            [
              72.22187625488522,
              42.176340644005506
            ],
            [
              72.21257449681553,
              42.16424835887466
            ],
            [
              72.20668338433069,
              42.15091583939443
            ],
            [
              72.19676150863665,
              42.11980662697425
            ],
            [
              72.18632286990447,
              42.10115143489077
            ],
            [
              72.16446373871054,
              42.08117849409223
            ],
            [
              72.1452401058462,
              42.07314280879359
            ],
            [
              72.12689497302455,
              42.06983551689558
            ]
          ],
          [
            [
              71.42073652497061,
              42.18078481746534
            ],
            [
              71.40843753426475,
              42.18171499345215
            ],
            [
              71.27516401630629,
              42.2042717557369
            ]
          ],
          [
            [
              71.27516401630629,
              42.2042717557369
            ],
            [
              71.25051435715181,
              42.19853567198368
            ],
            [
              71.24986822843596,
              42.1983853152301
            ]
          ],
          [
            [
              71.83626671693543,
              42.13799673106428
            ],
            [
              71.8215389343743,
              42.14094228775633
            ],
            [
              71.65472741124103,
              42.197140408003406
            ],
            [
              71.62723554908132,
              42.20287649175668
            ]
          ],
          [
            [
              71.62723554908132,
              42.20287649175668
            ],
            [
              71.50233361230636,
              42.199775906333
            ],
            [
              71.49194664861892,
              42.197321275156696
            ],
            [
              71.47101769431112,
              42.189569810698174
            ],
            [
              71.43515425006854,
              42.18143077171271
            ],
            [
              71.42073652497061,
              42.18078481746534
            ]
          ],
          [
            [
              72.57177737822337,
              42.14156240538068
            ],
            [
              72.55487918532612,
              42.14577403394446
            ],
            [
              72.5204110050638,
              42.16223297816936
            ],
            [
              72.48552941275216,
              42.16388662456802
            ]
          ],
          [
            [
              72.48552941275216,
              42.16388662456802
            ],
            [
              72.4543168484438,
              42.16259471337531
            ]
          ],
          [
            [
              72.83465538883507,
              42.05981028931336
            ],
            [
              72.8177055199937,
              42.06115387645019
            ],
            [
              72.80328779489577,
              42.06575307954097
            ],
            [
              72.75610721187832,
              42.10311513875263
            ],
            [
              72.7365735206514,
              42.11396719043347
            ],
            [
              72.71533450708182,
              42.1225454780913
            ],
            [
              72.6608675475992,
              42.13766083428004
            ],
            [
              72.62810468878035,
              42.152207749687875
            ]
          ],
          [
            [
              72.62810468878035,
              42.152207749687875
            ],
            [
              72.6121366718699,
              42.151587632962844
            ],
            [
              72.57177737822337,
              42.14156240538068
            ]
          ],
          [
            [
              73.08104861769954,
              42.131537176899144
            ],
            [
              73.07112674290482,
              42.13401764649717
            ],
            [
              73.0588794290424,
              42.138513495001746
            ],
            [
              73.05050784695953,
              42.14492137322276
            ],
            [
              73.04306644086353,
              42.1460840932063
            ]
          ],
          [
            [
              73.04306644086353,
              42.1460840932063
            ],
            [
              72.94637983576075,
              42.12817820905707
            ],
            [
              72.92028323758132,
              42.11985830291832
            ],
            [
              72.90354007431495,
              42.10916128176774
            ],
            [
              72.90136966307944,
              42.098257555042096
            ],
            [
              72.90090457508603,
              42.08712128431978
            ],
            [
              72.89780398966235,
              42.07851715824023
            ],
            [
              72.88586673416239,
              42.068776149699545
            ],
            [
              72.86550621883691,
              42.06329844836466
            ],
            [
              72.83465538883507,
              42.05981028931336
            ]
          ],
          [
            [
              72.12689497302455,
              42.06983551689558
            ],
            [
              72.06188602112292,
              42.071695867969936
            ],
            [
              72.03723636286782,
              42.087818915410594
            ],
            [
              72.0188912291469,
              42.096500555855926
            ],
            [
              72.00013268427591,
              42.10151317009672
            ],
            [
              71.88794315025615,
              42.13654979113994
            ],
            [
              71.85549034979977,
              42.14151072943662
            ]
          ],
          [
            [
              71.85549034979977,
              42.14151072943662
            ],
            [
              71.84820397333465,
              42.13965037746294
            ],
            [
              71.83626671693543,
              42.13799673106428
            ]
          ],
          [
            [
              73.11226118380654,
              42.13934031820111
            ],
            [
              73.08104861769954,
              42.131537176899144
            ]
          ]
        ]
      },
      "properties": {
        "FEATURECLA": "Admin-1 boundary",
        "NAME": "Jalal-Abad - Talas",
        "ADM0_A3": "KGZ",
        "ADM0_NAME": "Kyrgyzstan",
        "SHAPE_LENG": 219.483249716,
        "MAPCOLOR13": 6,
        "MAPCOLOR9": 7,
        "SOV_A3": "KGZ",
        "NAME_L": "Jalal-Abad",
        "NAME_R": "Talas",
        "NAME_ALT_L": "Djalal-Abad, Dzhalal-Abadskaya Oblast'|Žalal-Abad",
        "NAME_ALT_R": "",
        "NAME_LOC_L": "",
        "NAME_LOC_R": "",
        "NAME_LEN_L": 10,
        "NAME_LEN_R": 5,
        "NOTE": "Kyrgyzstan_10",
        "TYPE": "",
        "MIN_ZOOM": 6.7,
        "MIN_LABEL": 11.0,
        "SCALERANK": 5,
        "FCLASS_ISO": "",
        "FCLASS_US": "",
        "FCLASS_FR": "",
        "FCLASS_RU": "",
        "FCLASS_ES": "",
        "FCLASS_CN": "",
        "FCLASS_TW": "",
        "FCLASS_IN": "",
        "FCLASS_NP": "",
        "FCLASS_PK": "",
        "FCLASS_DE": "",
        "FCLASS_GB": "",
        "FCLASS_BR": "",
        "FCLASS_IL": "",
        "FCLASS_PS": "",
        "FCLASS_SA": "",
        "FCLASS_EG": "",
        "FCLASS_MA": "",
        "FCLASS_PT": "",
        "FCLASS_AR": "",
        "FCLASS_JP": "",
        "FCLASS_KO": "",
        "FCLASS_VN": "",
        "FCLASS_TR": "",
        "FCLASS_ID": "",
        "FCLASS_PL": "",
        "FCLASS_GR": "",
        "FCLASS_IT": "",
        "FCLASS_NL": "",
        "FCLASS_SE": "",
        "FCLASS_BD": "",
        "FCLASS_UA": "",
        "ne_id": 1746724425,
        "BRK_A3": "",
        "FCLASS_OSM": "",
        "FCLASS_TLC": ""
      }
    },
    {
      "type": "Feature",
      "geometry": {
        "type": "MultiLineString",
        "coordinates": [
          [
            [
              75.5355757990838,
              42.4085745310897
            ],
            [
              75.54983849455084,
              42.411830146144325
            ],
            [
              75.60229007422748,
              42.437254950755346
            ],
            [
              75.61536421128926,
              42.44875295758288
            ],
            [
              75.61877485507546,
              42.453222968565115
            ],
            [
              75.63706831195299,
              42.459785875517696
            ]
          ],
          [
            [
              75.51743737183722,
              42.45529002521448
            ],
            [
              75.52301842595955,
              42.452086087003295
            ],
            [
              75.52689415863847,
              42.44815867838025
            ],
            [
              75.52952965696807,
              42.44343028408031
            ],
            [
              75.53154503767331,
              42.43875356752312
            ],
            [
              75.53185509603583,
              42.433353380554024
            ],
            [
              75.52890954024303,
              42.415499173248236
            ],
            [
              75.52859948098126,
              42.40996979417065
            ],
            [
              75.5355757990838,
              42.4085745310897
            ]
          ],
          [
            [
              75.4085034519727,
              42.43539459878167
            ],
            [
              75.42276614833906,
              42.435704658043505
            ],
            [
              75.49568159433011,
              42.44903717752368
            ],
            [
              75.51185631681551,
              42.454799098799356
            ],
            [
              75.51743737183722,
              42.45529002521448
            ]
          ],
          [
            [
              74.99044111536517,
              42.45373973250264
            ],
            [
              74.99917443175457,
              42.452809557415094
            ],
            [
              75.00940636581112,
              42.449398911830315
            ],
            [
              75.03560631677806,
              42.42508515125871
            ]
          ],
          [
            [
              74.8700350279941,
              42.30000234643114
            ],
            [
              74.8771663757276,
              42.30067413999956
            ],
            [
              74.88243737238679,
              42.30356801984823
            ],
            [
              74.88088707877563,
              42.314471747473135
            ],
            [
              74.87360070231051,
              42.32767507574414
            ],
            [
              74.82750532401144,
              42.38322724084446
            ],
            [
              74.8078166031537,
              42.41870311145942
            ],
            [
              74.8192887706602,
              42.42361237201334
            ],
            [
              74.96408613476729,
              42.44035553617903
            ],
            [
              74.97695356625405,
              42.44500641521387
            ],
            [
              74.98548017796782,
              42.449915675767784
            ],
            [
              74.99044111536517,
              42.45373973250264
            ]
          ],
          [
            [
              75.35946251788084,
              42.45136261749076
            ],
            [
              75.40121707640691,
              42.43694489239283
            ],
            [
              75.4085034519727,
              42.43539459878167
            ]
          ],
          [
            [
              75.29305830289832,
              42.43348257086393
            ],
            [
              75.30453047130419,
              42.43467112926919
            ],
            [
              75.332900831708,
              42.44216421220858
            ],
            [
              75.34054894427834,
              42.44567820878228
            ],
            [
              75.34566491130659,
              42.44867544231778
            ],
            [
              75.35202111178484,
              42.45084585175465
            ],
            [
              75.35946251788084,
              42.45136261749076
            ]
          ],
          [
            [
              75.10077029831058,
              42.44836538305594
            ],
            [
              75.14128462068868,
              42.43792674432376
            ],
            [
              75.29305830289832,
              42.43348257086393
            ]
          ],
          [
            [
              75.03560631677806,
              42.42508515125871
            ],
            [
              75.06821414596601,
              42.43332754213236
            ],
            [
              75.08170169507713,
              42.441104845012546
            ],
            [
              75.08619754358176,
              42.44498057679215
            ],
            [
              75.09255374495933,
              42.44738353112501
            ],
            [
              75.10077029831058,
              42.44836538305594
            ]
          ],
          [
            [
              74.83246626230812,
              42.307753810889665
            ],
            [
              74.8398043147173,
              42.30744375342647
            ],
            [
              74.8621285339047,
              42.30139761041136
            ],
            [
              74.8700350279941,
              42.30000234643114
            ]
          ],
          [
            [
              74.66679161983734,
              42.229489853873645
            ],
            [
              74.67299279158402,
              42.229877428400584
            ],
            [
              74.69624718585891,
              42.255353908955726
            ],
            [
              74.73536624515606,
              42.29452464509626
            ],
            [
              74.75474490765134,
              42.30232778639822
            ],
            [
              74.83246626230812,
              42.307753810889665
            ]
          ],
          [
            [
              74.62379682786127,
              42.248765164480744
            ],
            [
              74.64720625176705,
              42.24801585474785
            ],
            [
              74.65294233641964,
              42.24408844702418
            ],
            [
              74.65619795057495,
              42.23915334714923
            ],
            [
              74.65790327291768,
              42.234269924117655
            ],
            [
              74.66053877124727,
              42.229825751557144
            ],
            [
              74.66679161983734,
              42.229489853873645
            ]
          ],
          [
            [
              74.4462882826781,
              42.22848216442031
            ],
            [
              74.62379682786127,
              42.248765164480744
            ]
          ],
          [
            [
              74.3550277038654,
              42.24155630148209
            ],
            [
              74.37952233338893,
              42.24145294869459
            ],
            [
              74.41910647978017,
              42.236466172875566
            ],
            [
              74.42949344256829,
              42.23359813144856
            ],
            [
              74.43584964394586,
              42.23075592754401
            ],
            [
              74.4462882826781,
              42.22848216442031
            ]
          ],
          [
            [
              74.2395825538917,
              41.92201508173059
            ],
            [
              74.24810916470614,
              41.92271271372073
            ],
            [
              74.2591162451186,
              41.92620087277203
            ],
            [
              74.27033003110603,
              41.933306382983176
            ],
            [
              74.27653120285271,
              41.93986928993576
            ],
            [
              74.27978681790728,
              41.94723318076666
            ],
            [
              74.27823652519544,
              41.96387299304416
            ],
            [
              74.27901167155136,
              41.971185207931
            ],
            [
              74.28195722824347,
              41.978006497301976
            ],
            [
              74.2903288112256,
              41.98730825537166
            ],
            [
              74.31513349821233,
              42.007823798529444
            ],
            [
              74.31978437724717,
              42.01567861577547
            ],
            [
              74.32117964122745,
              42.02376597791755
            ],
            [
              74.31668379092417,
              42.04079336202403
            ],
            [
              74.3160636741992,
              42.04663279946408
            ],
            [
              74.31714887891758,
              42.05252391194898
            ],
            [
              74.32133466995901,
              42.06221324274691
            ],
            [
              74.32521040173862,
              42.0686986353337
            ],
            [
              74.32955122331026,
              42.074383043142916
            ],
            [
              74.3423153011102,
              42.086888740323104
            ],
            [
              74.35161705917989,
              42.093658351951376
            ],
            [
              74.3641744323042,
              42.10022125890396
            ],
            [
              74.36572472501604,
              42.10342519801446
            ],
            [
              74.3641744323042,
              42.10719757700656
            ],
            [
              74.35673302620813,
              42.113889675168366
            ],
            [
              74.34836144412532,
              42.11745534948477
            ],
            [
              74.32272993393929,
              42.12195119888867
            ],
            [
              74.32024946524058,
              42.133552558503766
            ],
            [
              74.31931928925377,
              42.14455963801686
            ],
            [
              74.33781945170631,
              42.22770701806439
            ],
            [
              74.34076500839836,
              42.2379131127999
            ],
            [
              74.34324547709707,
              42.23915334714923
            ],
            [
              74.34867150338715,
              42.24088450791368
            ],
            [
              74.3550277038654,
              42.24155630148209
            ]
          ],
          [
            [
              73.99737511606872,
              41.996093247705176
            ],
            [
              74.0041964054397,
              41.98766999057756
            ],
            [
              74.0066768741384,
              41.98363922826775
            ],
            [
              74.01256798662325,
              41.971288560718506
            ],
            [
              74.01582360167782,
              41.96560415290929
            ],
            [
              74.02016442324953,
              41.96100495071789
            ],
            [
              74.03008629804418,
              41.954674587761986
            ],
            [
              74.0347371761797,
              41.95035960551138
            ],
            [
              74.04605431495463,
              41.934288234914106
            ],
            [
              74.0513253107145,
              41.92935313593847
            ],
            [
              74.05757815930457,
              41.92524485926282
            ],
            [
              74.0662597997499,
              41.92224762572732
            ],
            [
              74.07354617711434,
              41.92046478901875
            ],
            [
              74.08238284719062,
              41.92015473155561
            ]
          ],
          [
            [
              73.9367069839401,
              41.966043403380354
            ],
            [
              73.9563957047979,
              41.971288560718506
            ],
            [
              73.99737511606872,
              41.996093247705176
            ]
          ],
          [
            [
              73.92053226055532,
              41.96674103537049
            ],
            [
              73.9367069839401,
              41.966043403380354
            ]
          ],
          [
            [
              73.80090132043955,
              41.95759430603238
            ],
            [
              73.92053226055532,
              41.96674103537049
            ]
          ],
          [
            [
              74.21023033975837,
              41.93604523410028
            ],
            [
              74.21472619006158,
              41.93475332290751
            ],
            [
              74.21906700983459,
              41.93237620699631
            ],
            [
              74.22795535675425,
              41.92638174082464
            ],
            [
              74.23291629415161,
              41.92384959618187
            ],
            [
              74.2395825538917,
              41.92201508173059
            ]
          ],
          [
            [
              74.13871015774754,
              41.86437002245856
            ],
            [
              74.14506635912517,
              41.867780667144075
            ],
            [
              74.1498722677909,
              41.87426605883155
            ],
            [
              74.15467817555731,
              41.89873484993336
            ],
            [
              74.15715864515533,
              41.907054755172794
            ],
            [
              74.16149946492834,
              41.913255926919476
            ],
            [
              74.17023278221711,
              41.91987050981618
            ],
            [
              74.19860314262093,
              41.93433991085817
            ],
            [
              74.20480431526693,
              41.93594188131277
            ],
            [
              74.21023033975837,
              41.93604523410028
            ]
          ],
          [
            [
              74.1194865248832,
              41.92741527049833
            ],
            [
              74.12351728719301,
              41.925348212050324
            ],
            [
              74.12646284388512,
              41.92154999373719
            ],
            [
              74.12785810696602,
              41.915968940514176
            ],
            [
              74.12723799024104,
              41.90912181272148
            ],
            [
              74.1221220232128,
              41.887185167161704
            ],
            [
              74.1221220232128,
              41.8804930689999
            ],
            [
              74.12351728719301,
              41.87457611809333
            ],
            [
              74.12584272716009,
              41.870261134943405
            ],
            [
              74.12925337094629,
              41.866772975892104
            ],
            [
              74.13312910272589,
              41.86499013918353
            ],
            [
              74.13871015774754,
              41.86437002245856
            ]
          ],
          [
            [
              74.08238284719062,
              41.92015473155561
            ],
            [
              74.09013431164914,
              41.92131745153915
            ],
            [
              74.11390547076081,
              41.927286078389784
            ],
            [
              74.1194865248832,
              41.92741527049833
            ]
          ]
        ]
      },
      "properties": {
        "FEATURECLA": "Admin-1 boundary",
        "NAME": "Chuy - Naryn",
        "ADM0_A3": "KGZ",
        "ADM0_NAME": "Kyrgyzstan",
        "SHAPE_LENG": 272.595384815,
        "MAPCOLOR13": 6,
        "MAPCOLOR9": 7,
        "SOV_A3": "KGZ",
        "NAME_L": "Chuy",
        "NAME_R": "Naryn",
        "NAME_ALT_L": "",
        "NAME_ALT_R": "Tien-Shanskaya Oblast', Tyan'-Shan'",
        "NAME_LOC_L": "",
        "NAME_LOC_R": "",
        "NAME_LEN_L": 4,
        "NAME_LEN_R": 5,
        "NOTE": "Kyrgyzstan_9",
        "TYPE": "",
        "MIN_ZOOM": 6.7,
        "MIN_LABEL": 11.0,
        "SCALERANK": 5,
        "FCLASS_ISO": "",
        "FCLASS_US": "",
        "FCLASS_FR": "",
        "FCLASS_RU": "",
        "FCLASS_ES": "",
        "FCLASS_CN": "",
        "FCLASS_TW": "",
        "FCLASS_IN": "",
        "FCLASS_NP": "",
        "FCLASS_PK": "",
        "FCLASS_DE": "",
        "FCLASS_GB": "",
        "FCLASS_BR": "",
        "FCLASS_IL": "",
        "FCLASS_PS": "",
        "FCLASS_SA": "",
        "FCLASS_EG": "",
        "FCLASS_MA": "",
        "FCLASS_PT": "",
        "FCLASS_AR": "",
        "FCLASS_JP": "",
        "FCLASS_KO": "",
        "FCLASS_VN": "",
        "FCLASS_TR": "",
        "FCLASS_ID": "",
        "FCLASS_PL": "",
        "FCLASS_GR": "",
        "FCLASS_IT": "",
        "FCLASS_NL": "",
        "FCLASS_SE": "",
        "FCLASS_BD": "",
        "FCLASS_UA": "",
        "ne_id": 1746724429,
        "BRK_A3": "",
        "FCLASS_OSM": "",
        "FCLASS_TLC": ""
      }
    },
    {
      "type": "Feature",
      "geometry": {
        "type": "MultiLineString",
        "coordinates": [
          [
            [
              77.21113244010996,
              42.86743541091545
            ],
            [
              77.21733361185665,
              42.86942495409835
            ],
            [
              77.22043419817965,
              42.87640127220095
            ],
            [
              77.222294549254,
              42.88490204549299
            ],
            [
              77.21189028171108,
              42.909943689449676
            ]
          ],
          [
            [
              77.19035851363446,
              42.87074270281346
            ],
            [
              77.20415612200742,
              42.86771963175556
            ],
            [
              77.21113244010996,
              42.86743541091545
            ]
          ],
          [
            [
              77.07811730277126,
              42.79831818323754
            ],
            [
              77.09832278756653,
              42.80126373992965
            ],
            [
              77.1251428570572,
              42.807852485303954
            ],
            [
              77.13320437987818,
              42.81271006901443
            ],
            [
              77.13852705338076,
              42.81873037450714
            ],
            [
              77.14410810660382,
              42.83702383138467
            ],
            [
              77.1482938976452,
              42.84505951578399
            ],
            [
              77.1737187031556,
              42.8654458677326
            ],
            [
              77.17883467018385,
              42.868546454055604
            ],
            [
              77.18426069467529,
              42.870665188447674
            ],
            [
              77.19035851363446,
              42.87074270281346
            ]
          ],
          [
            [
              76.84242109595675,
              42.801883857553946
            ],
            [
              77.07811730277126,
              42.79831818323754
            ]
          ],
          [
            [
              76.78903934119262,
              42.76204132694568
            ],
            [
              76.79668745286364,
              42.76281647420092
            ],
            [
              76.80366377096624,
              42.76521942853378
            ],
            [
              76.80986494271292,
              42.771782335486364
            ],
            [
              76.8140507337543,
              42.777828478501476
            ],
            [
              76.81746137933914,
              42.78421051740145
            ],
            [
              76.81994184803784,
              42.790308336360624
            ],
            [
              76.82381757981744,
              42.79583771453889
            ],
            [
              76.82955366357066,
              42.80038523988691
            ],
            [
              76.84242109595675,
              42.801883857553946
            ]
          ],
          [
            [
              76.70015587829113,
              42.78154918154945
            ],
            [
              76.71023278181741,
              42.78002472636001
            ],
            [
              76.75710330557308,
              42.76576203089297
            ],
            [
              76.78903934119262,
              42.76204132694568
            ]
          ],
          [
            [
              76.62594852110732,
              42.756615302454236
            ],
            [
              76.63995283415596,
              42.759302476727896
            ],
            [
              76.6931795592892,
              42.780463975931696
            ],
            [
              76.70015587829113,
              42.78154918154945
            ]
          ],
          [
            [
              76.48352827291143,
              42.77534800890345
            ],
            [
              76.49376020696792,
              42.77475372970082
            ],
            [
              76.55706383742614,
              42.7640050317068
            ]
          ],
          [
            [
              76.14897505065801,
              42.60261953396429
            ],
            [
              76.1581217790968,
              42.60404063636628
            ],
            [
              76.16804365389146,
              42.607425441730754
            ],
            [
              76.19258996025843,
              42.62039622690435
            ],
            [
              76.1992562190992,
              42.62520213557008
            ],
            [
              76.2534131202193,
              42.673726304825095
            ],
            [
              76.27434207632575,
              42.6857669131125
            ],
            [
              76.29656294092695,
              42.69597300874733
            ],
            [
              76.3660677431318,
              42.719408271074826
            ],
            [
              76.44084354019719,
              42.732068996986584
            ],
            [
              76.44735477120571,
              42.734265244845176
            ],
            [
              76.45324588369056,
              42.737546699220786
            ],
            [
              76.47221113503582,
              42.76844920516669
            ],
            [
              76.47717207243318,
              42.772996731414025
            ],
            [
              76.48352827291143,
              42.77534800890345
            ]
          ],
          [
            [
              76.58316043470626,
              42.76506439890284
            ],
            [
              76.6144763527015,
              42.75666697929762
            ],
            [
              76.62594852110732,
              42.756615302454236
            ]
          ],
          [
            [
              76.55706383742614,
              42.7640050317068
            ],
            [
              76.58316043470626,
              42.76506439890284
            ]
          ],
          [
            [
              76.082880894038,
              42.613032335174125
            ],
            [
              76.10613528831288,
              42.613006496752405
            ],
            [
              76.12303348210946,
              42.60577179623141
            ],
            [
              76.13517744318443,
              42.60334300437614
            ],
            [
              76.141533644562,
              42.60267120990841
            ],
            [
              76.14897505065801,
              42.60261953396429
            ]
          ],
          [
            [
              75.92614627533032,
              42.58685822172953
            ],
            [
              75.94350955622099,
              42.587943427347284
            ],
            [
              76.082880894038,
              42.613032335174125
            ]
          ],
          [
            [
              75.85028527174785,
              42.59189667439199
            ],
            [
              75.92614627533032,
              42.58685822172953
            ]
          ],
          [
            [
              75.63706831195299,
              42.459785875517696
            ],
            [
              75.67644575366859,
              42.47818268518273
            ],
            [
              75.6842488949705,
              42.4829627554268
            ],
            [
              75.6882796572803,
              42.4873035751998
            ],
            [
              75.69231041869085,
              42.49712209720701
            ],
            [
              75.69324059377834,
              42.50019684510829
            ],
            [
              75.69339562430861,
              42.51559642213715
            ],
            [
              75.69603112173883,
              42.520298977116056
            ],
            [
              75.70176720639142,
              42.52360626901407
            ],
            [
              75.71571984169731,
              42.52453644500093
            ],
            [
              75.72719201010312,
              42.52668101691535
            ],
            [
              75.74042117679585,
              42.53058258711667
            ],
            [
              75.76429568869503,
              42.54577545857052
            ],
            [
              75.77747317944363,
              42.551924954373135
            ],
            [
              75.80217451364285,
              42.56024485871325
            ],
            [
              75.81209638933689,
              42.565205797009924
            ],
            [
              75.81798750182173,
              42.5692882352638
            ],
            [
              75.82775434788482,
              42.58610891379533
            ],
            [
              75.8365910179611,
              42.590036323317634
            ],
            [
              75.85028527174785,
              42.59189667439199
            ]
          ]
        ]
      },
      "properties": {
        "FEATURECLA": "Admin-1 boundary",
        "NAME": "Chuy - Ysyk-Köl",
        "ADM0_A3": "KGZ",
        "ADM0_NAME": "Kyrgyzstan",
        "SHAPE_LENG": 191.475228008,
        "MAPCOLOR13": 6,
        "MAPCOLOR9": 7,
        "SOV_A3": "KGZ",
        "NAME_L": "Chuy",
        "NAME_R": "Ysyk-Köl",
        "NAME_ALT_L": "",
        "NAME_ALT_R": "Issyk-Kul, Issyk-Kul'skaya Oblast'",
        "NAME_LOC_L": "",
        "NAME_LOC_R": "",
        "NAME_LEN_L": 4,
        "NAME_LEN_R": 8,
        "NOTE": "Kyrgyzstan_7",
        "TYPE": "",
        "MIN_ZOOM": 6.7,
        "MIN_LABEL": 11.0,
        "SCALERANK": 5,
        "FCLASS_ISO": "",
        "FCLASS_US": "",
        "FCLASS_FR": "",
        "FCLASS_RU": "",
        "FCLASS_ES": "",
        "FCLASS_CN": "",
        "FCLASS_TW": "",
        "FCLASS_IN": "",
        "FCLASS_NP": "",
        "FCLASS_PK": "",
        "FCLASS_DE": "",
        "FCLASS_GB": "",
        "FCLASS_BR": "",
        "FCLASS_IL": "",
        "FCLASS_PS": "",
        "FCLASS_SA": "",
        "FCLASS_EG": "",
        "FCLASS_MA": "",
        "FCLASS_PT": "",
        "FCLASS_AR": "",
        "FCLASS_JP": "",
        "FCLASS_KO": "",
        "FCLASS_VN": "",
        "FCLASS_TR": "",
        "FCLASS_ID": "",
        "FCLASS_PL": "",
        "FCLASS_GR": "",
        "FCLASS_IT": "",
        "FCLASS_NL": "",
        "FCLASS_SE": "",
        "FCLASS_BD": "",
        "FCLASS_UA": "",
        "ne_id": 1746724441,
        "BRK_A3": "",
        "FCLASS_OSM": "",
        "FCLASS_TLC": ""
      }
    },
    {
      "type": "Feature",
      "geometry": {
        "type": "MultiLineString",
        "coordinates": [
          [
            [
              75.63706831195299,
              42.459785875517696
            ],
            [
              75.63908369265823,
              42.45058747023552
            ],
            [
              75.65257124176935,
              42.418186347521896
            ],
            [
              75.65567182809235,
              42.41387136527129
            ],
            [
              75.66016767839562,
              42.410589910895624
            ],
            [
              75.68564415895077,
              42.408729559821325
            ],
            [
              75.69293053631515,
              42.406972561534474
            ],
            [
              75.70021691278026,
              42.40451793125749
            ],
            [
              75.70641808542626,
              42.40157237456543
            ],
            [
              75.7353052097676,
              42.39141795487467
            ],
            [
              75.74212649913858,
              42.38764557588257
            ],
            [
              75.74817264215369,
              42.38276215285106
            ],
            [
              75.76352054233911,
              42.358810125686716
            ],
            [
              75.76739627501803,
              42.354986069851236
            ],
            [
              75.77251224204628,
              42.351885484427555
            ],
            [
              75.78119388159234,
              42.35118785333674
            ]
          ],
          [
            [
              75.90583743684817,
              42.39012604458128
            ],
            [
              75.91374393093764,
              42.38958344222203
            ],
            [
              75.93932376517961,
              42.38464834234708
            ],
            [
              75.94738528800059,
              42.380979316142486
            ],
            [
              75.95394819495323,
              42.37529490833333
            ],
            [
              75.95906416198147,
              42.36410696076763
            ],
            [
              75.96185468904264,
              42.349766750934805
            ],
            [
              75.96200971867353,
              42.3442890487006
            ],
            [
              75.96262983629788,
              42.33901805294079
            ],
            [
              75.96433515774129,
              42.33369538033753
            ],
            [
              75.96805586078932,
              42.32919953093358
            ],
            [
              75.98541914257936,
              42.32002696407312
            ],
            [
              75.99704633971675,
              42.30995006054684
            ],
            [
              76.00045698440226,
              42.305996813502134
            ],
            [
              76.00324751236275,
              42.30077749278706
            ],
            [
              76.00727827287398,
              42.29046804526405
            ],
            [
              76.00758833213581,
              42.28382762304636
            ],
            [
              76.00696821541078,
              42.27860830323061
            ],
            [
              75.98991499198326,
              42.24372671181828
            ],
            [
              75.9875895529155,
              42.2374480248065
            ],
            [
              75.98185346916222,
              42.213082587391455
            ],
            [
              75.98169843863201,
              42.20744985642568
            ],
            [
              75.98309370261228,
              42.20225637503165
            ],
            [
              75.98712446492209,
              42.198251451143506
            ],
            [
              75.9950309590115,
              42.19561595281397
            ],
            [
              76.00603803942397,
              42.1942982040988
            ],
            [
              76.01192915190882,
              42.192282823393555
            ],
            [
              76.01616661979364,
              42.18812286987452
            ],
            [
              76.01740685414296,
              42.18060395031205
            ],
            [
              76.01539147343772,
              42.16734894519766
            ],
            [
              76.0189571468548,
              42.16119944939504
            ],
            [
              76.0260884945883,
              42.154894923961535
            ],
            [
              76.06298546670587,
              42.13727326155174
            ],
            [
              76.07073693206371,
              42.132725735304405
            ],
            [
              76.07823001500316,
              42.12649872513606
            ],
            [
              76.08768680180441,
              42.11438060248281
            ],
            [
              76.09047732886557,
              42.106319077863134
            ],
            [
              76.09094241685904,
              42.09887767176713
            ],
            [
              76.0893921241472,
              42.092702338442166
            ],
            [
              76.08489627474324,
              42.08063589083366
            ],
            [
              76.08164065878935,
              42.07557160154818
            ],
            [
              76.07776492700975,
              42.070920722513335
            ],
            [
              76.06846316894007,
              42.063272609943
            ],
            [
              76.04794762578229,
              42.05014679603778
            ],
            [
              76.02639855295081,
              42.03960480451809
            ],
            [
              76.0215926451844,
              42.03603913020169
            ],
            [
              76.01740685414296,
              42.031801663216186
            ],
            [
              76.0146163270818,
              42.026556504978714
            ],
            [
              76.01337609183315,
              42.02097544995701
            ],
            [
              76.01616661979364,
              42.015575262987966
            ],
            [
              76.02236779243964,
              42.011156927949855
            ],
            [
              76.03725060373233,
              42.00777212168606
            ],
            [
              76.04670739143296,
              42.00759125453277
            ]
          ],
          [
            [
              75.78119388159234,
              42.35118785333674
            ],
            [
              75.85354088680248,
              42.3546243355446
            ],
            [
              75.86563317283264,
              42.35816417143934
            ],
            [
              75.87121422695498,
              42.36046377208538
            ],
            [
              75.88067101375623,
              42.36619985583866
            ],
            [
              75.8847017760661,
              42.37043732372348
            ],
            [
              75.8882674503825,
              42.375243232389266
            ],
            [
              75.89105797744367,
              42.38061758093659
            ],
            [
              75.89446862212918,
              42.38568187112145
            ],
            [
              75.89886111784625,
              42.38971263343126
            ],
            [
              75.90583743684817,
              42.39012604458128
            ]
          ],
          [
            [
              76.16137739505069,
              42.03402374949644
            ],
            [
              76.1712992698454,
              42.031181546491155
            ],
            [
              76.1846834652697,
              42.02544546183856
            ],
            [
              76.20902306516228,
              42.01200958957088
            ],
            [
              76.22313073099838,
              42.00622182897422
            ],
            [
              76.23413781141085,
              42.00301788986371
            ]
          ],
          [
            [
              76.04670739143296,
              42.00759125453277
            ],
            [
              76.05507897261646,
              42.008443915254475
            ],
            [
              76.13176679939824,
              42.02456696179581
            ],
            [
              76.15517622330401,
              42.032964382300406
            ],
            [
              76.16137739505069,
              42.03402374949644
            ]
          ],
          [
            [
              76.2802331888106,
              42.01025259038471
            ],
            [
              76.28798465416844,
              42.009374091241284
            ],
            [
              76.32725874219716,
              42.00139008188677
            ],
            [
              76.3495829613845,
              41.990718899157855
            ],
            [
              76.37924523298108,
              41.98152049387568
            ],
            [
              76.38699669833892,
              41.98043528915724
            ],
            [
              76.46120405462341,
              41.97865245244867
            ],
            [
              76.47655195480883,
              41.9761461453283
            ],
            [
              76.55830407087615,
              41.94366750734957
            ],
            [
              76.58951663608383,
              41.93439158770161
            ],
            [
              76.60594974188706,
              41.93165273748383
            ],
            [
              76.61323611835212,
              41.931497707852884
            ]
          ],
          [
            [
              76.23413781141085,
              42.00301788986371
            ],
            [
              76.24147586471935,
              42.00312124355054
            ],
            [
              76.24814212356011,
              42.00384471306302
            ],
            [
              76.27294681234548,
              42.01022675196299
            ],
            [
              76.2802331888106,
              42.01025259038471
            ]
          ],
          [
            [
              76.64940962095721,
              41.94234975773509
            ],
            [
              76.65421552872363,
              41.94141958354692
            ],
            [
              76.65731611504663,
              41.93811229074959
            ],
            [
              76.63793745255134,
              41.90503937446755
            ],
            [
              76.62832563701852,
              41.88062226020912
            ],
            [
              76.62708540176982,
              41.87537710197165
            ],
            [
              76.62522505069552,
              41.8585822618619
            ],
            [
              76.6206775253475,
              41.85320791331452
            ],
            [
              76.61261600072783,
              41.849022122273084
            ],
            [
              76.58161014199442,
              41.846696682306
            ]
          ],
          [
            [
              76.61323611835212,
              41.931497707852884
            ],
            [
              76.62005740772315,
              41.932272854208804
            ],
            [
              76.64289839084802,
              41.94110952428508
            ],
            [
              76.64940962095721,
              41.94234975773509
            ]
          ],
          [
            [
              76.58161014199442,
              41.846696682306
            ],
            [
              76.51825483559213,
              41.849797267729684
            ]
          ],
          [
            [
              76.51825483559213,
              41.849797267729684
            ],
            [
              76.4956205589416,
              41.84814362223034
            ],
            [
              76.48786909358375,
              41.846567491096835
            ],
            [
              76.47655195480883,
              41.84168406806526
            ],
            [
              76.46600996328914,
              41.83532786668769
            ],
            [
              76.45061038626028,
              41.813985501229865
            ],
            [
              76.46694013927595,
              41.79910268813853
            ],
            [
              76.46818037272601,
              41.794115912319455
            ],
            [
              76.47190107577399,
              41.788353990144515
            ],
            [
              76.47624189644631,
              41.78476247830571
            ],
            [
              76.60982547366666,
              41.78026662890176
            ]
          ],
          [
            [
              76.65313032400519,
              41.7915062533109
            ],
            [
              76.66444746278017,
              41.78959422539316
            ],
            [
              76.67933027497219,
              41.78553762556095
            ],
            [
              76.70604699077597,
              41.77558991144525
            ],
            [
              76.72790612196991,
              41.76489289029462
            ],
            [
              76.73193688338046,
              41.7611205104032
            ],
            [
              76.73457238171,
              41.75659882347691
            ],
            [
              76.73550255679754,
              41.75145701802694
            ],
            [
              76.73488244007251,
              41.74572093427366
            ],
            [
              76.72992150267515,
              41.727789211702714
            ],
            [
              76.72682091725147,
              41.72223399510278
            ],
            [
              76.71131798743517,
              41.70344961181013
            ],
            [
              76.70790734185033,
              41.69792023453118
            ],
            [
              76.70527184442005,
              41.691822415572005
            ],
            [
              76.70325646371481,
              41.685621242926004
            ],
            [
              76.7007759950161,
              41.66815460924778
            ],
            [
              76.69922570230426,
              41.6620567902886
            ],
            [
              76.69410973527602,
              41.64965444589592
            ],
            [
              76.6831026548636,
              41.63464244249468
            ],
            [
              76.66677290184793,
              41.61647817592706
            ],
            [
              76.66336225806174,
              41.611594753794805
            ],
            [
              76.66103681809466,
              41.60634959645671
            ],
            [
              76.66367231642425,
              41.60231883414684
            ],
            [
              76.67095869288931,
              41.60056183496067
            ]
          ],
          [
            [
              76.60982547366666,
              41.78026662890176
            ],
            [
              76.62987592973036,
              41.783341375903774
            ],
            [
              76.64677412262762,
              41.79036937084976
            ],
            [
              76.65313032400519,
              41.7915062533109
            ]
          ],
          [
            [
              77.33975507993296,
              41.62738190445128
            ],
            [
              77.34425093023623,
              41.626968492402
            ],
            [
              77.35169233633223,
              41.60789988916855
            ],
            [
              77.34595625167964,
              41.5660419787543
            ],
            [
              77.33851484558363,
              41.54141815892086
            ],
            [
              77.3208415063304,
              41.506381536978324
            ],
            [
              77.31340010023439,
              41.50144643800269
            ],
            [
              77.30595869323906,
              41.49886261741585
            ]
          ],
          [
            [
              77.03362389492679,
              41.58242340771409
            ],
            [
              77.21376793843956,
              41.58529145004036
            ],
            [
              77.22353478360333,
              41.587151801114715
            ],
            [
              77.23733239107696,
              41.592319444087025
            ],
            [
              77.24554894442821,
              41.59632436797517
            ],
            [
              77.25722781840904,
              41.60330068607777
            ],
            [
              77.2659094579551,
              41.60616872840404
            ],
            [
              77.29898237513646,
              41.61255076820339
            ],
            [
              77.31882612472583,
              41.6183902038448
            ],
            [
              77.33432905544151,
              41.62717519797701
            ],
            [
              77.33975507993296,
              41.62738190445128
            ]
          ],
          [
            [
              76.70604699077597,
              41.609501857824455
            ],
            [
              76.71426354412722,
              41.609269313827724
            ],
            [
              76.72604576999623,
              41.605677801988975
            ],
            [
              76.73224694174291,
              41.6015436868916
            ],
            [
              76.73674279204619,
              41.596970323121866
            ],
            [
              76.73942996631985,
              41.59250031213969
            ],
            [
              76.74284061100536,
              41.588521227572585
            ],
            [
              76.74873172438953,
              41.58529145004036
            ],
            [
              76.75725833520397,
              41.58343109806668
            ],
            [
              76.80676435728924,
              41.57844432224766
            ]
          ],
          [
            [
              76.67095869288931,
              41.60056183496067
            ],
            [
              76.68754682832343,
              41.60376577407118
            ],
            [
              76.70604699077597,
              41.609501857824455
            ]
          ],
          [
            [
              76.90624149035244,
              41.598133043105406
            ],
            [
              76.97714155473892,
              41.592784532080486
            ],
            [
              77.03362389492679,
              41.58242340771409
            ]
          ],
          [
            [
              76.80676435728924,
              41.57844432224766
            ],
            [
              76.82970869320161,
              41.58002045338122
            ],
            [
              76.85084435398369,
              41.58436127405355
            ],
            [
              76.88200524324736,
              41.595032456782405
            ],
            [
              76.89456261637162,
              41.59787466068701
            ],
            [
              76.90624149035244,
              41.598133043105406
            ]
          ],
          [
            [
              77.30595869323906,
              41.49886261741585
            ],
            [
              77.30001590391078,
              41.49932770450994
            ],
            [
              77.29722537595029,
              41.49984446934678
            ],
            [
              77.29598514160097,
              41.50018036613096
            ],
            [
              77.29536502487599,
              41.50049042449348
            ],
            [
              77.28652835479971,
              41.50359100991716
            ]
          ],
          [
            [
              77.28652835479971,
              41.50359100991716
            ],
            [
              77.2831177101142,
              41.50315176034542
            ],
            [
              77.28342776937603,
              41.49971527813756
            ],
            [
              77.28792361788061,
              41.48919912414027
            ],
            [
              77.29288455617728,
              41.48041413000806
            ],
            [
              77.29815555193716,
              41.468270168933145
            ],
            [
              77.30311649023378,
              41.448193875347044
            ],
            [
              77.30342654769697,
              41.44292287868785
            ],
            [
              77.30456343015817,
              41.43788442602539
            ],
            [
              77.31805097926923,
              41.42705821456491
            ],
            [
              77.36957238205974,
              41.409255683203185
            ],
            [
              77.40259362239772,
              41.393856106174326
            ],
            [
              77.40863976361419,
              41.390032050338846
            ],
            [
              77.41535770109698,
              41.384967760153984
            ],
            [
              77.41721805217134,
              41.38088532190005
            ],
            [
              77.41628787618453,
              41.37677704522446
            ],
            [
              77.41329064264903,
              41.372255357398785
            ],
            [
              77.39747765536947,
              41.353961900521256
            ],
            [
              77.3946871283083,
              41.34869090386212
            ],
            [
              77.39313683469715,
              41.34305817289635
            ],
            [
              77.3915865419853,
              41.33166351975564
            ],
            [
              77.38011437357943,
              41.2998049994012
            ],
            [
              77.37685875762554,
              41.294017238804486
            ],
            [
              77.37298302584594,
              41.28946971345647
            ],
            [
              77.36848717644199,
              41.285542303934164
            ],
            [
              77.35851362480389,
              41.27934113218748
            ],
            [
              77.35375939298154,
              41.275723781926956
            ],
            [
              77.34998701398945,
              41.27081452137304
            ],
            [
              77.35045210198291,
              41.266422023857274
            ],
            [
              77.35499962823025,
              41.26321808474677
            ]
          ],
          [
            [
              77.59720706605322,
              41.31510122274324
            ],
            [
              77.6306933943846,
              41.314093533289906
            ],
            [
              77.64578291215162,
              41.31189728543137
            ],
            [
              77.65477461095952,
              41.305747788729434
            ],
            [
              77.65834028527593,
              41.30024424897289
            ],
            [
              77.6584953140075,
              41.29427562122294
            ],
            [
              77.65616987493974,
              41.28874624304467
            ],
            [
              77.64299238509045,
              41.26657705348822
            ],
            [
              77.64066694512337,
              41.26053091137243
            ],
            [
              77.63911665241153,
              41.254536445200756
            ],
            [
              77.63911665241153,
              41.24368439441923
            ],
            [
              77.64190718037202,
              41.233917548356146
            ],
            [
              77.64531782415821,
              41.22975759483711
            ],
            [
              77.6546195822279,
              41.22668284783515
            ],
            [
              77.66795210170807,
              41.22458995186474
            ]
          ],
          [
            [
              77.35499962823025,
              41.26321808474677
            ],
            [
              77.38740075094387,
              41.26637034791321
            ],
            [
              77.5517318053785,
              41.30140696895643
            ],
            [
              77.58588992727829,
              41.31380931244979
            ],
            [
              77.59720706605322,
              41.31510122274324
            ]
          ],
          [
            [
              78.13639896044361,
              41.252004298759346
            ],
            [
              78.14492557215738,
              41.25120331488108
            ],
            [
              78.15582929888302,
              41.248697007760654
            ],
            [
              78.16404585223427,
              41.24593231912121
            ],
            [
              78.17148725833027,
              41.24032542657716
            ],
            [
              78.17799848843947,
              41.23285818116011
            ],
            [
              78.1866801288848,
              41.21800120738976
            ],
            [
              78.1936564469874,
              41.20270498314841
            ],
            [
              78.19897911959066,
              41.193790798706345
            ],
            [
              78.2106063167281,
              41.18342967433995
            ],
            [
              78.23107018394182,
              41.172991034708446
            ],
            [
              78.2313351098274,
              41.172855896282556
            ]
          ],
          [
            [
              77.89016076031078,
              41.19965607456817
            ],
            [
              77.9643164406512,
              41.19991445608724
            ],
            [
              78.01134199403776,
              41.204384467069474
            ],
            [
              78.0363533865995,
              41.209061184526036
            ],
            [
              78.08084679624261,
              41.227768053452905
            ],
            [
              78.09593631400963,
              41.23722484025416
            ],
            [
              78.11748538594179,
              41.24763764146394
            ],
            [
              78.12911258307923,
              41.2515908885087
            ],
            [
              78.13639896044361,
              41.252004298759346
            ]
          ],
          [
            [
              77.76200320758193,
              41.22564931906078
            ],
            [
              77.89016076031078,
              41.19965607456817
            ]
          ],
          [
            [
              77.66795210170807,
              41.22458995186474
            ],
            [
              77.76200320758193,
              41.22564931906078
            ]
          ]
        ]
      },
      "properties": {
        "FEATURECLA": "Admin-1 boundary",
        "NAME": "Ysyk-Köl - Naryn",
        "ADM0_A3": "KGZ",
        "ADM0_NAME": "Kyrgyzstan",
        "SHAPE_LENG": 472.404866894,
        "MAPCOLOR13": 6,
        "MAPCOLOR9": 7,
        "SOV_A3": "KGZ",
        "NAME_L": "Ysyk-Köl",
        "NAME_R": "Naryn",
        "NAME_ALT_L": "Issyk-Kul, Issyk-Kul'skaya Oblast'",
        "NAME_ALT_R": "Tien-Shanskaya Oblast', Tyan'-Shan'",
        "NAME_LOC_L": "",
        "NAME_LOC_R": "",
        "NAME_LEN_L": 8,
        "NAME_LEN_R": 5,
        "NOTE": "Kyrgyzstan_6",
        "TYPE": "",
        "MIN_ZOOM": 6.7,
        "MIN_LABEL": 11.0,
        "SCALERANK": 5,
        "FCLASS_ISO": "",
        "FCLASS_US": "",
        "FCLASS_FR": "",
        "FCLASS_RU": "",
        "FCLASS_ES": "",
        "FCLASS_CN": "",
        "FCLASS_TW": "",
        "FCLASS_IN": "",
        "FCLASS_NP": "",
        "FCLASS_PK": "",
        "FCLASS_DE": "",
        "FCLASS_GB": "",
        "FCLASS_BR": "",
        "FCLASS_IL": "",
        "FCLASS_PS": "",
        "FCLASS_SA": "",
        "FCLASS_EG": "",
        "FCLASS_MA": "",
        "FCLASS_PT": "",
        "FCLASS_AR": "",
        "FCLASS_JP": "",
        "FCLASS_KO": "",
        "FCLASS_VN": "",
        "FCLASS_TR": "",
        "FCLASS_ID": "",
        "FCLASS_PL": "",
        "FCLASS_GR": "",
        "FCLASS_IT": "",
        "FCLASS_NL": "",
        "FCLASS_SE": "",
        "FCLASS_BD": "",
        "FCLASS_UA": "",
        "ne_id": 1746724447,
        "BRK_A3": "",
        "FCLASS_OSM": "",
        "FCLASS_TLC": ""
      }
    },
    {
      "type": "Feature",
      "geometry": {
        "type": "MultiLineString",
        "coordinates": [
          [
            [
              74.62984297087638,
              42.80550120691515
            ],
            [
              74.63945478730858,
              42.80560455970266
            ],
            [
              74.64255537273226,
              42.80813670524475
            ],
            [
              74.63929975767763,
              42.82015147600981
            ],
            [
              74.63929975767763,
              42.831701157882094
            ],
            [
              74.6413151392822,
              42.84389679580045
            ],
            [
              74.65185713080189,
              42.85020132123395
            ],
            [
              74.65821333217951,
              42.85934804877343
            ],
            [
              74.66942711816694,
              42.86374054628914
            ],
            [
              74.6717525572347,
              42.86921824852334
            ],
            [
              74.6691170589051,
              42.874282537808824
            ],
            [
              74.66586144385053,
              42.87872671216803
            ],
            [
              74.65309736515127,
              42.89097402603045
            ],
            [
              74.63650922971715,
              42.90368642788633
            ],
            [
              74.62829267816454,
              42.917535712203346
            ],
            [
              74.62085127116922,
              42.93567414034925
            ],
            [
              74.61775068574553,
              42.93779287384206
            ]
          ],
          [
            [
              74.61775068574553,
              42.93779287384206
            ],
            [
              74.61371992433499,
              42.93665599228018
            ],
            [
              74.60390140232784,
              42.92017121053294
            ],
            [
              74.59149905793515,
              42.90833730692117
            ],
            [
              74.57274051306422,
              42.89717519777713
            ],
            [
              74.51904869993751,
              42.88756338224425
            ],
            [
              74.50370079885278,
              42.874954332276616
            ],
            [
              74.51455284963424,
              42.85859874083917
            ],
            [
              74.5553772321735,
              42.833509833012386
            ],
            [
              74.57026004436551,
              42.82715363253408
            ],
            [
              74.57119022035238,
              42.814415392256535
            ],
            [
              74.56855472202278,
              42.80552704533687
            ],
            [
              74.56948489800959,
              42.792375393009934
            ],
            [
              74.57522098176287,
              42.783952134983
            ],
            [
              74.58188724240227,
              42.778732815167245
            ]
          ],
          [
            [
              74.61449506979159,
              42.80738739731049
            ],
            [
              74.62984297087638,
              42.80550120691515
            ]
          ],
          [
            [
              74.58188724240227,
              42.778732815167245
            ],
            [
              74.58793338361875,
              42.778784492010686
            ],
            [
              74.59382449700291,
              42.78446889892052
            ],
            [
              74.60111087436735,
              42.797077948888216
            ],
            [
              74.61449506979159,
              42.80738739731049
            ]
          ]
        ]
      },
      "properties": {
        "FEATURECLA": "Admin-1 boundary",
        "NAME": "Bishkek - Chuy",
        "ADM0_A3": "KGZ",
        "ADM0_NAME": "Kyrgyzstan",
        "SHAPE_LENG": 50.6176652521,
        "MAPCOLOR13": 6,
        "MAPCOLOR9": 7,
        "SOV_A3": "KGZ",
        "NAME_L": "Bishkek",
        "NAME_R": "Chuy",
        "NAME_ALT_L": "",
        "NAME_ALT_R": "",
        "NAME_LOC_L": "",
        "NAME_LOC_R": "",
        "NAME_LEN_L": 7,
        "NAME_LEN_R": 4,
        "NOTE": "Kyrgyzstan_1",
        "TYPE": "",
        "MIN_ZOOM": 6.7,
        "MIN_LABEL": 11.0,
        "SCALERANK": 5,
        "FCLASS_ISO": "",
        "FCLASS_US": "",
        "FCLASS_FR": "",
        "FCLASS_RU": "",
        "FCLASS_ES": "",
        "FCLASS_CN": "",
        "FCLASS_TW": "",
        "FCLASS_IN": "",
        "FCLASS_NP": "",
        "FCLASS_PK": "",
        "FCLASS_DE": "",
        "FCLASS_GB": "",
        "FCLASS_BR": "",
        "FCLASS_IL": "",
        "FCLASS_PS": "",
        "FCLASS_SA": "",
        "FCLASS_EG": "",
        "FCLASS_MA": "",
        "FCLASS_PT": "",
        "FCLASS_AR": "",
        "FCLASS_JP": "",
        "FCLASS_KO": "",
        "FCLASS_VN": "",
        "FCLASS_TR": "",
        "FCLASS_ID": "",
        "FCLASS_PL": "",
        "FCLASS_GR": "",
        "FCLASS_IT": "",
        "FCLASS_NL": "",
        "FCLASS_SE": "",
        "FCLASS_BD": "",
        "FCLASS_UA": "",
        "ne_id": 1746724465,
        "BRK_A3": "",
        "FCLASS_OSM": "",
        "FCLASS_TLC": ""
      }
    },
    {
      "type": "Feature",
      "geometry": {
        "type": "MultiLineString",
        "coordinates": [
          [
            [
              77.4916321149301,
              46.64017670299245
            ],
            [
              77.51199262935631,
              46.64883250591538
            ],
            [
              77.59963585790848,
              46.675755927294176
            ],
            [
              77.61110802631435,
              46.81665172030063
            ],
            [
              77.58092898988093,
              47.17484691045655
            ]
          ],
          [
            [
              76.84019900877718,
              46.690742092273695
            ],
            [
              76.8615930519777,
              46.68169871752178
            ],
            [
              76.91130577963798,
              46.64071930625096
            ],
            [
              76.92040083213266,
              46.63679189672865
            ],
            [
              76.93218305890099,
              46.635293280860196
            ]
          ],
          [
            [
              76.93528364522399,
              46.56020742453302
            ],
            [
              76.90975548692614,
              46.58542552356903
            ],
            [
              76.86831098766191,
              46.61800751433532
            ],
            [
              76.832860956368,
              46.65252737144101
            ],
            [
              76.82541954937267,
              46.68371409822703
            ],
            [
              76.84019900877718,
              46.690742092273695
            ]
          ],
          [
            [
              75.89596723799758,
              46.689966945917774
            ],
            [
              76.16096398300141,
              46.68125946705072
            ],
            [
              76.3284989774458,
              46.649891873111414
            ]
          ],
          [
            [
              75.6361381368655,
              46.669942328275795
            ],
            [
              75.89596723799758,
              46.689966945917774
            ]
          ],
          [
            [
              76.72237674289232,
              46.68371409822703
            ],
            [
              76.72826785717581,
              46.67529083930077
            ],
            [
              76.73002485456334,
              46.66547231729356
            ],
            [
              76.72630415241468,
              46.65624807448904
            ],
            [
              76.71555545442067,
              46.64958181384958
            ],
            [
              76.73012820825016,
              46.631417548181275
            ],
            [
              76.75741336483486,
              46.61785248470437
            ],
            [
              76.85053429562123,
              46.591575019371646
            ],
            [
              76.907378371015,
              46.568010565834925
            ],
            [
              76.93528364522399,
              46.56020742453302
            ]
          ],
          [
            [
              76.68196577330178,
              46.6657823765554
            ],
            [
              76.70160281821546,
              46.671156725102776
            ],
            [
              76.72237674289232,
              46.68371409822703
            ]
          ],
          [
            [
              75.40276736821943,
              46.67947663034221
            ],
            [
              75.6361381368655,
              46.669942328275795
            ]
          ],
          [
            [
              74.1843404480532,
              45.95585154950936
            ],
            [
              74.76187625538483,
              46.39951955788126
            ],
            [
              75.40276736821943,
              46.67947663034221
            ]
          ],
          [
            [
              76.59721642369897,
              46.675755927294176
            ],
            [
              76.60961876809165,
              46.67503245688238
            ],
            [
              76.66057173010125,
              46.66604075807447
            ],
            [
              76.68196577330178,
              46.6657823765554
            ]
          ],
          [
            [
              76.52021854035331,
              46.61358917929715
            ],
            [
              76.52435265455131,
              46.62537140606554
            ],
            [
              76.52466271381314,
              46.63942739505819
            ],
            [
              76.52600630094997,
              46.64617117006344
            ],
            [
              76.53003706236052,
              46.650124417108145
            ],
            [
              76.53809858608082,
              46.65578298649558
            ],
            [
              76.54802046087553,
              46.66095062946795
            ],
            [
              76.59721642369897,
              46.675755927294176
            ]
          ],
          [
            [
              76.40704715440262,
              46.662630113389014
            ],
            [
              76.49024621039428,
              46.629092109113515
            ],
            [
              76.51040001834616,
              46.61519114795311
            ],
            [
              76.52021854035331,
              46.61358917929715
            ]
          ],
          [
            [
              76.40208621610594,
              46.64459503803056
            ],
            [
              76.40704715440262,
              46.662630113389014
            ]
          ],
          [
            [
              76.38213911282975,
              46.65480113456471
            ],
            [
              76.39030399023693,
              46.646248684429224
            ],
            [
              76.40208621610594,
              46.64459503803056
            ]
          ],
          [
            [
              76.3284989774458,
              46.649891873111414
            ],
            [
              76.38213911282975,
              46.65480113456471
            ]
          ],
          [
            [
              77.01920617072818,
              46.6468688011542
            ],
            [
              77.06271772664172,
              46.63560333922271
            ],
            [
              77.10075158122044,
              46.61051443139587
            ],
            [
              77.13392785029004,
              46.57385000327503
            ],
            [
              77.13547814300188,
              46.56615021386125
            ],
            [
              77.1325842631532,
              46.55994904211457
            ],
            [
              77.13403120307754,
              46.55400625278634
            ],
            [
              77.14819054575707,
              46.547184964314624
            ],
            [
              77.15966271416289,
              46.546616523533714
            ]
          ],
          [
            [
              76.93218305890099,
              46.635293280860196
            ],
            [
              76.94417199124439,
              46.63596507442861
            ],
            [
              76.9693900902804,
              46.64211457023123
            ],
            [
              77.01920617072818,
              46.6468688011542
            ]
          ],
          [
            [
              77.46290001842107,
              46.64211457023123
            ],
            [
              77.4916321149301,
              46.64017670299245
            ]
          ],
          [
            [
              77.15966271416289,
              46.546616523533714
            ],
            [
              77.22766889780138,
              46.55855377903367
            ],
            [
              77.24048465424335,
              46.57116282810199
            ],
            [
              77.25050988182556,
              46.5868207875493
            ],
            [
              77.26363569483141,
              46.60118683490447
            ],
            [
              77.2835827981076,
              46.611754665745195
            ],
            [
              77.3070438979575,
              46.6179816759136
            ],
            [
              77.3892094260741,
              46.62358856935697
            ],
            [
              77.46290001842107,
              46.64211457023123
            ]
          ]
        ]
      },
      "properties": {
        "FEATURECLA": "Admin-1 boundary",
        "NAME": "Qaraghandy - Almaty",
        "ADM0_A3": "KAZ",
        "ADM0_NAME": "Kazakhstan",
        "SHAPE_LENG": 474.811068958,
        "MAPCOLOR13": 1,
        "MAPCOLOR9": 6,
        "SOV_A3": "KAZ",
        "NAME_L": "Qaraghandy",
        "NAME_R": "Almaty",
        "NAME_ALT_L": "Karaganda|Karagandinskaya Oblast'",
        "NAME_ALT_R": "Alma-Ata|Alma-Atinskaya Oblast'|Almatinskaya Oblast'",
        "NAME_LOC_L": "",
        "NAME_LOC_R": "",
        "NAME_LEN_L": 10,
        "NAME_LEN_R": 6,
        "NOTE": "Kazakhstan_16",
        "TYPE": "",
        "MIN_ZOOM": 6.0,
        "MIN_LABEL": 11.0,
        "SCALERANK": 4,
        "FCLASS_ISO": "",
        "FCLASS_US": "",
        "FCLASS_FR": "",
        "FCLASS_RU": "",
        "FCLASS_ES": "",
        "FCLASS_CN": "",
        "FCLASS_TW": "",
        "FCLASS_IN": "",
        "FCLASS_NP": "",
        "FCLASS_PK": "",
        "FCLASS_DE": "",
        "FCLASS_GB": "",
        "FCLASS_BR": "",
        "FCLASS_IL": "",
        "FCLASS_PS": "",
        "FCLASS_SA": "",
        "FCLASS_EG": "",
        "FCLASS_MA": "",
        "FCLASS_PT": "",
        "FCLASS_AR": "",
        "FCLASS_JP": "",
        "FCLASS_KO": "",
        "FCLASS_VN": "",
        "FCLASS_TR": "",
        "FCLASS_ID": "",
        "FCLASS_PL": "",
        "FCLASS_GR": "",
        "FCLASS_IT": "",
        "FCLASS_NL": "",
        "FCLASS_SE": "",
        "FCLASS_BD": "",
        "FCLASS_UA": "",
        "ne_id": 1746742107,
        "BRK_A3": "",
        "FCLASS_OSM": "",
        "FCLASS_TLC": ""
      }
    },
    {
      "type": "Feature",
      "geometry": {
        "type": "LineString",
        "coordinates": [
          [
            74.1843404480532,
            45.95585154950936
          ],
          [
            69.1707963397792,
            45.9368862981641
          ]
        ]
      },
      "properties": {
        "FEATURECLA": "Admin-1 boundary",
        "NAME": "Zhambyl - Qaraghandy",
        "ADM0_A3": "KAZ",
        "ADM0_NAME": "Kazakhstan",
        "SHAPE_LENG": 558.107108635,
        "MAPCOLOR13": 1,
        "MAPCOLOR9": 6,
        "SOV_A3": "KAZ",
        "NAME_L": "Zhambyl",
        "NAME_R": "Qaraghandy",
        "NAME_ALT_L": "Dzhambul",
        "NAME_ALT_R": "Karaganda|Karagandinskaya Oblast'",
        "NAME_LOC_L": "",
        "NAME_LOC_R": "",
        "NAME_LEN_L": 7,
        "NAME_LEN_R": 10,
        "NOTE": "Kazakhstan_15",
        "TYPE": "",
        "MIN_ZOOM": 6.0,
        "MIN_LABEL": 11.0,
        "SCALERANK": 4,
        "FCLASS_ISO": "",
        "FCLASS_US": "",
        "FCLASS_FR": "",
        "FCLASS_RU": "",
        "FCLASS_ES": "",
        "FCLASS_CN": "",
        "FCLASS_TW": "",
        "FCLASS_IN": "",
        "FCLASS_NP": "",
        "FCLASS_PK": "",
        "FCLASS_DE": "",
        "FCLASS_GB": "",
        "FCLASS_BR": "",
        "FCLASS_IL": "",
        "FCLASS_PS": "",
        "FCLASS_SA": "",
        "FCLASS_EG": "",
        "FCLASS_MA": "",
        "FCLASS_PT": "",
        "FCLASS_AR": "",
        "FCLASS_JP": "",
        "FCLASS_KO": "",
        "FCLASS_VN": "",
        "FCLASS_TR": "",
        "FCLASS_ID": "",
        "FCLASS_PL": "",
        "FCLASS_GR": "",
        "FCLASS_IT": "",
        "FCLASS_NL": "",
        "FCLASS_SE": "",
        "FCLASS_BD": "",
        "FCLASS_UA": "",
        "ne_id": 1746742109,
        "BRK_A3": "",
        "FCLASS_OSM": "",
        "FCLASS_TLC": ""
      }
    },
    {
      "type": "Feature",
      "geometry": {
        "type": "MultiLineString",
        "coordinates": [
          [
            [
              74.1843404480532,
              45.95585154950936
            ],
            [
              74.05638960179863,
              45.77679271071503
            ],
            [
              74.03044803325008,
              45.53582550724133
            ],
            [
              74.05308230990067,
              45.370822659238286
            ],
            [
              74.07065229726567,
              45.316872463693244
            ],
            [
              74.09411339711556,
              45.26933014636916
            ],
            [
              73.84678999226429,
              45.25832306595669
            ],
            [
              73.81320031114541,
              45.17217845327298
            ],
            [
              73.89981001182258,
              45.07763642008467
            ],
            [
              73.99747846885623,
              45.07585358337616
            ],
            [
              74.09463016105303,
              45.059937242409774
            ],
            [
              74.11158003079373,
              44.97363760009512
            ],
            [
              74.1556083524435,
              44.90759512031855
            ],
            [
              74.5395642430953,
              44.65533661649164
            ],
            [
              74.55744428882286,
              44.516662909765444
            ],
            [
              74.6105676611686,
              44.4128707953509
            ],
            [
              74.75867231627433,
              44.31341950070936
            ],
            [
              74.9786072117534,
              44.291121120843
            ],
            [
              75.14882937957219,
              44.22076365791645
            ],
            [
              75.2472213070177,
              44.15115550382342
            ],
            [
              75.32649295438631,
              44.0783434115192
            ],
            [
              75.31843143066595,
              43.96690318543364
            ],
            [
              75.27295617089055,
              43.87711538316836
            ],
            [
              75.01798465436826,
              43.562715968866826
            ],
            [
              75.10263065028425,
              43.53643850443342
            ],
            [
              75.18324588389038,
              43.52230499927629
            ]
          ],
          [
            [
              75.22262332560598,
              43.53372549083872
            ],
            [
              75.25424930196368,
              43.50359813124874
            ],
            [
              75.3439595889638,
              43.50333974883034
            ],
            [
              75.4281921728305,
              43.468483994940414
            ],
            [
              75.3602893410802,
              43.39673126893291
            ],
            [
              75.29714074115225,
              43.297719224762375
            ],
            [
              75.31398725810544,
              43.25183055293763
            ],
            [
              75.32215213371398,
              43.219894518217416
            ],
            [
              75.33558800598166,
              43.19508983033137
            ],
            [
              75.36535363126501,
              43.15777944616451
            ],
            [
              75.45154992079216,
              43.10620636742988
            ],
            [
              75.56813195232769,
              43.070497951918924
            ],
            [
              75.65112430184502,
              43.01706452121067
            ],
            [
              75.58260135336974,
              42.98027090098128
            ],
            [
              75.7734940939772,
              42.95975535692418
            ],
            [
              75.80677371583431,
              42.936966051542015
            ],
            [
              75.80705855990459,
              42.93677099488548
            ]
          ],
          [
            [
              75.18324588389038,
              43.52230499927629
            ],
            [
              75.22262332560598,
              43.53372549083872
            ]
          ]
        ]
      },
      "properties": {
        "FEATURECLA": "Admin-1 boundary",
        "NAME": "Almaty - Zhambyl",
        "ADM0_A3": "KAZ",
        "ADM0_NAME": "Kazakhstan",
        "SHAPE_LENG": 503.28224412,
        "MAPCOLOR13": 1,
        "MAPCOLOR9": 6,
        "SOV_A3": "KAZ",
        "NAME_L": "Almaty",
        "NAME_R": "Zhambyl",
        "NAME_ALT_L": "Alma-Ata|Alma-Atinskaya Oblast'|Almatinskaya Oblast'",
        "NAME_ALT_R": "Dzhambul",
        "NAME_LOC_L": "",
        "NAME_LOC_R": "",
        "NAME_LEN_L": 6,
        "NAME_LEN_R": 7,
        "NOTE": "Kazakhstan_14",
        "TYPE": "",
        "MIN_ZOOM": 6.0,
        "MIN_LABEL": 11.0,
        "SCALERANK": 4,
        "FCLASS_ISO": "",
        "FCLASS_US": "",
        "FCLASS_FR": "",
        "FCLASS_RU": "",
        "FCLASS_ES": "",
        "FCLASS_CN": "",
        "FCLASS_TW": "",
        "FCLASS_IN": "",
        "FCLASS_NP": "",
        "FCLASS_PK": "",
        "FCLASS_DE": "",
        "FCLASS_GB": "",
        "FCLASS_BR": "",
        "FCLASS_IL": "",
        "FCLASS_PS": "",
        "FCLASS_SA": "",
        "FCLASS_EG": "",
        "FCLASS_MA": "",
        "FCLASS_PT": "",
        "FCLASS_AR": "",
        "FCLASS_JP": "",
        "FCLASS_KO": "",
        "FCLASS_VN": "",
        "FCLASS_TR": "",
        "FCLASS_ID": "",
        "FCLASS_PL": "",
        "FCLASS_GR": "",
        "FCLASS_IT": "",
        "FCLASS_NL": "",
        "FCLASS_SE": "",
        "FCLASS_BD": "",
        "FCLASS_UA": "",
        "ne_id": 1746742117,
        "BRK_A3": "",
        "FCLASS_OSM": "",
        "FCLASS_TLC": ""
      }
    },
    {
      "type": "Feature",
      "geometry": {
        "type": "MultiLineString",
        "coordinates": [
          [
            [
              77.7328577008222,
              50.20256907850012
            ],
            [
              77.67032921671995,
              50.12500275347429
            ],
            [
              77.44843061737907,
              49.9860448268073
            ],
            [
              77.33091840985668,
              49.94971629547064
            ],
            [
              77.24513553327819,
              49.93379995450425
            ],
            [
              77.1940792166825,
              49.89951264139523
            ],
            [
              77.18539757713643,
              49.87519887992437
            ],
            [
              77.1937691592193,
              49.84124746449885
            ],
            [
              77.19904015497912,
              49.80021637638464
            ],
            [
              77.19583621586861,
              49.74879832638163
            ],
            [
              77.16917117690826,
              49.64495453602302
            ],
            [
              76.97197391086723,
              49.54547740295976
            ],
            [
              76.76929894439075,
              49.49163056110149
            ],
            [
              76.63008263530531,
              49.35233673854964
            ],
            [
              76.69230106014578,
              49.2832970243382
            ],
            [
              76.804748976584,
              49.242033393126576
            ],
            [
              76.90355431517946,
              49.17317454696774
            ],
            [
              76.90779178306428,
              49.13219513569692
            ],
            [
              77.04659468010038,
              49.0531818707467
            ],
            [
              76.97941531786262,
              49.00863678605879
            ],
            [
              76.88546756387694,
              48.982591864722735
            ],
            [
              76.88825809093811,
              48.862547512557626
            ],
            [
              76.9716638534041,
              48.80474742275533
            ]
          ],
          [
            [
              77.19511274635613,
              48.82311839489796
            ],
            [
              77.36130415186506,
              48.816503811101995
            ],
            [
              77.37339643699596,
              48.713926093514374
            ],
            [
              77.35386274576905,
              48.66181041152123
            ],
            [
              77.3472481628724,
              48.612950344582714
            ],
            [
              77.25753787587223,
              48.54427236647649
            ],
            [
              77.12679650255649,
              48.48996043572549
            ],
            [
              77.02096316901498,
              48.48613637989001
            ],
            [
              76.98809695830795,
              48.451254788477684
            ],
            [
              76.9717672061916,
              48.40709727651807
            ],
            [
              76.92660200387934,
              48.38330027898468
            ],
            [
              76.95264692611471,
              48.35058909790854
            ],
            [
              77.03078169102218,
              48.3201000031126
            ],
            [
              77.05568973169574,
              48.281135973446396
            ],
            [
              77.15707889177742,
              48.27622671199316
            ],
            [
              77.24802941312686,
              48.24961334897682
            ],
            [
              77.14891401616887,
              48.22320669243487
            ],
            [
              77.1713415872444,
              48.14827586483926
            ],
            [
              77.28978396985428,
              48.101095282721076
            ],
            [
              77.4092598821378,
              48.07114879028444
            ],
            [
              77.27107710182673,
              48.019601549072206
            ],
            [
              77.2325264833105,
              47.93278514282008
            ],
            [
              77.1640035339359,
              47.85976634404153
            ],
            [
              77.0718127791364,
              47.62572378182705
            ],
            [
              77.09775434768494,
              47.60334788669559
            ],
            [
              77.11997521408483,
              47.55327342382941
            ],
            [
              77.15997277162609,
              47.42855235510706
            ],
            [
              76.98199913934877,
              47.39426504199804
            ],
            [
              76.98447960804742,
              47.356076157788436
            ],
            [
              76.96422244730809,
              47.30148000799596
            ],
            [
              76.92308800730564,
              47.26088817035276
            ],
            [
              76.87637251228159,
              47.24468760854626
            ],
            [
              76.93145958938851,
              47.2219758157313
            ],
            [
              77.0576534355576,
              47.127278753811424
            ],
            [
              77.26425581155644,
              47.088960680191235
            ]
          ],
          [
            [
              76.9716638534041,
              48.80474742275533
            ],
            [
              77.19511274635613,
              48.82311839489796
            ]
          ],
          [
            [
              77.26425581155644,
              47.088960680191235
            ],
            [
              77.31624230323968,
              47.16394318283159
            ],
            [
              77.58092898988093,
              47.17484691045655
            ]
          ]
        ]
      },
      "properties": {
        "FEATURECLA": "Admin-1 boundary",
        "NAME": "East Kazakhstan - Qaraghandy",
        "ADM0_A3": "KAZ",
        "ADM0_NAME": "Kazakhstan",
        "SHAPE_LENG": 625.810994508,
        "MAPCOLOR13": 1,
        "MAPCOLOR9": 6,
        "SOV_A3": "KAZ",
        "NAME_L": "East Kazakhstan",
        "NAME_R": "Qaraghandy",
        "NAME_ALT_L": "Shyghys Qazaqstan|Vostochno-Kazakhstan",
        "NAME_ALT_R": "Karaganda|Karagandinskaya Oblast'",
        "NAME_LOC_L": "",
        "NAME_LOC_R": "",
        "NAME_LEN_L": 15,
        "NAME_LEN_R": 10,
        "NOTE": "Kazakhstan_13",
        "TYPE": "",
        "MIN_ZOOM": 6.0,
        "MIN_LABEL": 11.0,
        "SCALERANK": 4,
        "FCLASS_ISO": "",
        "FCLASS_US": "",
        "FCLASS_FR": "",
        "FCLASS_RU": "",
        "FCLASS_ES": "",
        "FCLASS_CN": "",
        "FCLASS_TW": "",
        "FCLASS_IN": "",
        "FCLASS_NP": "",
        "FCLASS_PK": "",
        "FCLASS_DE": "",
        "FCLASS_GB": "",
        "FCLASS_BR": "",
        "FCLASS_IL": "",
        "FCLASS_PS": "",
        "FCLASS_SA": "",
        "FCLASS_EG": "",
        "FCLASS_MA": "",
        "FCLASS_PT": "",
        "FCLASS_AR": "",
        "FCLASS_JP": "",
        "FCLASS_KO": "",
        "FCLASS_VN": "",
        "FCLASS_TR": "",
        "FCLASS_ID": "",
        "FCLASS_PL": "",
        "FCLASS_GR": "",
        "FCLASS_IT": "",
        "FCLASS_NL": "",
        "FCLASS_SE": "",
        "FCLASS_BD": "",
        "FCLASS_UA": "",
        "ne_id": 1746742121,
        "BRK_A3": "",
        "FCLASS_OSM": "",
        "FCLASS_TLC": ""
      }
    },
    {
      "type": "Feature",
      "geometry": {
        "type": "MultiLineString",
        "coordinates": [
          [
            [
              78.94839074113975,
              47.0573863797776
            ],
            [
              78.80462690580703,
              47.068729356074925
            ],
            [
              78.73662072126922,
              47.135211087221876
            ],
            [
              78.63988244022238,
              47.14564972595406
            ],
            [
              78.5620577327781,
              47.194173896108396
            ],
            [
              78.2752535343231,
              47.30429637347885
            ]
          ],
          [
            [
              78.2752535343231,
              47.30429637347885
            ],
            [
              78.11009565578985,
              47.213862616966196
            ]
          ],
          [
            [
              78.11009565578985,
              47.213862616966196
            ],
            [
              78.04622358634941,
              47.25964793600343
            ]
          ],
          [
            [
              78.04622358634941,
              47.25964793600343
            ],
            [
              77.94803836537824,
              47.23179433953709
            ],
            [
              77.85109337785707,
              47.17980784785385
            ]
          ],
          [
            [
              77.85109337785707,
              47.17980784785385
            ],
            [
              77.6558598156779,
              47.20192536146624
            ]
          ],
          [
            [
              77.6558598156779,
              47.20192536146624
            ],
            [
              77.58092898988093,
              47.17484691045655
            ]
          ],
          [
            [
              79.49140669136568,
              46.86202362728852
            ],
            [
              79.30847212079169,
              47.03103139917971
            ],
            [
              79.04461225824906,
              47.06477610903016
            ]
          ],
          [
            [
              79.04461225824906,
              47.06477610903016
            ],
            [
              78.94839074113975,
              47.0573863797776
            ]
          ],
          [
            [
              81.26101443916502,
              46.49080597601494
            ],
            [
              81.23300581306779,
              46.51586904631938
            ],
            [
              81.16685997870502,
              46.54026032215614
            ],
            [
              81.05492882710365,
              46.54367096594228
            ],
            [
              80.7794934433677,
              46.59198843052161
            ],
            [
              80.34954552630495,
              46.73632070573598
            ],
            [
              80.27130740771065,
              46.770969754050896
            ],
            [
              80.26706993982583,
              46.81523061789869
            ],
            [
              80.01871300709956,
              46.87954193781013
            ]
          ],
          [
            [
              80.01871300709956,
              46.87954193781013
            ],
            [
              79.49140669136568,
              46.86202362728852
            ]
          ],
          [
            [
              82.2745959816192,
              45.54838288036564
            ],
            [
              82.12504438658914,
              45.587656969293676
            ],
            [
              82.13972049410546,
              45.688994452531915
            ],
            [
              82.08453006421104,
              45.80573151279907
            ],
            [
              81.98355431527938,
              45.90298655958202
            ],
            [
              81.91348107319294,
              46.063493557281845
            ],
            [
              81.6475541522023,
              46.310920314920565
            ],
            [
              81.60476606580124,
              46.39019196228918
            ],
            [
              81.41408003076879,
              46.44938731517243
            ],
            [
              81.41004927025756,
              46.47488963504861
            ],
            [
              81.37325565002817,
              46.49390656233794
            ]
          ],
          [
            [
              81.37325565002817,
              46.49390656233794
            ],
            [
              81.26101443916502,
              46.49080597601494
            ]
          ],
          [
            [
              82.29713742575154,
              45.55454491091888
            ],
            [
              82.29671349523159,
              45.55442902338069
            ],
            [
              82.2745959816192,
              45.54838288036564
            ]
          ]
        ]
      },
      "properties": {
        "FEATURECLA": "Admin-1 boundary",
        "NAME": "Almaty - East Kazakhstan",
        "ADM0_A3": "KAZ",
        "ADM0_NAME": "Kazakhstan",
        "SHAPE_LENG": 576.367271331,
        "MAPCOLOR13": 1,
        "MAPCOLOR9": 6,
        "SOV_A3": "KAZ",
        "NAME_L": "Almaty",
        "NAME_R": "East Kazakhstan",
        "NAME_ALT_L": "Alma-Ata|Alma-Atinskaya Oblast'|Almatinskaya Oblast'",
        "NAME_ALT_R": "Shyghys Qazaqstan|Vostochno-Kazakhstan",
        "NAME_LOC_L": "",
        "NAME_LOC_R": "",
        "NAME_LEN_L": 6,
        "NAME_LEN_R": 15,
        "NOTE": "Kazakhstan_11",
        "TYPE": "",
        "MIN_ZOOM": 6.0,
        "MIN_LABEL": 11.0,
        "SCALERANK": 4,
        "FCLASS_ISO": "",
        "FCLASS_US": "",
        "FCLASS_FR": "",
        "FCLASS_RU": "",
        "FCLASS_ES": "",
        "FCLASS_CN": "",
        "FCLASS_TW": "",
        "FCLASS_IN": "",
        "FCLASS_NP": "",
        "FCLASS_PK": "",
        "FCLASS_DE": "",
        "FCLASS_GB": "",
        "FCLASS_BR": "",
        "FCLASS_IL": "",
        "FCLASS_PS": "",
        "FCLASS_SA": "",
        "FCLASS_EG": "",
        "FCLASS_MA": "",
        "FCLASS_PT": "",
        "FCLASS_AR": "",
        "FCLASS_JP": "",
        "FCLASS_KO": "",
        "FCLASS_VN": "",
        "FCLASS_TR": "",
        "FCLASS_ID": "",
        "FCLASS_PL": "",
        "FCLASS_GR": "",
        "FCLASS_IT": "",
        "FCLASS_NL": "",
        "FCLASS_SE": "",
        "FCLASS_BD": "",
        "FCLASS_UA": "",
        "ne_id": 1746742129,
        "BRK_A3": "",
        "FCLASS_OSM": "",
        "FCLASS_TLC": ""
      }
    },
    {
      "type": "Feature",
      "geometry": {
        "type": "MultiLineString",
        "coordinates": [
          [
            [
              76.9617682262226,
              43.19233568804157
            ],
            [
              77.00243960170621,
              43.22343732817012
            ],
            [
              77.03114880777122,
              43.288033041591575
            ],
            [
              77.03354124183483,
              43.37894552791374
            ],
            [
              76.99633568804154,
              43.401158385850806
            ]
          ],
          [
            [
              76.99633568804154,
              43.401158385850806
            ],
            [
              76.93784388828476,
              43.388515263268744
            ],
            [
              76.90195738002905,
              43.36459092443158
            ],
            [
              76.86846330583688,
              43.33109685113874
            ],
            [
              76.83736166660759,
              43.29042547565513
            ],
            [
              76.80865245964327,
              43.271286004945125
            ],
            [
              76.80865245964327,
              43.22343732817012
            ],
            [
              76.84453896789904,
              43.20190542339657
            ]
          ],
          [
            [
              76.9067422481562,
              43.2042978565608
            ],
            [
              76.9617682262226,
              43.19233568804157
            ]
          ],
          [
            [
              76.84453896789904,
              43.20190542339657
            ],
            [
              76.9067422481562,
              43.2042978565608
            ]
          ]
        ]
      },
      "properties": {
        "FEATURECLA": "Admin-1 boundary",
        "NAME": "Almaty City - Almaty",
        "ADM0_A3": "KAZ",
        "ADM0_NAME": "Kazakhstan",
        "SHAPE_LENG": 68.5303808179,
        "MAPCOLOR13": 1,
        "MAPCOLOR9": 6,
        "SOV_A3": "KAZ",
        "NAME_L": "Almaty City",
        "NAME_R": "Almaty",
        "NAME_ALT_L": "Alma-Ata",
        "NAME_ALT_R": "Alma-Ata|Alma-Atinskaya Oblast'|Almatinskaya Oblast'",
        "NAME_LOC_L": "Алматы қаласы",
        "NAME_LOC_R": "",
        "NAME_LEN_L": 11,
        "NAME_LEN_R": 6,
        "NOTE": "",
        "TYPE": "",
        "MIN_ZOOM": 6.0,
        "MIN_LABEL": 11.0,
        "SCALERANK": 0,
        "FCLASS_ISO": "",
        "FCLASS_US": "",
        "FCLASS_FR": "",
        "FCLASS_RU": "",
        "FCLASS_ES": "",
        "FCLASS_CN": "",
        "FCLASS_TW": "",
        "FCLASS_IN": "",
        "FCLASS_NP": "",
        "FCLASS_PK": "",
        "FCLASS_DE": "",
        "FCLASS_GB": "",
        "FCLASS_BR": "",
        "FCLASS_IL": "",
        "FCLASS_PS": "",
        "FCLASS_SA": "",
        "FCLASS_EG": "",
        "FCLASS_MA": "",
        "FCLASS_PT": "",
        "FCLASS_AR": "",
        "FCLASS_JP": "",
        "FCLASS_KO": "",
        "FCLASS_VN": "",
        "FCLASS_TR": "",
        "FCLASS_ID": "",
        "FCLASS_PL": "",
        "FCLASS_GR": "",
        "FCLASS_IT": "",
        "FCLASS_NL": "",
        "FCLASS_SE": "",
        "FCLASS_BD": "",
        "FCLASS_UA": "",
        "ne_id": 1746745697,
        "BRK_A3": "",
        "FCLASS_OSM": "",
        "FCLASS_TLC": ""
      }
    }
  ]
}